EF ID,IPCC 1996 Source/Sink Category,IPCC 2006 Source/Sink Category,Gas,Fuel 1996,Fuel 2006,C pool,Type of parameter,Description,Technologies / Practices,Parameters / Conditions,Region / Regional Conditions,Abatement / Control Technologies,Other properties,Value,Unit,Equation,IPCC Worksheet,Technical Reference,Source of data,Data provider
62662,6A - Solid Waste Disposal on Land,4.A - Solid Waste Disposal,METHANE,,,,1996 IPCC default,Municipal Solid Waste (MSW) Generation Rate,,,India,,,0.33,kg/cap/day,Equation 5.1 on Page 5.6 and Equation 5.3 on Page 5.7 of the IPCC Good Practice Guidance and Uncertainty Management in National Greenhouse Gas Inventories,Worksheet 6-1A (SUPPLEMENTAL),"A.D. Bhide, NEERI, India, 1995. (Personal Communication)",Revised 1996 IPCC Guidelines for National Greenhouse Gas Inventories (Table 6-1 on Pages 6.6 - 6.7 of the Reference Manual),IPCC
62686,6A - Solid Waste Disposal on Land,4.A - Solid Waste Disposal,METHANE,,,,1996 IPCC default,Fraction of Municipal Solid Waste (MSW) disposed to Solid Waste Disposal Sites (SWDS),,,India,,,0.6,fraction,Equation 5.1 on Page 5.6 and Equation 5.3 on Page 5.7 of the IPCC Good Practice Guidance and Uncertainty Management in National Greenhouse Gas Inventories,Worksheet 6-1A (SUPPLEMENTAL),"A.D. Bhide, NEERI, India, 1995. (Personal Communication)",Revised 1996 IPCC Guidelines for National Greenhouse Gas Inventories (Table 6-1 on Pages 6.6 - 6.7 of the Reference Manual),IPCC
62696,6A - Solid Waste Disposal on Land,4.A - Solid Waste Disposal,METHANE,,,,1996 IPCC default,Fraction of Degradable Organic Carbon (DOC) of Municipal Solid Waste (MSW),,,India,,,0.18,fraction,Equation 5.1 on Page 5.6 and Equation 5.3 on Page 5.7 of the IPCC Good Practice Guidance and Uncertainty Management in National Greenhouse Gas Inventories,"Worksheet 6-1, Sheet 1 of 1","A.D. Bhide, NEERI, India, 1995. (Personal Communication)",Revised 1996 IPCC Guidelines for National Greenhouse Gas Inventories (Table 6-1 on Pages 6.6 - 6.7 of the Reference Manual),IPCC
62729,6A - Solid Waste Disposal on Land,4.A - Solid Waste Disposal,METHANE,,,,1996 IPCC default,Municipal Solid Waste (MSW) disposal rate,,,India,,,0.2,kg/cap/day,See Page 6.5 of the IPCC Good Practice Guidance and Uncertainty Management in National Greenhouse Gas Inventories: Reference Manual,Worksheet 6-1B (SUPPLEMENTAL),"A.D. Bhide, NEERI, India, 1995. (Personal Communication)",Revised 1996 IPCC Guidelines for National Greenhouse Gas Inventories (Table 6-1 on Pages 6.6 - 6.7 of the Reference Manual),IPCC
43333,4C - Rice Cultivation,3.C.7 - Rice cultivations,METHANE,,,,1996 IPCC default,Representative Methane Emissions from Rice Paddy Fields in Various Locations of the World,Experimental Treatment: Not available,,"Country: India(Allahabad, Uttar Pradesh)",,,0.5,g/m2,Equation 4.41 on Page 4.77 of the IPCC Good Practice Guidance and Uncertainty Management in National Greenhouse Gas Inventories,"Worksheet 4-2, Sheet 1 of 1","Mitra, A.P. (1992), Greenhouse gas emission in India, 1991 methane campaign Council of Scientific and Industrial Research, and Ministry of Environment and Forest. Scientific Report No. 20. NPL, India.",Revised 1996 IPCC Guidelines for National Greenhouse Gas Inventories (Table 4-9 on Page 4.57 of the Reference Manual),IPCC
43334,4C - Rice Cultivation,3.C.7 - Rice cultivations,METHANE,,,,1996 IPCC default,Representative Methane Emissions from Rice Paddy Fields in Various Locations of the World,Experimental Treatment: Not available,,"Country: India(Barrackpore, West Benegal)",,,"1.8, 6.3",g/m2,Equation 4.41 on Page 4.77 of the IPCC Good Practice Guidance and Uncertainty Management in National Greenhouse Gas Inventories,"Worksheet 4-2, Sheet 1 of 1","Mitra, A.P. (1992), Greenhouse gas emission in India, 1991 methane campaign Council of Scientific and Industrial Research, and Ministry of Environment and Forest. Scientific Report No. 20. NPL, India.",Revised 1996 IPCC Guidelines for National Greenhouse Gas Inventories (Table 4-9 on Page 4.57 of the Reference Manual),IPCC
43335,4C - Rice Cultivation,3.C.7 - Rice cultivations,METHANE,,,,1996 IPCC default,Representative Methane Emissions from Rice Paddy Fields in Various Locations of the World,Experimental Treatment: Cultivars,,"Country: India(Cuttack, Orissa)",Use of cultivar as methane abatement strategy,,7-19,g/m2,Equation 4.41 on Page 4.77 of the IPCC Good Practice Guidance and Uncertainty Management in National Greenhouse Gas Inventories,"Worksheet 4-2, Sheet 1 of 1","Mitra, A.P. (1992), Greenhouse gas emission in India, 1991 methane campaign Council of Scientific and Industrial Research, and Ministry of Environment and Forest. Scientific Report No. 20. NPL, India.",Revised 1996 IPCC Guidelines for National Greenhouse Gas Inventories (Table 4-9 on Page 4.57 of the Reference Manual),IPCC
43336,4C - Rice Cultivation,3.C.7 - Rice cultivations,METHANE,,,,1996 IPCC default,Representative Methane Emissions from Rice Paddy Fields in Various Locations of the World,Experimental Treatment: Not available,,"Country: India(Faizabad, Uttar Pradesh)",,,2,g/m2,Equation 4.41 on Page 4.77 of the IPCC Good Practice Guidance and Uncertainty Management in National Greenhouse Gas Inventories,"Worksheet 4-2, Sheet 1 of 1","Mitra, A.P. (1992), Greenhouse gas emission in India, 1991 methane campaign Council of Scientific and Industrial Research, and Ministry of Environment and Forest. Scientific Report No. 20. NPL, India.",Revised 1996 IPCC Guidelines for National Greenhouse Gas Inventories (Table 4-9 on Page 4.57 of the Reference Manual),IPCC
43337,4C - Rice Cultivation,3.C.7 - Rice cultivations,METHANE,,,,1996 IPCC default,Representative Methane Emissions from Rice Paddy Fields in Various Locations of the World,Experimental Treatment: Not available,,"Country: India(Garagacha, West Benegal)",,,29,g/m2,Equation 4.41 on Page 4.77 of the IPCC Good Practice Guidance and Uncertainty Management in National Greenhouse Gas Inventories,"Worksheet 4-2, Sheet 1 of 1","Mitra, A.P. (1992), Greenhouse gas emission in India, 1991 methane campaign Council of Scientific and Industrial Research, and Ministry of Environment and Forest. Scientific Report No. 20. NPL, India.",Revised 1996 IPCC Guidelines for National Greenhouse Gas Inventories (Table 4-9 on Page 4.57 of the Reference Manual),IPCC
43338,4C - Rice Cultivation,3.C.7 - Rice cultivations,METHANE,,,,1996 IPCC default,Representative Methane Emissions from Rice Paddy Fields in Various Locations of the World,Experimental Treatment: Not available,,"Country: India(Jorhat, Assam)",,,46,g/m2,Equation 4.41 on Page 4.77 of the IPCC Good Practice Guidance and Uncertainty Management in National Greenhouse Gas Inventories,"Worksheet 4-2, Sheet 1 of 1","Mitra, A.P. (1992), Greenhouse gas emission in India, 1991 methane campaign Council of Scientific and Industrial Research, and Ministry of Environment and Forest. Scientific Report No. 20. NPL, India.",Revised 1996 IPCC Guidelines for National Greenhouse Gas Inventories (Table 4-9 on Page 4.57 of the Reference Manual),IPCC
43339,4C - Rice Cultivation,3.C.7 - Rice cultivations,METHANE,,,,1996 IPCC default,Representative Methane Emissions from Rice Paddy Fields in Various Locations of the World,Experimental Treatment: Not available,,"Country: India(Kalyani, West Bengal)",,,10.8,g/m2,Equation 4.41 on Page 4.77 of the IPCC Good Practice Guidance and Uncertainty Management in National Greenhouse Gas Inventories,"Worksheet 4-2, Sheet 1 of 1","Mitra, A.P. (1992), Greenhouse gas emission in India, 1991 methane campaign Council of Scientific and Industrial Research, and Ministry of Environment and Forest. Scientific Report No. 20. NPL, India.",Revised 1996 IPCC Guidelines for National Greenhouse Gas Inventories (Table 4-9 on Page 4.57 of the Reference Manual),IPCC
43340,4C - Rice Cultivation,3.C.7 - Rice cultivations,METHANE,,,,1996 IPCC default,Representative Methane Emissions from Rice Paddy Fields in Various Locations of the World,Experimental Treatment: Not available,,"Country: India(Koirapur, West Bengal)",,,19,g/m2,Equation 4.41 on Page 4.77 of the IPCC Good Practice Guidance and Uncertainty Management in National Greenhouse Gas Inventories,"Worksheet 4-2, Sheet 1 of 1","Mitra, A.P. (1992), Greenhouse gas emission in India, 1991 methane campaign Council of Scientific and Industrial Research, and Ministry of Environment and Forest. Scientific Report No. 20. NPL, India.",Revised 1996 IPCC Guidelines for National Greenhouse Gas Inventories (Table 4-9 on Page 4.57 of the Reference Manual),IPCC
43341,4C - Rice Cultivation,3.C.7 - Rice cultivations,METHANE,,,,1996 IPCC default,Representative Methane Emissions from Rice Paddy Fields in Various Locations of the World,Experimental Treatment: Not available,,"Country: India(Madras, Tamil Nadu)",,,11,g/m2,Equation 4.41 on Page 4.77 of the IPCC Good Practice Guidance and Uncertainty Management in National Greenhouse Gas Inventories,"Worksheet 4-2, Sheet 1 of 1","Mitra, A.P. (1992), Greenhouse gas emission in India, 1991 methane campaign Council of Scientific and Industrial Research, and Ministry of Environment and Forest. Scientific Report No. 20. NPL, India.",Revised 1996 IPCC Guidelines for National Greenhouse Gas Inventories (Table 4-9 on Page 4.57 of the Reference Manual),IPCC
43342,4C - Rice Cultivation,3.C.7 - Rice cultivations,METHANE,,,,1996 IPCC default,Representative Methane Emissions from Rice Paddy Fields in Various Locations of the World,Experimental Treatment: Mineral Fertiliser,,Country: India(New Delhi),Inorganic fertiliser management as methane abatement strategy,,0.06-0.58,g/m2,Equation 4.41 on Page 4.77 of the IPCC Good Practice Guidance and Uncertainty Management in National Greenhouse Gas Inventories,"Worksheet 4-2, Sheet 1 of 1","Mitra, A.P. (1992), Greenhouse gas emission in India, 1991 methane campaign Council of Scientific and Industrial Research, and Ministry of Environment and Forest. Scientific Report No. 20. NPL, India.",Revised 1996 IPCC Guidelines for National Greenhouse Gas Inventories (Table 4-9 on Page 4.57 of the Reference Manual),IPCC
43343,4C - Rice Cultivation,3.C.7 - Rice cultivations,METHANE,,,,1996 IPCC default,Representative Methane Emissions from Rice Paddy Fields in Various Locations of the World,Experimental Treatment: Not available,,"Country: India(Purulia, West Bengal)",,,11,g/m2,Equation 4.41 on Page 4.77 of the IPCC Good Practice Guidance and Uncertainty Management in National Greenhouse Gas Inventories,"Worksheet 4-2, Sheet 1 of 1","Mitra, A.P. (1992), Greenhouse gas emission in India, 1991 methane campaign Council of Scientific and Industrial Research, and Ministry of Environment and Forest. Scientific Report No. 20. NPL, India.",Revised 1996 IPCC Guidelines for National Greenhouse Gas Inventories (Table 4-9 on Page 4.57 of the Reference Manual),IPCC
43344,4C - Rice Cultivation,3.C.7 - Rice cultivations,METHANE,,,,1996 IPCC default,Representative Methane Emissions from Rice Paddy Fields in Various Locations of the World,Experimental Treatment: Not available,,"Country: India(Trivandrum, Kerala)",,,9,g/m2,Equation 4.41 on Page 4.77 of the IPCC Good Practice Guidance and Uncertainty Management in National Greenhouse Gas Inventories,"Worksheet 4-2, Sheet 1 of 1","Mitra, A.P. (1992), Greenhouse gas emission in India, 1991 methane campaign Council of Scientific and Industrial Research, and Ministry of Environment and Forest. Scientific Report No. 20. NPL, India.",Revised 1996 IPCC Guidelines for National Greenhouse Gas Inventories (Table 4-9 on Page 4.57 of the Reference Manual),IPCC
43384,4C1a - Continuously Flooded,3.C.7 - Rice cultivations,METHANE,,,,1996 IPCC default,Seasonally Integrated Methane Emission Factors for Continuously Flooded Rice without Organic Fertiliser in Various Locations of the World,Continuously flooded rice without organic fertiliser,Irrigated rice,India,,,10 (5-15),g/m2,Equation 4.41 on Page 4.77 of the IPCC Good Practice Guidance and Uncertainty Management in National Greenhouse Gas Inventories,"Worksheet 4-2, Sheet 1 of 1",,Revised 1996 IPCC Guidelines for National Greenhouse Gas Inventories (Table 4-13 on Page 4.70 of the Reference Manual),IPCC
14252,1A - Fuel Combustion Activities,1.A - Fuel Combustion Activities,CARBON DIOXIDE,Crude Oil,Crude Oil,,1996 IPCC default,1990 Country-Specific Net Calorific Values for Selected Countries,,,India,,,42.79,TJ/kt,,Not applicable,"OECD/IEA (1993), Energy Statistics and Balances of Non-OECD Countries: 1990-1991. International Energy Agency, OECD, Paris, France.",Revised 1996 IPCC Guidelines for National Greenhouse Gas Inventories(Table 1-2 on pages 1.16 - 1.22 of the Reference Manual),IPCC
14253,1A - Fuel Combustion Activities,1.A - Fuel Combustion Activities,CARBON DIOXIDE,Natural Gas Liquids,"Natural Gas Liquids
(NGLs)",,1996 IPCC default,1990 Country-Specific Net Calorific Values for Selected Countries,,,India,,,43,TJ/kt,,Not applicable,"OECD/IEA (1993), Energy Statistics and Balances of Non-OECD Countries: 1990-1991. International Energy Agency, OECD, Paris, France.",Revised 1996 IPCC Guidelines for National Greenhouse Gas Inventories(Table 1-2 on pages 1.16 - 1.22 of the Reference Manual),IPCC
14254,1A - Fuel Combustion Activities,1.A - Fuel Combustion Activities,CARBON DIOXIDE,Other Bituminous Coal,Other Bituminous Coal,,1996 IPCC default,1990 Country-Specific Net Calorific Values for Selected Countries,,"In the Revised 1996 IPCC Guidelines for National Greenhouse Gas Inventories, fuel type is specified as ""Hard Coal""",India,,Production,19.98,TJ/kt,,Not applicable,"OECD/IEA (1993), Energy Statistics and Balances of Non-OECD Countries: 1990-1991. International Energy Agency, OECD, Paris, France.",Revised 1996 IPCC Guidelines for National Greenhouse Gas Inventories(Table 1-2 on pages 1.16 - 1.22 of the Reference Manual),IPCC
14255,1A - Fuel Combustion Activities,1.A - Fuel Combustion Activities,CARBON DIOXIDE,Other Bituminous Coal,Other Bituminous Coal,,1996 IPCC default,1990 Country-Specific Net Calorific Values for Selected Countries,,"In the Revised 1996 IPCC Guidelines for National Greenhouse Gas Inventories, fuel type is specified as ""Hard Coal""",India,,Imports,25.75,TJ/kt,,Not applicable,"OECD/IEA (1993), Energy Statistics and Balances of Non-OECD Countries: 1990-1991. International Energy Agency, OECD, Paris, France.",Revised 1996 IPCC Guidelines for National Greenhouse Gas Inventories(Table 1-2 on pages 1.16 - 1.22 of the Reference Manual),IPCC
14256,1A - Fuel Combustion Activities,1.A - Fuel Combustion Activities,CARBON DIOXIDE,Other Bituminous Coal,Other Bituminous Coal,,1996 IPCC default,1990 Country-Specific Net Calorific Values for Selected Countries,,"In the Revised 1996 IPCC Guidelines for National Greenhouse Gas Inventories, fuel type is specified as ""Hard Coal""",India,,Exports,19.98,TJ/kt,,Not applicable,"OECD/IEA (1993), Energy Statistics and Balances of Non-OECD Countries: 1990-1991. International Energy Agency, OECD, Paris, France.",Revised 1996 IPCC Guidelines for National Greenhouse Gas Inventories(Table 1-2 on pages 1.16 - 1.22 of the Reference Manual),IPCC
14257,1A - Fuel Combustion Activities,1.A - Fuel Combustion Activities,CARBON DIOXIDE,Lignite/Brown Coal,Lignite,,1996 IPCC default,1990 Country-Specific Net Calorific Values for Selected Countries,,"In the Revised 1996 IPCC Guidelines for National Greenhouse Gas Inventories, fuel type is specified as ""Lignite and Sub-Bituminous Coal""",India,,Production,9.8,TJ/kt,,Not applicable,"OECD/IEA (1993), Energy Statistics and Balances of Non-OECD Countries: 1990-1991. International Energy Agency, OECD, Paris, France.",Revised 1996 IPCC Guidelines for National Greenhouse Gas Inventories(Table 1-2 on pages 1.16 - 1.22 of the Reference Manual),IPCC
14260,1A - Fuel Combustion Activities,1.A - Fuel Combustion Activities,CARBON DIOXIDE,Patent Fuel,Patent Fuel,,1996 IPCC default,1990 Country-Specific Net Calorific Values for Selected Countries,,"In the Revised 1996 IPCC Guidelines for National Greenhouse Gas Inventories, fuel type is specified as ""Coal Products""",India,,,20.1,TJ/kt,,Not applicable,"OECD/IEA (1993), Energy Statistics and Balances of Non-OECD Countries: 1990-1991. International Energy Agency, OECD, Paris, France.",Revised 1996 IPCC Guidelines for National Greenhouse Gas Inventories(Table 1-2 on pages 1.16 - 1.22 of the Reference Manual),IPCC
56210,5B1d - Dry,3.C.1.a - Burning in Forest Land,"NITROGEN OXIDES (NO+NO2)
METHANE
CARBON MONOXIDE
CARBON DIOXIDE
NITROUS OXIDE",,,,1996 IPCC default,Aboveground Biomass Estimates for Various Tropical Forest Types by Country,,Forest type is high to low volume; climatic zone is dry,Asia; India,,,44-81,t dm/ha,,"Worksheet 5-2, Sheet 1 of 5","Brown, S., L.R. Iverson, A. Prasad and D. Liu (1993) Geographical Distribution of Carbon in Biomass and Soils of Tropical Asian Forests. Geocarto International, 4:45-59.",Revised 1996 IPCC Guidelines for National Greenhouse Gas Inventories (Table 5-5 on Pages 5.27 to 5.29 of the Reference Manual),IPCC
56211,5B1d - Dry,3.C.1.a - Burning in Forest Land,"NITROGEN OXIDES (NO+NO2)
METHANE
CARBON MONOXIDE
CARBON DIOXIDE
NITROUS OXIDE",,,,1996 IPCC default,Aboveground Biomass Estimates for Various Tropical Forest Types by Country,,Forest type is forest fallow; climatic zone is dry,Asia; India,,,16,t dm/ha,,"Worksheet 5-2, Sheet 1 of 5","Brown, S., L.R. Iverson, A. Prasad and D. Liu (1993) Geographical Distribution of Carbon in Biomass and Soils of Tropical Asian Forests. Geocarto International, 4:45-59.",Revised 1996 IPCC Guidelines for National Greenhouse Gas Inventories (Table 5-5 on Pages 5.27 to 5.29 of the Reference Manual),IPCC
511538,5-FL-1 - Forest Land Remaining Forest Land,3.B.1.a - Forest land Remaining Forest land,CARBON DIOXIDE,,,,1996 IPCC default,Average Growing Stock Volume (aboveground) in Forest in 2000 (Source FRA2000),,,Asia; India,,,43,m3/ha,"Equation 3.2.3, IPCC Good Practice Guidance for LULUCF",Not applicable,See references in the IPCC Good Practice Guidance for LULUCF from pages 3.164 to 3.166.,"IPCC Good Practice Guidance for LULUCF, Table 3A.1.4 on page 3.160",IPCC
511714,5-FL - Forest Land,3.B.1 - Forest land,CARBON DIOXIDE,,,,1996 IPCC default,Aboveground Biomass Content (Dry Matter) in Forest in 2000 (Source FRA2000),,,Asia; India,,,73,t dm/ha,"Equation 3.2.9, IPCC Good Practice Guidance for LULUCF",Worksheet FL-1a of GPG-LULUCF,See references in the IPCC Good Practice Guidance for LULUCF from pages 3.164 to 3.166.,"IPCC Good Practice Guidance for LULUCF, Table 3A.1.4 on page 3.160",IPCC
511883,5-CL-2 - Land Converted to Cropland,3.B.2.b - Land Converted to Cropland,CARBON DIOXIDE,,,,1996 IPCC default,Aboveground Biomass Content (Dry Matter) in Forest in 2000 (Source FRA2000),,,Asia; India,,,73,t dm/ha,"Equation 3.3.8, IPCC Good Practice Guidance for LULUCF",Worksheet CL-2a of GPG-LULUCF,See references in the IPCC Good Practice Guidance for LULUCF from pages 3.164 to 3.166.,"IPCC Good Practice Guidance for LULUCF, Table 3A.1.4 on page 3.160",IPCC
512052,5-GL-2 - Land Converted to Grassland,3.B.3.b - Land Converted to Grassland,CARBON DIOXIDE,,,,1996 IPCC default,Aboveground Biomass Content (Dry Matter) in Forest in 2000 (Source FRA2000),,,Asia; India,,,73,t dm/ha,"Equation 3.4.13, IPCC Good Practice Guidance for LULUCF",Worksheet GL-2a of GPG-LULUCF,See references in the IPCC Good Practice Guidance for LULUCF from pages 3.164 to 3.166.,"IPCC Good Practice Guidance for LULUCF, Table 3A.1.4 on page 3.160",IPCC
513575,5-WL-1 - Wetlands Remaining Wetlands,3.B.4.a - Wetlands Remaining Wetlands,METHANE,,,,1996 & 2006 IPCC default,Default Reservoir Surface Area Data (International Commission on Large Dams (ICOLD)),,,India,,,4.57,Mha,"Equations 3a.3.8, 3a.3.9 and 3a.3.10 of the IPCC Good Practice Guidance for LULUCF",Worksheet WL-1d3 of GPG-LULUCF,International Commission on Large Dams (ICOLD). 1998. World register of Dams (1998). Paris. International Comittee on large Dams (Ed.). Metadatabase.,"IPCC Good Practice Guidance for LULUCF, Chapter3, Appendix 3a.3, Table 3a.3.6","Annette Freibauer, Germany"
614876,6B2 - Domestic and Commercial Wastewater,4.D.1 - Domestic Wastewaster Treatment and Discharge,METHANE,,,,2006 IPCC default,BOD5,,,India,,,34,g/person/day,"Equation 6.3 of Chapter 6, Volume 5 of 2006 IPCC Guidelines",4D1,"Table 6.4, p.6.14 in 2006 Guidelines","Table 6.4, p.6.14 in 2006 Guidelines",IPCC
614893,6B2 - Domestic and Commercial Wastewater,4.D.1 - Domestic Wastewaster Treatment and Discharge,METHANE,,,,Other (e.g. compiled),Urbanization,Fraction of population,"rural, urban-high, urban-low",India,,,"rural=0.71, urban-high=0.06, urban-low=0.23",fraction,"Equation 6.1 of Chapter 6, Volume 5 of 2006 IPCC Guidelines",4D1,"Table 6.5, p.6.15 in 2006 Guidelines","Table 6.5, p.6.15 in 2006 Guidelines",IPCC
614913,6B2 - Domestic and Commercial Wastewater,4.D.1 - Domestic Wastewaster Treatment and Discharge,METHANE,,,,Other (e.g. compiled),Degree of utilization of treatment or discharge pathway or method,Rural population,"septic tank, latrine, other, sewer, none",India,,,"septic tank=0.00, latrine=0.47, other=0.10, sewer=0.10, none=0.33",fraction,"Equation 6.1 of Chapter 6, Volume 5 of 2006 IPCC Guidelines",4D1,"Table 6.5, p.6.15 in 2006 Guidelines","Table 6.5, p.6.15 in 2006 Guidelines",IPCC
614933,6B2 - Domestic and Commercial Wastewater,4.D.1 - Domestic Wastewaster Treatment and Discharge,METHANE,,,,Other (e.g. compiled),Degree of utilization of treatment or discharge pathway or method,Urban high income,"septic tank, latrine, other, sewer, none",India,,,"septic tank=0.18, latrine=0.08, other=0.07, sewer=0.67, none=0.00",fraction,"Equation 6.1 of Chapter 6, Volume 5 of 2006 IPCC Guidelines",4D1,"Table 6.5, p.6.15 in 2006 Guidelines","Table 6.5, p.6.15 in 2006 Guidelines",IPCC
614953,6B2 - Domestic and Commercial Wastewater,4.D.1 - Domestic Wastewaster Treatment and Discharge,METHANE,,,,Other (e.g. compiled),Degree of utilization of treatment or discharge pathway or method,Urban low income,"septic tank, latrine, other, sewer, none",India,,,"septic tank=0.14, latrine=0.10, other=0.03, sewer=0.53, none=0.20",fraction,"Equation 6.1 of Chapter 6, Volume 5 of 2006 IPCC Guidelines",4D1,"Table 6.5, p.6.15 in 2006 Guidelines","Table 6.5, p.6.15 in 2006 Guidelines",IPCC
621750,6A1 - Managed Waste Disposal on Land,4.A.1 - Managed Waste Disposal Sites,METHANE,,,,Other (e.g. compiled),per capita waste generation,,,India,,,0.55,kg/capita/day,,,"India Second National Communication to the United Nations Framework Convention on Climate Change, 76p; NEERI (National Environmental Engineering and Research Institute), 2005. Assessment of Status of Municipal Solid Waste Management in Metro Cities, State Capitals, Class - I Cities and Class - II Towns. NEERI, Nagpur",National Communications,TFI TSU
622342,6A2 - Unmanaged Waste Disposal Sites,4.A.2 - Unmanaged Waste Disposal Sites,METHANE,,,,Modeled,Methane emission from landfill,Ghazipur landfill,L0 = 54.4 m3/Mg,"Delhi, India",,,10.4,Gg/yr,,,,Peer-reviewed journal,TFI TSU
622343,6A2 - Unmanaged Waste Disposal Sites,4.A.2 - Unmanaged Waste Disposal Sites,METHANE,,,,Modeled,Methane emission from landfill,Ghazipur landfill,L0 = 70.2 m3/Mg,"Delhi, India",,,13.3,Gg/yr,,,,Peer-reviewed journal,TFI TSU
622344,6A2 - Unmanaged Waste Disposal Sites,4.A.2 - Unmanaged Waste Disposal Sites,METHANE,,,,Modeled,Methane emission from landfill,Ghazipur landfill,L0 = 64.3 m3/Mg,"Delhi, India",,,12.3,Gg/yr,,,,Peer-reviewed journal,TFI TSU
622438,6A2 - Unmanaged Waste Disposal Sites,4.A.2 - Unmanaged Waste Disposal Sites,METHANE,,,,Modeled,Methane emission from landfill,Bhalswa landfill,L0 = 54.4 m3/Mg,"Delhi, India",,,8.1,Gg/yr,,,,Peer-reviewed journal,TFI TSU
622439,6A2 - Unmanaged Waste Disposal Sites,4.A.2 - Unmanaged Waste Disposal Sites,METHANE,,,,Modeled,Methane emission from landfill,Bhalswa landfill,L0 = 70.2 m3/Mg,"Delhi, India",,,10.5,Gg/yr,,,,Peer-reviewed journal,TFI TSU
622440,6A2 - Unmanaged Waste Disposal Sites,4.A.2 - Unmanaged Waste Disposal Sites,METHANE,,,,Modeled,Methane emission from landfill,Bhalswa landfill,L0 = 64.3 m3/Mg,"Delhi, India",,,9.6,Gg/yr,,,,Peer-reviewed journal,TFI TSU
622441,6A2 - Unmanaged Waste Disposal Sites,4.A.2 - Unmanaged Waste Disposal Sites,METHANE,,,,Modeled,Methane emission from landfill,Okhla landfill,L0 = 54.4 m3/Mg,"Delhi, India",,,5.7,Gg/yr,,,,Peer-reviewed journal,TFI TSU
622442,6A2 - Unmanaged Waste Disposal Sites,4.A.2 - Unmanaged Waste Disposal Sites,METHANE,,,,Modeled,Methane emission from landfill,Okhla landfill,L0 = 70.2 m3/Mg,"Delhi, India",,,7.3,Gg/yr,,,,Peer-reviewed journal,TFI TSU
622443,6A2 - Unmanaged Waste Disposal Sites,4.A.2 - Unmanaged Waste Disposal Sites,METHANE,,,,Modeled,Methane emission from landfill,Okhla landfill,L0 = 64.3 m3/Mg,"Delhi, India",,,6.7,Gg/yr,,,,Peer-reviewed journal,TFI TSU
122973,1B1a1 - Underground Mines,1.B.1.a.i.1 - Mining,METHANE,,,,Measured,Fugitive emissions from underground mining activities,Conventional Underground coal mining in Indian Degree-I Seams,"""Degree-I"" underground seam refers to a coal seams in which the percentage of methane in the general body of air does not exceed 0.1 and the rate of emission of methane does not exceed one cubic meter per tonne of coal produced. (Reg 2(12A), Coal Mines Regulations, 1957, DGMS, India)",India,None,,2.91,m3/tonnes of product,,,"Singh A.K., Singh H., Mendhe V.A., Kispotta J., Mondal B.K., Singh K.K., Singh P.K., Development of Country Emission Factors due to Venting and Flaring and Preparation of GHG Emission Estimates for the Period 1995 to 2007 Associated to Fugitive Emissions from Coal and Oil and Natural Gas Systems, CIMFR Project No. GC/MS/154/2007-08. Submitted to Ministry of Environment and Forests, Government of India, 2012.",Other,"Dr Ajay Kumar Singh, India"
122974,1B1a1 - Underground Mines,1.B.1.a.i.1 - Mining,METHANE,,,,Measured,Fugitive emissions from underground mining activities,Conventional Underground coal mining in Indian Degree-II Seams,,India,None,,13.08,m3/tonnes of product,,,"Singh A.K., Singh H., Mendhe V.A., Kispotta J., Mondal B.K., Singh K.K., Singh P.K., Development of Country Emission Factors due to Venting and Flaring and Preparation of GHG Emission Estimates for the Period 1995 to 2007 Associated to Fugitive Emissions from Coal and Oil and Natural Gas Systems, CIMFR Project No. GC/MS/154/2007-08. Submitted to Ministry of Environment and Forests, Government of India, 2012.",Other,"Dr Ajay Kumar Singh, India"
122975,1B1a1 - Underground Mines,1.B.1.a.i.1 - Mining,METHANE,,,,Measured,Fugitive emissions from underground mining activities,Conventional Underground coal mining in Indian Degree-III Seams,,India,None,,23.68,m3/tonnes of product,,,"Singh A.K., Singh H., Mendhe V.A., Kispotta J., Mondal B.K., Singh K.K., Singh P.K., Development of Country Emission Factors due to Venting and Flaring and Preparation of GHG Emission Estimates for the Period 1995 to 2007 Associated to Fugitive Emissions from Coal and Oil and Natural Gas Systems, CIMFR Project No. GC/MS/154/2007-08. Submitted to Ministry of Environment and Forests, Government of India, 2012.",Other,"Dr Ajay Kumar Singh, India"
122988,1A - Fuel Combustion Activities,1.A - Fuel Combustion Activities,CARBON DIOXIDE,Coking Coal,Coking Coal,,Other (e.g. compiled),EF of CO2 from Coking Coal,,,India,,,93.61,t CO2/TJ,,,"Choudhary, A., Roy, J., Biswas, S., Chakraborty, C. C. and Sen, K., 2004. Determination of carbon dioxide emission factors from coal combustion. In Climate Change and India: Uncertainty Reduction in Greenhouse Gas Inventory Estimates (eds Mitra, A. P., Sharma, S., Bhattacharya, S., Garg, A., Devotta, S. and Sen, K.). Universities Press, Hyderabad",National Communications,IPCC TFI TSU
122989,1A - Fuel Combustion Activities,1.A - Fuel Combustion Activities,CARBON DIOXIDE,Lignite/Brown Coal,Sub-Bituminous Coal,,Other (e.g. compiled),EF of CO2 from Non-coking coal,,,India,,,95.81,t CO2/TJ,,,"Choudhary, A., Roy, J., Biswas, S., Chakraborty, C. C. and Sen, K., 2004. Determination of carbon dioxide emission factors from coal combustion. In Climate Change and India: Uncertainty Reduction in Greenhouse Gas Inventory Estimates (eds Mitra, A. P., Sharma, S., Bhattacharya, S., Garg, A., Devotta, S. and Sen, K.). Universities Press, Hyderabad",National Communications,IPCC TFI TSU
122990,1A - Fuel Combustion Activities,1.A - Fuel Combustion Activities,CARBON DIOXIDE,Lignite/Brown Coal,Lignite,,Other (e.g. compiled),EF of CO2 from Lignite,,,India,,,106.51,t CO2/TJ,,,"Choudhary, A., Roy, J., Biswas, S., Chakraborty, C. C. and Sen, K., 2004. Determination of carbon dioxide emission factors from coal combustion. In Climate Change and India: Uncertainty Reduction in Greenhouse Gas Inventory Estimates (eds Mitra, A. P., Sharma, S., Bhattacharya, S., Garg, A., Devotta, S. and Sen, K.). Universities Press, Hyderabad",National Communications,IPCC TFI TSU
122991,1B1a1 - Underground Mines,1.B.1.a.i - Underground mines,METHANE,,,,Measured,EF of Underground mines,,During mining(Deg.I),India,,,2.91,m3 CH4/tonne of coal produced,,,"Proceedings of the workshop on uncertainty resuction in greenhouse gas inventories, Ministry of Environment & Forests Government of India",National Communications,IPCC TFI TSU
122992,1B1a1 - Underground Mines,1.B.1.a.i - Underground mines,METHANE,,,,Measured,EF of Underground mines,,During mining(Deg.II),India,,,13.08,m3 CH4/tonne of coal produced,,,"Proceedings of the workshop on uncertainty resuction in greenhouse gas inventories, Ministry of Environment & Forests Government of India",National Communications,IPCC TFI TSU
122993,1B1a1 - Underground Mines,1.B.1.a.i - Underground mines,METHANE,,,,Measured,EF of Underground mines,,During mining(Deg.III),India,,,23.64,m3 CH4/tonne of coal produced,,,"Proceedings of the workshop on uncertainty resuction in greenhouse gas inventories, Ministry of Environment & Forests Government of India",National Communications,IPCC TFI TSU
122994,1B1a1 - Underground Mines,1.B.1.a.i - Underground mines,METHANE,,,,Measured,EF of Underground mines,,Post mining(Deg.I),India,,,0.98,m3 CH4/tonne of coal produced,,,"Proceedings of the workshop on uncertainty resuction in greenhouse gas inventories, Ministry of Environment & Forests Government of India",National Communications,IPCC TFI TSU
122995,1B1a1 - Underground Mines,1.B.1.a.i - Underground mines,METHANE,,,,Measured,EF of Underground mines,,Post mining(Deg.II),India,,,2.15,m3 CH4/tonne of coal produced,,,"Proceedings of the workshop on uncertainty resuction in greenhouse gas inventories, Ministry of Environment & Forests Government of India",National Communications,IPCC TFI TSU
122996,1B1a1 - Underground Mines,1.B.1.a.i - Underground mines,METHANE,,,,Measured,EF of Underground mines,,Post mining(Deg.III),India,,,3.12,m3 CH4/tonne of coal produced,,,"Proceedings of the workshop on uncertainty resuction in greenhouse gas inventories, Ministry of Environment & Forests Government of India",National Communications,IPCC TFI TSU
122997,1B1a2 - Surface Mines,1.B.1.a.ii - Surface mines,METHANE,,,,Measured,EF of Surfacemining,,Mining,India,,,1.18,m3 CH4/tonne of coal produced,,,"Proceedings of the workshop on uncertainty resuction in greenhouse gas inventories, Ministry of Environment & Forests Government of India",National Communications,IPCC TFI TSU
122998,1B1a2 - Surface Mines,1.B.1.a.ii - Surface mines,METHANE,,,,Measured,EF of Surfacemining,,Post Mining,India,,,0.15,m3 CH4/tonne of coal produced,,,"Proceedings of the workshop on uncertainty resuction in greenhouse gas inventories, Ministry of Environment & Forests Government of India",National Communications,IPCC TFI TSU
122999,1A - Fuel Combustion Activities,1.A - Fuel Combustion Activities,CARBON DIOXIDE,Coking Coal,Coking Coal,,Measured,NCV of Coking coal,,,India,,,24.18,TJ/kt,,,"Proceedings of the workshop on uncertainty resuction in greenhouse gas inventories, Ministry of Environment & Forests Government of India",National Communications,IPCC TFI TSU
123000,1A - Fuel Combustion Activities,1.A - Fuel Combustion Activities,CARBON DIOXIDE,Lignite/Brown Coal,Sub-Bituminous Coal,,Measured,NCV of Non-coking coal,,,India,,,19.63,TJ/kt,,,"Proceedings of the workshop on uncertainty resuction in greenhouse gas inventories, Ministry of Environment & Forests Government of India",National Communications,IPCC TFI TSU
123001,1A - Fuel Combustion Activities,1.A - Fuel Combustion Activities,CARBON DIOXIDE,Lignite/Brown Coal,Lignite,,Measured,NCV of Lignite,,,India,,,9.69,TJ/kt,,,"Proceedings of the workshop on uncertainty resuction in greenhouse gas inventories, Ministry of Environment & Forests Government of India",National Communications,IPCC TFI TSU
123002,1A3 - Transport,1.A.3 - Transport,CARBON DIOXIDE,Motor Gasoline,Motor Gasoline,,Other (e.g. compiled),CO2 emission coefficients of gasoline,,2W/3W(two wheelers and three wheelers),India,,,43.9,t CO2/TJ,,,"Proceedings of the workshop on uncertainty resuction in greenhouse gas inventories, Ministry of Environment & Forests Government of India",National Communications,IPCC TFI TSU
123003,1A3 - Transport,1.A.3 - Transport,CARBON DIOXIDE,Motor Gasoline,Motor Gasoline,,Other (e.g. compiled),CO2 emission coefficients of gasoline,,Car/Taxi,India,,,61.5,t CO2/TJ,,,"Proceedings of the workshop on uncertainty resuction in greenhouse gas inventories, Ministry of Environment & Forests Government of India",National Communications,IPCC TFI TSU
123004,1A3 - Transport,1.A.3 - Transport,CARBON DIOXIDE,Diesel Oil,Diesel Oil,,Other (e.g. compiled),CO2 emission coefficients of diesel oil,,MCV(medium commercial vehicle)/HCV(Heavy Commercial Vehicles),India,,,71.4,t CO2/TJ,,,"Proceedings of the workshop on uncertainty resuction in greenhouse gas inventories, Ministry of Environment & Forests Government of India",National Communications,IPCC TFI TSU
123005,1A3 - Transport,1.A.3 - Transport,CARBON DIOXIDE,Diesel Oil,Diesel Oil,,Other (e.g. compiled),CO2 emission coefficients of diesel oil,,LCV(Light Commercial Vehicles),India,,,71.4,t CO2/TJ,,,"Proceedings of the workshop on uncertainty resuction in greenhouse gas inventories, Ministry of Environment & Forests Government of India",National Communications,IPCC TFI TSU
623169,"6A - Solid Waste Disposal on Land
6C - Waste Incineration","4.A - Solid Waste Disposal
4.C.1 - Waste Incineration",METHANE,,,,Measured,Solid waste composition (organic waste),Municipal solid waste,,"Bangalore, India",,Organic (Fermentable) waste,72,% (by weight),,,"Ramachandra TV, Bharath HA, Kulkarni G, Han SS (2018) Municipal solid waste: Generation, composition and GHG emissions in Bangalore, India. Renewable and Sustainable Energy Reviews 82: 1122-1136.",Peer-reviewed journal,TFI TSU
623170,"6A - Solid Waste Disposal on Land
6C - Waste Incineration","4.A - Solid Waste Disposal
4.C.1 - Waste Incineration",METHANE,,,,Measured,Solid waste composition (paper and cardboard),Municipal solid waste,,"Bangalore, India",,Paper and cardboard,11.6,% (by weight),,,"Ramachandra TV, Bharath HA, Kulkarni G, Han SS (2018) Municipal solid waste: Generation, composition and GHG emissions in Bangalore, India. Renewable and Sustainable Energy Reviews 82: 1122-1136.",Peer-reviewed journal,TFI TSU
623171,"6A - Solid Waste Disposal on Land
6C - Waste Incineration","4.A - Solid Waste Disposal
4.C.1 - Waste Incineration",METHANE,,,,Measured,"Solid waste composition (Cloth, rubber, PVC, leather)",Municipal solid waste,,"Bangalore, India",,"Cloth, rubber, PVC, leather",1.01,% (by weight),,,"Ramachandra TV, Bharath HA, Kulkarni G, Han SS (2018) Municipal solid waste: Generation, composition and GHG emissions in Bangalore, India. Renewable and Sustainable Energy Reviews 82: 1122-1136.",Peer-reviewed journal,TFI TSU
623172,"6A - Solid Waste Disposal on Land
6C - Waste Incineration","4.A - Solid Waste Disposal
4.C.1 - Waste Incineration",METHANE,,,,Measured,Solid waste composition (glass),Municipal solid waste,,"Bangalore, India",,Glass,1.43,% (by weight),,,"Ramachandra TV, Bharath HA, Kulkarni G, Han SS (2018) Municipal solid waste: Generation, composition and GHG emissions in Bangalore, India. Renewable and Sustainable Energy Reviews 82: 1122-1136.",Peer-reviewed journal,TFI TSU
623173,"6A - Solid Waste Disposal on Land
6C - Waste Incineration","4.A - Solid Waste Disposal
4.C.1 - Waste Incineration",METHANE,,,,Measured,Solid waste composition (polythene/plastics),Municipal solid waste,,"Bangalore, India",,Polythene/plastics,6.23,% (by weight),,,"Ramachandra TV, Bharath HA, Kulkarni G, Han SS (2018) Municipal solid waste: Generation, composition and GHG emissions in Bangalore, India. Renewable and Sustainable Energy Reviews 82: 1122-1136.",Peer-reviewed journal,TFI TSU
623174,"6A - Solid Waste Disposal on Land
6C - Waste Incineration","4.A - Solid Waste Disposal
4.C.1 - Waste Incineration",METHANE,,,,Measured,Solid waste composition (metals),Municipal solid waste,,"Bangalore, India",,Metals,0.23,% (by weight),,,"Ramachandra TV, Bharath HA, Kulkarni G, Han SS (2018) Municipal solid waste: Generation, composition and GHG emissions in Bangalore, India. Renewable and Sustainable Energy Reviews 82: 1122-1136.",Peer-reviewed journal,TFI TSU
623175,"6A - Solid Waste Disposal on Land
6C - Waste Incineration","4.A - Solid Waste Disposal
4.C.1 - Waste Incineration",METHANE,,,,Measured,Solid waste composition (other),Municipal solid waste,,"Bangalore, India",,Other (Dust and sweepings),6.53,% (by weight),,,"Ramachandra TV, Bharath HA, Kulkarni G, Han SS (2018) Municipal solid waste: Generation, composition and GHG emissions in Bangalore, India. Renewable and Sustainable Energy Reviews 82: 1122-1136.",Peer-reviewed journal,TFI TSU
623176,"6A - Solid Waste Disposal on Land
6C - Waste Incineration","4.A - Solid Waste Disposal
4.C.1 - Waste Incineration",METHANE,,,,Measured,Solid waste generation rate,Municipal solid waste,,"Bangalore, India",,Organic (Fermentable) waste,74.09,g/capita/d,,,"Ramachandra TV, Bharath HA, Kulkarni G, Han SS (2018) Municipal solid waste: Generation, composition and GHG emissions in Bangalore, India. Renewable and Sustainable Energy Reviews 82: 1122-1136.",Peer-reviewed journal,TFI TSU
623177,"6A - Solid Waste Disposal on Land
6C - Waste Incineration","4.A - Solid Waste Disposal
4.C.1 - Waste Incineration",METHANE,,,,Measured,Solid waste generation rate,Municipal solid waste,,"Bangalore, India",,paper,19.18,g/capita/d,,,"Ramachandra TV, Bharath HA, Kulkarni G, Han SS (2018) Municipal solid waste: Generation, composition and GHG emissions in Bangalore, India. Renewable and Sustainable Energy Reviews 82: 1122-1136.",Peer-reviewed journal,TFI TSU
623178,"6A - Solid Waste Disposal on Land
6C - Waste Incineration","4.A - Solid Waste Disposal
4.C.1 - Waste Incineration",METHANE,,,,Measured,Solid waste generation rate,Municipal solid waste,,"Bangalore, India",,Metal,10.66,g/capita/d,,,"Ramachandra TV, Bharath HA, Kulkarni G, Han SS (2018) Municipal solid waste: Generation, composition and GHG emissions in Bangalore, India. Renewable and Sustainable Energy Reviews 82: 1122-1136.",Peer-reviewed journal,TFI TSU
623179,"6A - Solid Waste Disposal on Land
6C - Waste Incineration","4.A - Solid Waste Disposal
4.C.1 - Waste Incineration",METHANE,,,,Measured,Solid waste generation rate,Municipal solid waste,,"Bangalore, India",,Glass,6.8,g/capita/d,,,"Ramachandra TV, Bharath HA, Kulkarni G, Han SS (2018) Municipal solid waste: Generation, composition and GHG emissions in Bangalore, India. Renewable and Sustainable Energy Reviews 82: 1122-1136.",Peer-reviewed journal,TFI TSU
623180,"6A - Solid Waste Disposal on Land
6C - Waste Incineration","4.A - Solid Waste Disposal
4.C.1 - Waste Incineration",METHANE,,,,Measured,Solid waste generation rate,Municipal solid waste,,"Bangalore, India",,Others,4.53,g/capita/d,,,"Ramachandra TV, Bharath HA, Kulkarni G, Han SS (2018) Municipal solid waste: Generation, composition and GHG emissions in Bangalore, India. Renewable and Sustainable Energy Reviews 82: 1122-1136.",Peer-reviewed journal,TFI TSU
523294,5-CL - Cropland,3.B.2 - Cropland,CARBON DIOXIDE,,,,Measured,BEF for expansion of stem volume to aboveground biomass,Agroforestry,"Tea (Camellia sinensis) plantation. Mean diameter: 10.90 cm, Mean height: 0.95m, mean crown area: 0.54 m2","India (Cachar District, latitude 24?22`and 25?8`N; longitude 92?24`and 93 ?15`E). The climate is sub-tropical, warm and humid climate with average rainfall of 2390 mm, most of which is received during the southwest monsoon season (MayeSeptember). The mean maximum temperature ranges from 25.4 ?C (January) to 33.5  ?C (August). The mean minimum temperature ranges from 11.2 ?C (January) to 25.3 ?C (August). Soil: silty clay and loamy soil while coarse sandy loamy is found in hillock land. In fact the soil of the region is mixture of alluvial, sandy loam, muddy loam superimposed upon stones, gravels and conglomerates.",,,4.23,dimensionless,Eq. 3.2.3; 3.2.5; 3.2.7; 3.2.8; GPG-LULUCF,,"Kalita, R. M., et al. (2015). ""Allometric equations for estimating above- and belowground biomass in Tea (Camellia sinensis (L.) O. Kuntze) agroforestry system of Barak Valley, Assam, northeast India."" Biomass & Bioenergy 83: 42-49.",Peer-reviewed journal,"Anatoli Poultouchidou, Bangladesh"
523295,5-CL - Cropland,3.B.2 - Cropland,CARBON DIOXIDE,,,,Measured,Root-to-Shoot ratio,Agroforestry,"Tea (Camellia sinensis) plantation. Mean diameter: 10.90 cm, Mean height: 0.95m, mean crown area: 0.54 m2","India (Cachar District, latitude 24?22`and 25?8`N; longitude 92?24`and 93 ?15`E). The climate is sub-tropical, warm and humid climate with average rainfall of 2390 mm, most of which is received during the southwest monsoon season (MayeSeptember). The mean maximum temperature ranges from 25.4 ?C (January) to 33.5  ?C (August). The mean minimum temperature ranges from 11.2 ?C (January) to 25.3 ?C (August). Soil: silty clay and loamy soil while coarse sandy loamy is found in hillock land. In fact the soil of the region is mixture of alluvial, sandy loam, muddy loam superimposed upon stones, gravels and conglomerates.",,,0.3,dimensionless,Eq. 3.2.5 GPG-LULUCF,,"Kalita, R. M., et al. (2015). ""Allometric equations for estimating above- and belowground biomass in Tea (Camellia sinensis (L.) O. Kuntze) agroforestry system of Barak Valley, Assam, northeast India."" Biomass & Bioenergy 83: 42-49.",Peer-reviewed journal,"Anatoli Poultouchidou, Bangladesh"
523296,5-CL - Cropland,3.B.2 - Cropland,CARBON DIOXIDE,,,,Measured,Wood density,Agroforestry,"Tea (Camellia sinensis) plantation. Mean diameter: 10.90 cm, Mean height: 0.95m, mean crown area: 0.54 m2","India (Cachar District, latitude 24?22`and 25?8`N; longitude 92?24`and 93 ?15`E). The climate is sub-tropical, warm and humid climate with average rainfall of 2390 mm, most of which is received during the southwest monsoon season (MayeSeptember). The mean maximum temperature ranges from 25.4 ?C (January) to 33.5  ?C (August). The mean minimum temperature ranges from 11.2 ?C (January) to 25.3 ?C (August). Soil: silty clay and loamy soil while coarse sandy loamy is found in hillock land. In fact the soil of the region is mixture of alluvial, sandy loam, muddy loam superimposed upon stones, gravels and conglomerates.",,,0.55,g/cm3,"Eq. 3.2.3., 3.2.5.,  3.2.7., 3.2.8 GPG-LULUCF",,"Kalita, R. M., et al. (2015). ""Allometric equations for estimating above- and belowground biomass in Tea (Camellia sinensis (L.) O. Kuntze) agroforestry system of Barak Valley, Assam, northeast India."" Biomass & Bioenergy 83: 42-49.",Peer-reviewed journal,"Anatoli Poultouchidou, Bangladesh"
423852,4C - Rice Cultivation,3.C.7 - Rice cultivations,METHANE,,,,Measured,Seasonal methane emission (i.e. EF x t in Equation 5.1 of the 2006 IPCC Guidelines) from rice cultivation as influenced by zero application of inorganic and organic amendments,No fertilization,,India,,,35.1,kg CH4/ha,"Volume 4, Chapter 5, Equation 5.1 on p.5.45 of the 2006 IPCC Guidelines",,,Peer-reviewed journal,TSU
423853,4C - Rice Cultivation,3.C.7 - Rice cultivations,METHANE,,,,Measured,Seasonal methane emission (i.e. EF x t in Equation 5.1 of the 2006 IPCC Guidelines) from rice cultivation as influenced by inorganic and organic amendments,"Fertilization at the rate of 100% NPK with N, P, and K at 120, 26 and 50 kg/ha",,India,,,35.9,kg CH4/ha,"Volume 4, Chapter 5, Equation 5.1 on p.5.45 of the 2006 IPCC Guidelines",,,Peer-reviewed journal,TSU
423854,4C - Rice Cultivation,3.C.7 - Rice cultivations,METHANE,,,,Measured,Seasonal methane emission (i.e. EF x t in Equation 5.1 of the 2006 IPCC Guidelines) from rice cultivation as influenced by inorganic and organic amendments,"Fertilization at the rate of 120, 26 and 50 kg/ha NPK with 25% of inorganic N substituted by N from farm yard manure (FYM)",,India,,,49.6,kg CH4/ha,"Volume 4, Chapter 5, Equation 5.1 on p.5.45 of the 2006 IPCC Guidelines",,,Peer-reviewed journal,TSU
423855,4C - Rice Cultivation,3.C.7 - Rice cultivations,METHANE,,,,Measured,Seasonal methane emission (i.e. EF x t in Equation 5.1 of the 2006 IPCC Guidelines) from rice cultivation as influenced by inorganic and organic amendments,"Fertilization at the rate of 120, 26 and 50 kg/ha NPK with 25% of inorganic N substituted by N from green manure (GM)",,India,,,46.0,kg CH4/ha,"Volume 4, Chapter 5, Equation 5.1 on p.5.45 of the 2006 IPCC Guidelines",,,Peer-reviewed journal,TSU
423856,4C - Rice Cultivation,3.C.7 - Rice cultivations,METHANE,,,,Measured,Seasonal methane emission (i.e. EF x t in Equation 5.1 of the 2006 IPCC Guidelines) from rice cultivation as influenced by inorganic and organic amendments,"Fertilization at the rate of 120, 26 and 50 kg/ha NPK plus residue of the previous crop at 2 tonnes/ha",,India,,,42.7,kg CH4/ha,"Volume 4, Chapter 5, Equation 5.1 on p.5.45 of the 2006 IPCC Guidelines",,,Peer-reviewed journal,TSU
423857,4C - Rice Cultivation,3.C.7 - Rice cultivations,METHANE,,,,Measured,Seasonal methane emission (i.e. EF x t in Equation 5.1 of the 2006 IPCC Guidelines) from rice cultivation as influenced by inorganic and organic amendments,Fertilization at the rate of 120 kg N/ha from organic source (50% farm yard manure +25% biofertilizer+25% residue of the previous crop),,India,,,57.1,kg CH4/ha,"Volume 4, Chapter 5, Equation 5.1 on p.5.45 of the 2006 IPCC Guidelines",,,Peer-reviewed journal,TSU
423858,4D - Agricultural Soils,3.C.4 - Direct N2O Emissions from managed soils,NITROUS OXIDE,,,,Measured,Direct N?O Emission Factor for N additions from mineral fertilisers (EF?fr) in rice system,"Fertilization at the rate of 100% NPK with N, P, and K at 120, 26 and 50 kg/ha",,India,,,569,g N?O-N/ha,"Volume 4, Chapter 11, Equation 11.2 on p.11.10 of the 2006 IPCC Guidelines",,,Peer-reviewed journal,TSU
423859,4D - Agricultural Soils,3.C.4 - Direct N2O Emissions from managed soils,NITROUS OXIDE,,,,Measured,Direct N?O Emission Factor for N additions from mineral fertilisers (EF?fr) in rice system,"Fertilization at the rate of 120, 26 and 50 kg/ha NPK with 25% of inorganic N substituted by N from farm yard manure (FYM)",,India,,,503,g N?O-N/ha,"Volume 4, Chapter 11, Equation 11.2 on p.11.10 of the 2006 IPCC Guidelines",,,Peer-reviewed journal,TSU
423860,4D - Agricultural Soils,3.C.4 - Direct N2O Emissions from managed soils,NITROUS OXIDE,,,,Measured,Direct N?O Emission Factor for N additions from mineral fertilisers (EF?fr) in rice system,"Fertilization at the rate of 120, 26 and 50 kg/ha NPK with 25% of inorganic N substituted by N from green manure (GM)",,India,,,579,g N?O-N/ha,"Volume 4, Chapter 11, Equation 11.2 on p.11.10 of the 2006 IPCC Guidelines",,,Peer-reviewed journal,TSU
423861,4D - Agricultural Soils,3.C.4 - Direct N2O Emissions from managed soils,NITROUS OXIDE,,,,Measured,Direct N?O Emission Factor for N additions from mineral fertilisers (EF?fr) in rice system,"Fertilization at the rate of 120, 26 and 50 kg/ha NPK plus residue of the previous crop at 2 tonnes/ha",,India,,,549,g N?O-N/ha,"Volume 4, Chapter 11, Equation 11.2 on p.11.10 of the 2006 IPCC Guidelines",,,Peer-reviewed journal,TSU
423862,4D - Agricultural Soils,3.C.4 - Direct N2O Emissions from managed soils,NITROUS OXIDE,,,,Measured,Direct N?O Emission Factor for N additions from mineral fertilisers (EF?fr) in rice system,Fertilization at the rate of 120 kg N/ha from organic source (50% farm yard manure +25% biofertilizer+25% residue of the previous crop),,India,,,537,g N?O-N/ha,"Volume 4, Chapter 11, Equation 11.2 on p.11.10 of the 2006 IPCC Guidelines",,,Peer-reviewed journal,TSU
224064,2A7 - Other (please specify),2.A.4.a - Ceramics,CARBON DIOXIDE,,,,Other (e.g. compiled),Carbonate content (percentage of CaCO3),Three soils samples used for brick making in Karad in Clamp kilns,,India,,,5.88 - 13.72,% (by weight),,,"Nitin G. Kulkarni, Anand B. Rao. Carbon footprint of solid clay bricks fired in clamps of India. Journal of Cleaner Production 135 (2016) 1396 - 1406, 2016",Peer-reviewed journal,TSU
424288,4C - Rice Cultivation,3.C.7 - Rice cultivations,METHANE,,,,Measured,Seasonal methane emission (i.e. EF x t in Equation 5.1 of the 2006 IPCC Guidelines) from rice cultivation,"Fertilization at the rate of 120, 26 and 50 kg/ha NPK",,Asia; Indo-Gangetic Plains (North-West India); Subtropical and semi-arid climate,,"The region received 583 mm and 502 mm rains during June to September in 2008 and 2009, respectively",28.64,kg CH4/ha,"Volume 4, Chapter 5, Equation 5.1 on p.5.45 of the 2006 IPCC Guidelines",,,Peer-reviewed journal,"Amit Garg, India"
424289,4D - Agricultural Soils,3.C.4 - Direct N2O Emissions from managed soils,NITROUS OXIDE,,,,Measured,Direct N?O Emission factor for flooded rice fields (EF?fr),"Fertilization at the rate of 120, 26 and 50 kg/ha NPK",,Asia; Indo-Gangetic Plains (North-West India); Subtropical and semi-arid climate,,"The region received 583 mm and 502 mm rains during June to September in 2008 and 2009, respectively",0.19,% of fertilized N,"Equation 11.2 in Vol. 4, Ch. 11, p. 11.10 of the 2006 IPCC Guidelines",,,Peer-reviewed journal,"Amit Garg, India"
424290,4D - Agricultural Soils,3.C.4 - Direct N2O Emissions from managed soils,NITROUS OXIDE,,,,Measured,Direct N?O emission factor (EF?) from maize cultivated during Kharif cropping season,"Fertilization at the rate of 120, 26 and 50 kg/ha NPK",,Asia; Indo-Gangetic Plains (North-West India); Subtropical and semi-arid climate,,Nitrogen (N) was applied as urea in three splits (50% basal +25% each as two top dressings),0.39,% of fertilized N,"Equation 11.2 in Vol. 4, Ch. 11, p. 11.10 of the 2006 IPCC Guidelines",,,Peer-reviewed journal,"Amit Garg, India"
424291,4D - Agricultural Soils,3.C.4 - Direct N2O Emissions from managed soils,NITROUS OXIDE,,,,Measured,Direct N?O emission factor (EF?) from wheat cultivated during Rabi cropping season,"Fertilization at the rate of 120, 26 and 50 kg/ha NPK",,Asia; Indo-Gangetic Plains (North-West India); Subtropical and semi-arid climate,,Nitrogen (N) was applied as urea in three splits (50% basal +25% each as two top dressings),0.49,% of fertilized N,"Equation 11.2 in Vol. 4, Ch. 11, p. 11.10 of the 2006 IPCC Guidelines",,,Peer-reviewed journal,"Amit Garg, India"
424292,4D - Agricultural Soils,3.C.4 - Direct N2O Emissions from managed soils,NITROUS OXIDE,,,,Measured,Direct N?O emission factor (EF?) from sorghum cultivated during Kharif cropping season,"Fertilization at the rate of 120, 26 and 50 kg/ha NPK",,Asia; Indo-Gangetic Plains (North-West India); Subtropical and semi-arid climate,,Nitrogen (N) was applied as urea in three splits (50% basal +25% each as two top dressings),0.42,% of fertilized N,"Equation 11.2 in Vol. 4, Ch. 11, p. 11.10 of the 2006 IPCC Guidelines",,,Peer-reviewed journal,"Amit Garg, India"
424293,4D - Agricultural Soils,3.C.4 - Direct N2O Emissions from managed soils,NITROUS OXIDE,,,,Measured,Direct N?O emission factor (EF?) from pearl millet cultivated during Kharif cropping season,"Fertilization at the rate of 120, 26 and 50 kg/ha NPK",,Asia; Indo-Gangetic Plains (North-West India); Subtropical and semi-arid climate,,Nitrogen (N) was applied as urea in three splits (50% basal +25% each as two top dressings),0.36,% of fertilized N,"Equation 11.2 in Vol. 4, Ch. 11, p. 11.10 of the 2006 IPCC Guidelines",,,Peer-reviewed journal,"Amit Garg, India"
424294,4D - Agricultural Soils,3.C.4 - Direct N2O Emissions from managed soils,NITROUS OXIDE,,,,Measured,Direct N?O emission factor (EF?) from mustard cultivated during Rabi cropping season,"Fertilization at the rate of 120, 26 and 50 kg/ha NPK",,Asia; Indo-Gangetic Plains (North-West India); Subtropical and semi-arid climate,,Nitrogen (N) was applied as urea in three splits (50% basal +25% each as two top dressings),0.48,% of fertilized N,"Equation 11.2 in Vol. 4, Ch. 11, p. 11.10 of the 2006 IPCC Guidelines",,,Peer-reviewed journal,"Amit Garg, India"
424295,4D - Agricultural Soils,3.C.4 - Direct N2O Emissions from managed soils,NITROUS OXIDE,,,,Measured,Direct N?O emission factor (EF?) from soybean cultivated during Kharif cropping season,"Fertilization at the rate of 120, 26 and 50 kg/ha NPK",,Asia; Indo-Gangetic Plains (North-West India); Subtropical and semi-arid climate,,Nitrogen (N) was applied as urea in three splits (50% basal +25% each as two top dressings),0.42,% of fertilized N,"Equation 11.2 in Vol. 4, Ch. 11, p. 11.10 of the 2006 IPCC Guidelines",,,Peer-reviewed journal,"Amit Garg, India"
424296,4D - Agricultural Soils,3.C.4 - Direct N2O Emissions from managed soils,NITROUS OXIDE,,,,Measured,Direct N?O emission factor (EF?) from groundnut cultivated during Kharif cropping season,"Fertilization at the rate of 120, 26 and 50 kg/ha NPK",,Asia; Indo-Gangetic Plains (North-West India); Subtropical and semi-arid climate,,Nitrogen (N) was applied as urea in three splits (50% basal +25% each as two top dressings),0.41,% of fertilized N,"Equation 11.2 in Vol. 4, Ch. 11, p. 11.10 of the 2006 IPCC Guidelines",,,Peer-reviewed journal,"Amit Garg, India"
424297,4D - Agricultural Soils,3.C.4 - Direct N2O Emissions from managed soils,NITROUS OXIDE,,,,Measured,Direct N?O emission factor (EF?) from chickpea cultivated during Rabi cropping season,"Fertilization at the rate of 120, 26 and 50 kg/ha NPK",,Asia; Indo-Gangetic Plains (North-West India); Subtropical and semi-arid climate,,Entire N was applied as basal,0.6,% of fertilized N,"Equation 11.2 in Vol. 4, Ch. 11, p. 11.10 of the 2006 IPCC Guidelines",,,Peer-reviewed journal,"Amit Garg, India"
424298,4D - Agricultural Soils,3.C.4 - Direct N2O Emissions from managed soils,NITROUS OXIDE,,,,Measured,Direct N?O emission factor (EF?) from pigeon pea cultivated during Kharif cropping season,"Fertilization at the rate of 120, 26 and 50 kg/ha NPK",,Asia; Indo-Gangetic Plains (North-West India); Subtropical and semi-arid climate,,Nitrogen (N) was applied as urea in three splits (50% basal +25% each as two top dressings),0.36,% of fertilized N,"Equation 11.2 in Vol. 4, Ch. 11, p. 11.10 of the 2006 IPCC Guidelines",,,Peer-reviewed journal,"Amit Garg, India"
424299,4D - Agricultural Soils,3.C.4 - Direct N2O Emissions from managed soils,NITROUS OXIDE,,,,Measured,Direct N?O emission factor (EF?) from green gram cultivated during Kharif cropping season,"Fertilization at the rate of 120, 26 and 50 kg/ha NPK",,Asia; Indo-Gangetic Plains (North-West India); Subtropical and semi-arid climate,,Nitrogen (N) was applied as urea in three splits (50% basal +25% each as two top dressings),0.38,% of fertilized N,"Equation 11.2 in Vol. 4, Ch. 11, p. 11.10 of the 2006 IPCC Guidelines",,,Peer-reviewed journal,"Amit Garg, India"
424300,4D - Agricultural Soils,3.C.4 - Direct N2O Emissions from managed soils,NITROUS OXIDE,,,,Measured,"Nitrous oxide emission factor for intermittently flooded rice (multiple aeration, water index based category = mild) with application of inorganic and organic N.",,Alfisols soil type,"India, Anantapur district of Andha Pradesh, Agro-ecological region 3.0",,"The equation [1] from study by Kritee et al. 2018 can be used to calculate N?O emissions under other fertilizer use rates and water management regimes (if daily water levels are known). In general, nitrous oxide emissions are inversely related to the total extent of flooding (measured as water index which is cumulative water levels relative to soil level) as well as number of long flooding events.",0.62,kg N2O/ha,"Volume 4, Chapter 11, Equation 11.2, page 11.10 of the 2006 IPCC Guidelines.",,"Kritee Kritee, Drishya Nair, Daniel Zavala-Araiza, Jeremy Proville, Joseph Rudek, Tapan K. Adhya, Terrance Loecke, Tashina Esteves, Shalini Balireddygari, Obulapathi Dava, Karthik Ram, Abhilash S. R., Murugan Madasamy, Ramakrishna V. Dokka, Daniel Anandaraj, D. Athiyaman, Malla Reddy, Richie Ahuja, and Steven P. Hamburg. High nitrous oxide fluxes from rice indicate the need to manage water for both long- and short-term climate impacts. Proceedings of National Academy of Sciences, 2018, 115 (39), 9720-9725.",Peer-reviewed journal,"Dr. K. Kritee, India"
424301,4D - Agricultural Soils,3.C.4 - Direct N2O Emissions from managed soils,NITROUS OXIDE,,,,Measured,"Nitrous oxide emission factor for intermittently flooded rice (multiple aeration, water index based category = mild) with application of organic N.",,Alfisols soil type,"India, Anantapur district of Andha Pradesh, Agro-ecological region 3.0",,"The equation [1] from study by Kritee et al. 2018 can be used to calculate N?O emissions under other fertilizer use rates and water management regimes (if daily water levels are known). In general, nitrous oxide emissions are inversely related to the total extent of flooding (measured as water index which is cumulative water levels relative to soil level) as well as number of long flooding events.",0.10,kg N2O/ha,"Volume 4, Chapter 11, Equation 11.2, page 11.10 of the 2006 IPCC Guidelines.",,"Kritee Kritee, Drishya Nair, Daniel Zavala-Araiza, Jeremy Proville, Joseph Rudek, Tapan K. Adhya, Terrance Loecke, Tashina Esteves, Shalini Balireddygari, Obulapathi Dava, Karthik Ram, Abhilash S. R., Murugan Madasamy, Ramakrishna V. Dokka, Daniel Anandaraj, D. Athiyaman, Malla Reddy, Richie Ahuja, and Steven P. Hamburg. High nitrous oxide fluxes from rice indicate the need to manage water for both long- and short-term climate impacts. Proceedings of National Academy of Sciences, 2018, 115 (39), 9720-9725.",Peer-reviewed journal,"Dr. K. Kritee, India"
424302,4D - Agricultural Soils,3.C.4 - Direct N2O Emissions from managed soils,NITROUS OXIDE,,,,Measured,"Nitrous oxide emission factor for intermittently flooded rice (multiple aeration, water index based category = medium) with application of inorganic and organic N.",,,"India, Pudukottai district of Tamil Nadu, Agro-ecological region 8.3",,"The equation [1] from study by Kritee et al. 2018 can be used to calculate N?O emissions under other fertilizer use rates and water management regimes (if daily water levels are known). In general, nitrous oxide emissions are inversely related to the total extent of flooding (measured as water index which is cumulative water levels relative to soil level) as well as number of long flooding events.",2.51,kg N2O/ha,"Volume 4, Chapter 11, Equation 11.2, page 11.10 of the 2006 IPCC Guidelines.",,"Kritee Kritee, Drishya Nair, Daniel Zavala-Araiza, Jeremy Proville, Joseph Rudek, Tapan K. Adhya, Terrance Loecke, Tashina Esteves, Shalini Balireddygari, Obulapathi Dava, Karthik Ram, Abhilash S. R., Murugan Madasamy, Ramakrishna V. Dokka, Daniel Anandaraj, D. Athiyaman, Malla Reddy, Richie Ahuja, and Steven P. Hamburg. High nitrous oxide fluxes from rice indicate the need to manage water for both long- and short-term climate impacts. Proceedings of National Academy of Sciences, 2018, 115 (39), 9720-9725.",Peer-reviewed journal,"Dr. K. Kritee, India"
424303,4D - Agricultural Soils,3.C.4 - Direct N2O Emissions from managed soils,NITROUS OXIDE,,,,Measured,"Nitrous oxide emission factor for intermittently flooded rice (multiple aeration, water index based category = mild) with application of inorganic and organic N.",,,"India, Pudukottai district of Tamil Nadu, Agro-ecological region 8.3",,"The equation [1] from study by Kritee et al. 2018 can be used to calculate N?O emissions under other fertilizer use rates and water management regimes (if daily water levels are known). In general, nitrous oxide emissions are inversely related to the total extent of flooding (measured as water index which is cumulative water levels relative to soil level) as well as number of long flooding events.",0.88,kg N2O/ha,"Volume 4, Chapter 11, Equation 11.2, page 11.10 of the 2006 IPCC Guidelines.",,"Kritee Kritee, Drishya Nair, Daniel Zavala-Araiza, Jeremy Proville, Joseph Rudek, Tapan K. Adhya, Terrance Loecke, Tashina Esteves, Shalini Balireddygari, Obulapathi Dava, Karthik Ram, Abhilash S. R., Murugan Madasamy, Ramakrishna V. Dokka, Daniel Anandaraj, D. Athiyaman, Malla Reddy, Richie Ahuja, and Steven P. Hamburg. High nitrous oxide fluxes from rice indicate the need to manage water for both long- and short-term climate impacts. Proceedings of National Academy of Sciences, 2018, 115 (39), 9720-9725.",Peer-reviewed journal,"Dr. K. Kritee, India"
424304,4D - Agricultural Soils,3.C.4 - Direct N2O Emissions from managed soils,NITROUS OXIDE,,,,Measured,"Nitrous oxide emission factor forintermittently flooded rice (multiple aeration, water index based category = mild) with application of inorganic and organic N.",,,"India, Pudukottai district of Tamil Nadu, Agro-ecological region 8.3",,"The equation [1] from study by Kritee et al. 2018 can be used to calculate N?O emissions under other fertilizer use rates and water management regimes (if daily water levels are known). In general, nitrous oxide emissions are inversely related to the total extent of flooding (measured as water index which is cumulative water levels relative to soil level) as well as number of long flooding events.",0.02,kg N2O/ha,"Volume 4, Chapter 11, Equation 11.2, page 11.10 of the 2006 IPCC Guidelines.",,"Kritee Kritee, Drishya Nair, Daniel Zavala-Araiza, Jeremy Proville, Joseph Rudek, Tapan K. Adhya, Terrance Loecke, Tashina Esteves, Shalini Balireddygari, Obulapathi Dava, Karthik Ram, Abhilash S. R., Murugan Madasamy, Ramakrishna V. Dokka, Daniel Anandaraj, D. Athiyaman, Malla Reddy, Richie Ahuja, and Steven P. Hamburg. High nitrous oxide fluxes from rice indicate the need to manage water for both long- and short-term climate impacts. Proceedings of National Academy of Sciences, 2018, 115 (39), 9720-9725.",Peer-reviewed journal,"Dr. K. Kritee, India"
424305,4D - Agricultural Soils,3.C.4 - Direct N2O Emissions from managed soils,NITROUS OXIDE,,,,Measured,"Nitrous oxide emission factor for intermittently flooded rice (multiple aeration, water index based category = mild) with application of inorganic and organic N.",,,"India, Tirunelveli district of Tamil Nadu, Agro-ecological region 8.1",,"The equation [1] from study by Kritee et al. 2018 can be used to calculate N?O emissions under other fertilizer use rates and water management regimes (if daily water levels are known). In general, nitrous oxide emissions are inversely related to the total extent of flooding (measured as water index which is cumulative water levels relative to soil level) as well as number of long flooding events.",1.39,kg N2O/ha,"Volume 4, Chapter 11, Equation 11.2, page 11.10 of the 2006 IPCC Guidelines.",,"Kritee Kritee, Drishya Nair, Daniel Zavala-Araiza, Jeremy Proville, Joseph Rudek, Tapan K. Adhya, Terrance Loecke, Tashina Esteves, Shalini Balireddygari, Obulapathi Dava, Karthik Ram, Abhilash S. R., Murugan Madasamy, Ramakrishna V. Dokka, Daniel Anandaraj, D. Athiyaman, Malla Reddy, Richie Ahuja, and Steven P. Hamburg. High nitrous oxide fluxes from rice indicate the need to manage water for both long- and short-term climate impacts. Proceedings of National Academy of Sciences, 2018, 115 (39), 9720-9725.",Peer-reviewed journal,"Dr. K. Kritee, India"
424306,4D - Agricultural Soils,3.C.4 - Direct N2O Emissions from managed soils,NITROUS OXIDE,,,,Measured,"Nitrous oxide emission factor for intermittently flooded rice (multiple aeration, water index based category = mild) with application of inorganic and organic N.",,,"India, Tirunelveli district of Tamil Nadu, Agro-ecological region 8.2",,"The equation [1] from study by Kritee et al. 2018 can be used to calculate N?O emissions under other fertilizer use rates and water management regimes (if daily water levels are known). In general, nitrous oxide emissions are inversely related to the total extent of flooding (measured as water index which is cumulative water levels relative to soil level) as well as number of long flooding events.",2.47,kg N2O/ha,"Volume 4, Chapter 11, Equation 11.2, page 11.10 of the 2006 IPCC Guidelines.",,"Kritee Kritee, Drishya Nair, Daniel Zavala-Araiza, Jeremy Proville, Joseph Rudek, Tapan K. Adhya, Terrance Loecke, Tashina Esteves, Shalini Balireddygari, Obulapathi Dava, Karthik Ram, Abhilash S. R., Murugan Madasamy, Ramakrishna V. Dokka, Daniel Anandaraj, D. Athiyaman, Malla Reddy, Richie Ahuja, and Steven P. Hamburg. High nitrous oxide fluxes from rice indicate the need to manage water for both long- and short-term climate impacts. Proceedings of National Academy of Sciences, 2018, 115 (39), 9720-9725.",Peer-reviewed journal,"Dr. K. Kritee, India"
424307,4D - Agricultural Soils,3.C.4 - Direct N2O Emissions from managed soils,NITROUS OXIDE,,,,Measured,Nitrous oxide emission factor for N fixing crop (groundnut) under rainfed conditions.,,,"India, Anantapur district in Andhra Pradesh, Agro-ecological region 3.0",,Nitrous oxide emissions for other nitrogen use rates can be estimated using our quadratic equation for groundnut provided in Kritee et al (2019),2.43,,"Volume 4, Chapter 11, Equation 11.2, page 11.10 of the 2006 IPCC Guidelines.",,"K. Kritee, Drishya Nair, Daniel Zavala-Araiza, Malla Reddy, Jeremy Proville and Richie Ahuja (2019). Climate smart farming in India: A pathway to poverty alleviation, food security, and climate adaptation and mitigation. An online report with greenhouse gas flux data from rice and non-rice cropping systems from four agro-ecological regions in India. Published by Environmental Defense Fund, New York, NY.",Other,"Dr. K. Kritee, India"
424308,4D - Agricultural Soils,3.C.4 - Direct N2O Emissions from managed soils,NITROUS OXIDE,,,,Measured,Nitrous oxide emission factor for N fixing crop (groundnut) under rainfed conditions.,,,"India, Anantapur district in Andhra Pradesh, Agro-ecological region 3.0",,Nitrous oxide emissions for other nitrogen use rates can be estimated using our quadratic equation for groundnut provided in Kritee et al (2019),1.17,,"Volume 4, Chapter 11, Equation 11.2, page 11.10 of the 2006 IPCC Guidelines.",,"K. Kritee, Drishya Nair, Daniel Zavala-Araiza, Malla Reddy, Jeremy Proville and Richie Ahuja (2019). Climate smart farming in India: A pathway to poverty alleviation, food security, and climate adaptation and mitigation. An online report with greenhouse gas flux data from rice and non-rice cropping systems from four agro-ecological regions in India. Published by Environmental Defense Fund, New York, NY.",Other,"Dr. K. Kritee, India"
424309,4D - Agricultural Soils,3.C.4 - Direct N2O Emissions from managed soils,NITROUS OXIDE,,,,Measured,Nitrous oxide emission factor for N fixing crop (groundnut) under rainfed conditions.,,,"India, Anantapur district in Andhra Pradesh, Agro-ecological region 3.0",,Nitrous oxide emissions for other nitrogen use rates can be estimated using our quadratic equation for groundnut provided in Kritee et al (2019),0.83,,"Volume 4, Chapter 11, Equation 11.2, page 11.10 of the 2006 IPCC Guidelines.",,"K. Kritee, Drishya Nair, Daniel Zavala-Araiza, Malla Reddy, Jeremy Proville and Richie Ahuja (2019). Climate smart farming in India: A pathway to poverty alleviation, food security, and climate adaptation and mitigation. An online report with greenhouse gas flux data from rice and non-rice cropping systems from four agro-ecological regions in India. Published by Environmental Defense Fund, New York, NY.",Other,"Dr. K. Kritee, India"
424310,4D - Agricultural Soils,3.C.4 - Direct N2O Emissions from managed soils,NITROUS OXIDE,,,,Measured,Nitrous oxide emission factor for N fixing crop (groundnut) under irrigated conditions.,,,"India, Anantapur district in Andhra Pradesh, Agro-ecological region 3.0",,Nitrous oxide emissions for other nitrogen use rates can be estimated using our quadratic equation for groundnut provided in Kritee et al (2019),1.89,,"Volume 4, Chapter 11, Equation 11.2, page 11.10 of the 2006 IPCC Guidelines.",,"K. Kritee, Drishya Nair, Daniel Zavala-Araiza, Malla Reddy, Jeremy Proville and Richie Ahuja (2019). Climate smart farming in India: A pathway to poverty alleviation, food security, and climate adaptation and mitigation. An online report with greenhouse gas flux data from rice and non-rice cropping systems from four agro-ecological regions in India. Published by Environmental Defense Fund, New York, NY.",Other,"Dr. K. Kritee, India"
424311,4D - Agricultural Soils,3.C.4 - Direct N2O Emissions from managed soils,NITROUS OXIDE,,,,Measured,Nitrous oxide emission factor for upland finger-millet crop under rainfed (low rainfall) conditions.,,,"India, Ramanagara district in the state of Karnataka, Agro-ecological region 8.2",,Nitrous oxide emissions for other nitrogen use rates can be estimated using our quadratic equation for millets provided in Kritee et al (2019),1.94,,"Volume 4, Chapter 11, Equation 11.2, page 11.10 of the 2006 IPCC Guidelines.",,"K. Kritee, Drishya Nair, Daniel Zavala-Araiza, Malla Reddy, Jeremy Proville and Richie Ahuja (2019). Climate smart farming in India: A pathway to poverty alleviation, food security, and climate adaptation and mitigation. An online report with greenhouse gas flux data from rice and non-rice cropping systems from four agro-ecological regions in India. Published by Environmental Defense Fund, New York, NY.",Other,"Dr. K. Kritee, India"
424312,4D - Agricultural Soils,3.C.4 - Direct N2O Emissions from managed soils,NITROUS OXIDE,,,,Measured,Nitrous oxide emission factor for upland finger-millet crop under rainfed (low rainfall) conditions.,,,"India, Ramanagara district in the state of Karnataka, Agro-ecological region 8.2",,Nitrous oxide emissions for other nitrogen use rates can be estimated using our quadratic equation for millets provided in Kritee et al (2019),0.34,,"Volume 4, Chapter 11, Equation 11.2, page 11.10 of the 2006 IPCC Guidelines.",,"K. Kritee, Drishya Nair, Daniel Zavala-Araiza, Malla Reddy, Jeremy Proville and Richie Ahuja (2019). Climate smart farming in India: A pathway to poverty alleviation, food security, and climate adaptation and mitigation. An online report with greenhouse gas flux data from rice and non-rice cropping systems from four agro-ecological regions in India. Published by Environmental Defense Fund, New York, NY.",Other,"Dr. K. Kritee, India"
424313,4D - Agricultural Soils,3.C.4 - Direct N2O Emissions from managed soils,NITROUS OXIDE,,,,Measured,Nitrous oxide emission factor for upland finger-millet crop (wet high rainfall conditions),,,"India, Ramanagara district in the state of Karnataka, Agro-ecological region 8.2",,Nitrous oxide emissions for other nitrogen use rates can be estimated using our quadratic equation for millets provided in Kritee et al (2019),1.27,,"Volume 4, Chapter 11, Equation 11.2, page 11.10 of the 2006 IPCC Guidelines.",,"K. Kritee, Drishya Nair, Daniel Zavala-Araiza, Malla Reddy, Jeremy Proville and Richie Ahuja (2019). Climate smart farming in India: A pathway to poverty alleviation, food security, and climate adaptation and mitigation. An online report with greenhouse gas flux data from rice and non-rice cropping systems from four agro-ecological regions in India. Published by Environmental Defense Fund, New York, NY.",Other,"Dr. K. Kritee, India"
424314,4D - Agricultural Soils,3.C.4 - Direct N2O Emissions from managed soils,NITROUS OXIDE,,,,Measured,Nitrous oxide emission factor for upland foxtail-millet crop under rainfed (low rainfall) conditions.,,,"India, Anantapur district in Andhra Pradesh, Agro-ecological region 3.0",,Nitrous oxide emissions for other nitrogen use rates can be estimated using our quadratic equation for millets provided in Kritee et al (2019),0.30,,"Volume 4, Chapter 11, Equation 11.2, page 11.10 of the 2006 IPCC Guidelines.",,"K. Kritee, Drishya Nair, Daniel Zavala-Araiza, Malla Reddy, Jeremy Proville and Richie Ahuja (2019). Climate smart farming in India: A pathway to poverty alleviation, food security, and climate adaptation and mitigation. An online report with greenhouse gas flux data from rice and non-rice cropping systems from four agro-ecological regions in India. Published by Environmental Defense Fund, New York, NY.",Other,"Dr. K. Kritee, India"
124920,1B1a2 - Surface Mines,"1.B.1.a.ii - Surface mines
1.B.1.a.ii.1 - Mining",METHANE,,,,Measured,Methane fugitive emissions from surface mining activities,Conventional surface mining in Indian conditions,"Production of coal varied between 400-125,000 tonnes per day at the various mine sites","The studies were carried out in Jharia, East Bokaro, West Bokaro, North Karanpura, South Karanpura, Singarauli, Sohagpur and Korba coalfields, India",None,Active mines conditions,0.74-1.52,m3/tonnes of product,,,"Singh A.K., Singh H., Kispotta J., Mohanty D., Mondal B.K., Singh K.K., Mahto R.K., Singh P.K. (2012). Assessment of Fugitive Emission of Methane from Surface Mining of Coal in India, CSIR-Central Institute of Mining and Fuel Research, Project No. CNP/2778/2010-11.",Other,"Dr. Ajay Kumar Singh, India"
124921,1B1a2 - Surface Mines,"1.B.1.a.ii - Surface mines
1.B.1.a.ii.2 - Post-mining seam gas emissions",METHANE,,,,Measured,Methane fugitive emissions from post-mining activities in surface mining,Conventional surface mining in Indian conditions,"Production of coal varied between 400-125,000 tonnes per day at the various mine sites","The studies were carried out in Jharia, East Bokaro, West Bokaro, North Karanpura, South Karanpura, Singarauli, Sohagpur and Korba coalfields, India",None,Active mines conditions,0.04-1.26,m3/tonnes of product,,,"Singh A.K., Singh H., Kispotta J., Mohanty D., Mondal B.K., Singh K.K., Mahto R.K., Singh P.K. (2012). Assessment of Fugitive Emission of Methane from Surface Mining of Coal in India, CSIR-Central Institute of Mining and Fuel Research, Project No. CNP/2778/2010-11.",Other,"Dr. Ajay Kumar Singh, India"
524990,"5-FL-2 - Land Converted to Forest Land
5-WL-1 - Wetlands Remaining Wetlands","3.B.1.b.iii - Wetlands converted to Forest Land
3.B.4.a - Wetlands Remaining Wetlands",CARBON DIOXIDE,,,,Other (e.g. compiled),Aboveground Biomass Carbon Stock,Planted mangrove,Vegetation/crop type/subtype: ; Species: ; Biomass attributes/age: 5 years; Soil type/nutrient content: .,"Spatial boundaries:  India, Bhitankanika; Climate: ; Ecological zone: ; Temperature: ; Moisture: .",,,4.8,tonnes C/ha,Equation 4.4 on Page 2.20 in Chapter 4 of the 2013 Supplement to the 2006 IPCC Guidelines for National Greenhouse Gas Inventories: Wetlands,,,Peer-reviewed journal,TSU
525027,"5-FL-2 - Land Converted to Forest Land
5-WL-1 - Wetlands Remaining Wetlands","3.B.1.b.iii - Wetlands converted to Forest Land
3.B.4.a - Wetlands Remaining Wetlands",CARBON DIOXIDE,,,,Other (e.g. compiled),Aboveground Biomass Carbon Stock,Planted mangrove,Vegetation/crop type/subtype: ; Species: ; Biomass attributes/age: 20 years (regeneration); Soil type/nutrient content: .,"Spatial boundaries: India, Mahanadi; Climate: ; Ecological zone: ; Temperature: ; Moisture: .",,,62.77,tonnes C/ha,Equation 4.4 on Page 2.20 in Chapter 4 of the 2013 Supplement to the 2006 IPCC Guidelines for National Greenhouse Gas Inventories: Wetlands,,,Peer-reviewed journal,TSU
525041,"5-FL-2 - Land Converted to Forest Land
5-WL-1 - Wetlands Remaining Wetlands","3.B.1.b.iii - Wetlands converted to Forest Land
3.B.4.a - Wetlands Remaining Wetlands",CARBON DIOXIDE,,,,Other (e.g. compiled),Belowground Biomass Carbon Stock,Planted mangrove,Vegetation/crop type/subtype: ; Species: ; Biomass attributes/age: 5 years; Soil type/nutrient content: .,"Spatial boundaries:  India, Bhitankanika; Climate: ;  Ecological zone: ; Temperature: ; Moisture: .",,,2.19,tonnes C/ha,Equation 4.4 on Page 2.20 in Chapter 4 of the 2013 Supplement to the 2006 IPCC Guidelines for National Greenhouse Gas Inventories: Wetlands,,,Peer-reviewed journal,TSU
525078,"5-FL-2 - Land Converted to Forest Land
5-WL-1 - Wetlands Remaining Wetlands","3.B.1.b.iii - Wetlands converted to Forest Land
3.B.4.a - Wetlands Remaining Wetlands",CARBON DIOXIDE,,,,Other (e.g. compiled),Belowground Biomass Carbon Stock,Planted mangrove,Vegetation/crop type/subtype: ; Species: ; Biomass attributes/age: 20 years (regeneration); Soil type/nutrient content: .,"Spatial boundaries: India, Mahanadi; Climate: ;  Ecological zone: ; Temperature: ; Moisture: .",,,27.86,tonnes C/ha,Equation 4.4 on Page 2.20 in Chapter 4 of the 2013 Supplement to the 2006 IPCC Guidelines for National Greenhouse Gas Inventories: Wetlands,,,Peer-reviewed journal,TSU
525090,"5-FL-2 - Land Converted to Forest Land
5-WL-1 - Wetlands Remaining Wetlands","3.B.1.b.iii - Wetlands converted to Forest Land
3.B.4.a - Wetlands Remaining Wetlands",CARBON DIOXIDE,,,,Other (e.g. compiled),Soil Carbon Stock,Planted mangrove,Vegetation/crop type/subtype: ; Species: ; Biomass attributes/age: 5 years; Soil type/nutrient content: .,"Spatial boundaries:  India, Bhitankanika; Climate: ; Ecological zone: ; Temperature: ; Moisture: .",,Soil depth: 100,86.79,tonnes C/ha,Equation 4.6 on Page 4.24 in Chapter 4 of the 2006 IPCC Guidelines for National Greenhouse Gas Inventories: Wetlands,,,Peer-reviewed journal,TSU
525102,"5-FL-2 - Land Converted to Forest Land
5-WL-1 - Wetlands Remaining Wetlands","3.B.1.b.iii - Wetlands converted to Forest Land
3.B.4.a - Wetlands Remaining Wetlands",CARBON DIOXIDE,,,,Other (e.g. compiled),Soil Carbon Stock,Planted mangrove,Vegetation/crop type/subtype: ; Species: ; Biomass attributes/age: 20 years (regeneration); Soil type/nutrient content: .,"Spatial boundaries: India, Mahanadi; Climate: ; Ecological zone: ; Temperature: ; Moisture: .",,Soil depth: 30,60.9,tonnes C/ha,Equation 4.6 on Page 4.24 in Chapter 4 of the 2006 IPCC Guidelines for National Greenhouse Gas Inventories: Wetlands,,,Peer-reviewed journal,TSU
525135,"5-FL-1 - Forest Land Remaining Forest Land
5-WL-1 - Wetlands Remaining Wetlands","3.B.1.a - Forest land Remaining Forest land
3.B.4.a - Wetlands Remaining Wetlands",CARBON DIOXIDE,,,,Other (e.g. compiled),Aboveground Biomass Carbon Stock Change,From undisturbed dense mangrove to disturbed mangrove stands,Vegetation/crop type/subtype: ; Species: ; Biomass attributes/age: ; Soil type/nutrient content: .,"Spatial boundaries: India, Bhitankanika; Climate: ;  Ecological zone: ; Temperature: ; Moisture: .",Tree removal,,-24.44,tonnes C/ha,Equation 4.4 on Page 2.20 in Chapter 4 of the 2013 Supplement to the 2006 IPCC Guidelines for National Greenhouse Gas Inventories: Wetlands,,,Peer-reviewed journal,TSU
525148,5-SL-2 - Land Converted to Settlements,"3.B.5.b.i - Forest Land converted to Settlements
3.B.5.b.iv - Wetlands converted to Settlements",CARBON DIOXIDE,,,,Other (e.g. compiled),Aboveground Biomass Carbon Stock Change,From undisturbed dense mangrove to abandoned aquac pond,Vegetation/crop type/subtype: ; Species: ; Biomass attributes/age: ; Soil type/nutrient content: .,"Spatial boundaries: India, Bhitankanika; Climate: ; Ecological zone: ; Temperature: ; Moisture: .",Aquaculture,Time since landuse: 20 years,-73.21,tonnes C/ha,Equation 4.4 on Page 2.20 in Chapter 4 of the 2013 Supplement to the 2006 IPCC Guidelines for National Greenhouse Gas Inventories: Wetlands,,,Peer-reviewed journal,TSU
525167,"5-FL-1 - Forest Land Remaining Forest Land
5-WL-1 - Wetlands Remaining Wetlands","3.B.1.a - Forest land Remaining Forest land
3.B.4.a - Wetlands Remaining Wetlands",CARBON DIOXIDE,,,,Other (e.g. compiled),Belowground Biomass Carbon Stock Change,From undisturbed dense mangrove to disturbed mangrove stands,Vegetation/crop type/subtype: ; Species: ; Biomass attributes/age: ; Soil type/nutrient content: .,"Spatial boundaries: India, Bhitankanika; Climate: ; Ecological zone: ; Temperature: ; Moisture: .",Tree removal,,-9.46,tonnes C/ha,Equation 4.4 on Page 2.20 in Chapter 4 of the 2013 Supplement to the 2006 IPCC Guidelines for National Greenhouse Gas Inventories: Wetlands,,,Peer-reviewed journal,TSU
525180,5-SL-2 - Land Converted to Settlements,"3.B.5.b.i - Forest Land converted to Settlements
3.B.5.b.iv - Wetlands converted to Settlements",CARBON DIOXIDE,,,,Other (e.g. compiled),Belowground Biomass Carbon Stock Change,From undisturbed dense mangrove to abandoned aquac pond,Vegetation/crop type/subtype: ; Species: ; Biomass attributes/age: ; Soil type/nutrient content: .,"Spatial boundaries: India, Bhitankanika; Climate: ; Ecological zone: ; Temperature: ; Moisture: .",Aquaculture,Time since landuse: 20 years,-25.95,tonnes C/ha,Equation 4.4 on Page 2.20 in Chapter 4 of the 2013 Supplement to the 2006 IPCC Guidelines for National Greenhouse Gas Inventories: Wetlands,,,Peer-reviewed journal,TSU
525198,"5-FL-1 - Forest Land Remaining Forest Land
5-WL-1 - Wetlands Remaining Wetlands","3.B.1.a - Forest land Remaining Forest land
3.B.4.a - Wetlands Remaining Wetlands",CARBON DIOXIDE,,,,Other (e.g. compiled),Soil Carbon Stock Change,From undisturbed dense mangrove to disturbed mangrove stands,Vegetation/crop type/subtype: ; Species: ; Biomass attributes/age: ; Soil type/nutrient content: .,"Spatial boundaries: India, Bhitankanika; Climate: ;  Ecological zone: ; Temperature: ; Moisture: .",Tree removal,Soil depth: 100,8.5,tonnes C/ha,Equation 4.3 on Page 4.18 in Chapter 4 of the 2006 IPCC Guidelines for National Greenhouse Gas Inventories: Wetlands,,,Peer-reviewed journal,TSU
525199,5-SL-2 - Land Converted to Settlements,"3.B.5.b.i - Forest Land converted to Settlements
3.B.5.b.iv - Wetlands converted to Settlements",CARBON DIOXIDE,,,,Other (e.g. compiled),Soil Carbon Stock Change,From undisturbed dense mangrove to abandonned aquac pond,Vegetation/crop type/subtype: ; Species: ; Biomass attributes/age: ; Soil type/nutrient content: .,"Spatial boundaries: India, Bhitankanika; Climate: ;  Ecological zone: ; Temperature: ; Moisture: .",Aquaculture,Time since landuse: 20 years. Soil depth: 100,-46,tonnes C/ha,Equation 4.3 on Page 4.18 in Chapter 4 of the 2006 IPCC Guidelines for National Greenhouse Gas Inventories: Wetlands,,,Peer-reviewed journal,TSU
425216,4A1b - Non-Dairy,3.A.1.a.ii - Other Cattle,METHANE,,,,Measured,Emission factor for enteric fermentation of growing cattle consuming a mix of fumaric acid (FA) and anthraquinone (AQ),,,India,Addition of organic acid and anthraquinone to a control diet,"Concentrate contained: rice bran de-oiled, mustard cake, maize, wheat bran, ground nut cake, common salt and mineral mixture (11, 12, 33, 20, 21, 1 and 2% of DM, respectively).",16.88,g/kg DMI,,,"Ebrahimi, S.H., Datta, M.M., Heidarian, V., Sirohi, S.K., and Tyagi, A.K. 2015. Effects of fumaric or malic acid and 9, 10 anthraquinone on digestibility, microbial protein synthesis, methane emission and performance of growing calves. Indian Journal of Animal Sciences 85(9): 1000-1005",Peer-reviewed journal,"Niveta Jain, India"
425217,4A1b - Non-Dairy,3.A.1.a.ii - Other Cattle,METHANE,,,,Measured,Emission factor for enteric fermentation of growing cattle consuming a mix of malic acid (MA) and anthraquinone (AQ),,,India,Addition of organic acid and anthraquinone to a control diet,"Concentrate contained: rice bran de-oiled, mustard cake, maize, wheat bran, ground nut cake, common salt and mineral mixture (11, 12, 33, 20, 21, 1 and 2% of DM, respectively).",16.15,g/kg DMI,,,"Ebrahimi, S.H., Datta, M.M., Heidarian, V., Sirohi, S.K., and Tyagi, A.K. 2015. Effects of fumaric or malic acid and 9, 10 anthraquinone on digestibility, microbial protein synthesis, methane emission and performance of growing calves. Indian Journal of Animal Sciences 85(9): 1000-1005",Peer-reviewed journal,"Niveta Jain, India"
425254,4A1b - Non-Dairy,3.A.1.a.ii - Other Cattle,METHANE,,,,Measured,Emission factor for enteric fermentation of growing cattle,,DM intake of 5.35 kg/day; Digestible DM intake of 3.15 kg/day; Methane production of 150.07 litres/day,India,Group 1 (without monensin) diet: Concentrate mixture and wheat straw ad lib,,48.80,l/kg DDMI,,,,Peer-reviewed journal,"Niveta Jain, India"
425255,4A1b - Non-Dairy,3.A.1.a.ii - Other Cattle,METHANE,,,,Measured,Emission factor for enteric fermentation of growing cattle,,DM intake of 5.43 kg/day; Digestible DM intake of 3.07 kg/day; Methane production of 117.70 litres/day,India,Group 2 diet: Wheat straw ad lib. + concentrate mixture + 30 mg monensin/day,,38.69,l/kg DDMI,,,,Peer-reviewed journal,"Niveta Jain, India"
425256,4A1b - Non-Dairy,3.A.1.a.ii - Other Cattle,METHANE,,,,Measured,Emission factor for enteric fermentation of growing cattle,,DM intake of 4.62 kg/day; Digestible DM intake of 2.79 kg/day; Methane production of 131.49 litres/day,India,Group 3 diet: Wheat straw ad lib. + 70% concentrate mixture + UMMB,,47.12,l/kg DDMI,,,,Peer-reviewed journal,"Niveta Jain, India"
425257,4A1b - Non-Dairy,3.A.1.a.ii - Other Cattle,METHANE,,,,Measured,Emission factor for enteric fermentation of growing cattle,,DM intake of 4.60 kg/day; Digestible DM intake of 2.76 kg/day; Methane production of 89.31 litres/day,India,Group 4 diet: Wheat straw ad lib. + 70% concentrate mixture + UMMB + monensin (100 ppm),,32.47,l/kg DDMI,,,,Peer-reviewed journal,"Niveta Jain, India"
425258,4D - Agricultural Soils,3.C.4 - Direct N2O Emissions from managed soils,NITROUS OXIDE,,,,Measured,Direct N?O Emission Factor for flooded rice (EF?fr),N applied: 60 kg-N/ha in wet season and 80 kg-N/ha in dry season. Nitrogen was applied in the form of urea 50% as basal and the rest in two equal split after transplanting as top dressing.,,Eastern part of India; tropical monsoon climate,,,1.42,kg N2O-N/ha/yr,"Volume 4, Chapter 11, Equation 11.2, page 11.10 of the 2006 IPCC Guidelines",,,Peer-reviewed journal,"Niveta Jain, India"
425259,4D - Agricultural Soils,3.C.4 - Direct N2O Emissions from managed soils,NITROUS OXIDE,,,,Measured,Direct N?O Emission Factor for flooded rice (EF?fr),,,Eastern part of India; tropical monsoon climate,,,1.46,kg N2O-N/ha/yr,"Volume 4, Chapter 11, Equation 11.2, page 11.10 of the 2006 IPCC Guidelines",,,Peer-reviewed journal,"Niveta Jain, India"
425260,4C1a - Continuously Flooded,3.C.7 - Rice cultivations,METHANE,,,,Measured,Baseline Emission Factor for flooded rice under continuous irrigation and transplanting system,No N applied,,Eastern part of India; tropical monsoon climate,,,88.1,kg CH4/ha,"Volume 4, Chapter 5, Equation 5.2, page 5.48 of the 2006 IPCC Guidelines",,,Peer-reviewed journal,"Niveta Jain, India"
425261,4C1a - Continuously Flooded,3.C.7 - Rice cultivations,METHANE,,,,Measured,Baseline Emission Factor for flooded rice under continuous irrigation and transplanting system,N applied: 60 kg-N/ha,,Eastern part of India; tropical monsoon climate,,,102.1,kg CH4/ha,"Volume 4, Chapter 5, Equation 5.2, page 5.48 of the 2006 IPCC Guidelines",,,Peer-reviewed journal,"Niveta Jain, India"
425262,4C1a - Continuously Flooded,3.C.7 - Rice cultivations,METHANE,,,,Measured,Baseline Emission Factor for flooded rice under continuous irrigation and transplanting system,,,Eastern part of India; tropical monsoon climate,,,118.3,kg CH4/ha,"Volume 4, Chapter 5, Equation 5.2, page 5.48 of the 2006 IPCC Guidelines",,,Peer-reviewed journal,"Niveta Jain, India"
425264,4C1a - Continuously Flooded,3.C.7 - Rice cultivations,METHANE,,,,Measured,Baseline Emission factor for flooded rice under continuous irrigation,,"Soil type: Aeric Endoaquept with silt loam texture (25.1% clay, 54.8% silt, 20% sand).","Eastern India, tropical monsoon climate",,Rice variety used was Naveen,34.65,kg CH4/ha,"Volume 4, Chapter 5, Equation 5.2, p. 5.48 of the 2006 IPCC Guidelines",,"Kumar, A., Nayak, A.K., Mohanty, S. and Das, B.S. 2016. Greenhouse gas emission from direct seeded paddy fields under different soil water potentials in Eastern India. Agriculture, Ecosystems & Environment 228: 111-123.",Peer-reviewed journal,"Niveta Jain, India"
425265,4C1a - Continuously Flooded,3.C.7 - Rice cultivations,METHANE,,,,Measured,Scaling Factor for water regime during rice cultivation period,"The land was prepared by ploughing once with mould board plough, followed by harrowing and laser levelling prior to establishment of the experiment. The experiment consisted of a randomized block design with four replications and was conducted in the dry season (December to April). The total duration of rice growth was 119 days. Surface irrigation was applied each time, the SWP at 15 cm depth reached 20 kPa.","Soil type: Aeric Endoaquept with silt loam texture (25.1% clay, 54.8% silt, 20% sand).","Eastern India, tropical monsoon climate",Soil water potential of -20 kPa (SWP 1) as compared to continuous flooding,Rice variety used was Naveen,0.70,dimensionless,"Volume 4, Chapter 5, Equation 5.2, p. 5.48 of the 2006 IPCC Guidelines",,"Kumar, A., Nayak, A.K., Mohanty, S. and Das, B.S. 2016. Greenhouse gas emission from direct seeded paddy fields under different soil water potentials in Eastern India. Agriculture, Ecosystems & Environment 228: 111-123.",Peer-reviewed journal,"Niveta Jain, India"
425266,4C1a - Continuously Flooded,3.C.7 - Rice cultivations,METHANE,,,,Measured,Scaling Factor for water regime during rice cultivation period,"The land was prepared by ploughing once with mould board plough, followed by harrowing and laser levelling prior to establishment of the experiment. The experiment consisted of a randomized block design with four replications and was conducted in the dry season (December to April). The total duration of rice growth was 119 days. Surface irrigation was applied each time, the SWP at 15 cm depth reached 30 kPa.","Soil type: Aeric Endoaquept with silt loam texture (25.1% clay, 54.8% silt, 20% sand).","Eastern India, tropical monsoon climate",Soil water potential of -30 kPa (SWP 2) as compared to continuous flooding,Rice variety used was Naveen,0.56,dimensionless,"Volume 4, Chapter 5, Equation 5.2, p. 5.48 of the 2006 IPCC Guidelines",,"Kumar, A., Nayak, A.K., Mohanty, S. and Das, B.S. 2016. Greenhouse gas emission from direct seeded paddy fields under different soil water potentials in Eastern India. Agriculture, Ecosystems & Environment 228: 111-123.",Peer-reviewed journal,"Niveta Jain, India"
425267,4C1a - Continuously Flooded,3.C.7 - Rice cultivations,METHANE,,,,Measured,Scaling Factor for water regime during rice cultivation period,"The land was prepared by ploughing once with mould board plough, followed by harrowing and laser levelling prior to establishment of the experiment. The experiment consisted of a randomized block design with four replications and was conducted in the dry season (December to April). The total duration of rice growth was 119 days. Surface irrigation was applied each time, the SWP at 15 cm depth reached 40 kPa.","Soil type: Aeric Endoaquept with silt loam texture (25.1% clay, 54.8% silt, 20% sand).","Eastern India, tropical monsoon climate",Soil water potential of -40 kPa (SWP 3) as compared to continuous flooding,Rice variety used was Naveen,0.48,dimensionless,"Volume 4, Chapter 5, Equation 5.2, p. 5.48 of the 2006 IPCC Guidelines",,"Kumar, A., Nayak, A.K., Mohanty, S. and Das, B.S. 2016. Greenhouse gas emission from direct seeded paddy fields under different soil water potentials in Eastern India. Agriculture, Ecosystems & Environment 228: 111-123.",Peer-reviewed journal,"Niveta Jain, India"
425268,4C1a - Continuously Flooded,3.C.7 - Rice cultivations,METHANE,,,,Measured,Scaling Factor for water regime during rice cultivation period,"The land was prepared by ploughing once with mould board plough, followed by harrowing and laser levelling prior to establishment of the experiment. The experiment consisted of a randomized block design with four replications and was conducted in the dry season (December to April). The total duration of rice growth was 119 days. Surface irrigation was applied each time, the SWP at 15 cm depth reached 50 kPa.","Soil type: Aeric Endoaquept with silt loam texture (25.1% clay, 54.8% silt, 20% sand).","Eastern India, tropical monsoon climate",Soil water potential of -50 kPa (SWP 4) as compared to continuous flooding,Rice variety used was Naveen,0.43,dimensionless,"Volume 4, Chapter 5, Equation 5.2, p. 5.48 of the 2006 IPCC Guidelines",,"Kumar, A., Nayak, A.K., Mohanty, S. and Das, B.S. 2016. Greenhouse gas emission from direct seeded paddy fields under different soil water potentials in Eastern India. Agriculture, Ecosystems & Environment 228: 111-123.",Peer-reviewed journal,"Niveta Jain, India"
425269,4C1a - Continuously Flooded,3.C.7 - Rice cultivations,METHANE,,,,Measured,Scaling Factor for water regime during rice cultivation period,"The land was prepared by ploughing once with mould board plough, followed by harrowing and laser levelling prior to establishment of the experiment. The experiment consisted of a randomized block design with four replications and was conducted in the dry season (December to April). The total duration of rice growth was 119 days. Surface irrigation was applied each time, the SWP at 15 cm depth reached 60 kPa.","Soil type: Aeric Endoaquept with silt loam texture (25.1% clay, 54.8% silt, 20% sand).","Eastern India, tropical monsoon climate",Soil water potential of -60 kPa (SWP 5) as compared to continuous flooding,Rice variety used was Naveen,0.40,dimensionless,"Volume 4, Chapter 5, Equation 5.2, p. 5.48 of the 2006 IPCC Guidelines",,"Kumar, A., Nayak, A.K., Mohanty, S. and Das, B.S. 2016. Greenhouse gas emission from direct seeded paddy fields under different soil water potentials in Eastern India. Agriculture, Ecosystems & Environment 228: 111-123.",Peer-reviewed journal,"Niveta Jain, India"
225331,2A1 - Cement Production,2.A.1 - Cement production,CARBON DIOXIDE,,,,Measured,"CO2 emission factor for cement production (per clinker, CKD included)",,,India,,,0.5299,tonne CO2/tonne clinker produced,Equation 2.2 Chapter 2 Volume 3 of the 2006 IPCC Guidelines for National Greenhouse Gas Inventories,"Worksheet 2A1, Sheet 2 of 2","Rao, P.V., Qureshi, M.S. and Devotta, S., Uncertainty Reduction in Carbon Dioxide Emission Coefficient from Cement Production Process in India, Proceeding of the Workshop on Uncertainty Reduction in Greenhouse Gas Inventory, March 2003, New Delhi.",Other,"Prof. Amit Garg, India"
225332,2A1 - Cement Production,2.A.1 - Cement production,CARBON DIOXIDE,,,,Measured,"CO2 emission factor for cement production (per clinker, CKD included)",,,India,,,0.5370,tonne CO2/tonne clinker produced,Equation 2.2 Chapter 2 Volume 3 of the 2006 IPCC Guidelines for National Greenhouse Gas Inventories,"Worksheet 2A1, Sheet 2 of 2","Rao, P.V., Qureshi, M.S. and Devotta, S., Uncertainty Reduction in Carbon Dioxide Emission Coefficient from Cement Production Process in India, , in Proceeding of the Workshop on Uncertainty Reduction in Greenhouse Gas Inventory, March 2003, New Delhi.",Other,"Prof. Amit Garg, India"
225333,2A1 - Cement Production,2.A.1 - Cement production,CARBON DIOXIDE,,,,Measured,CO2 emission factor for cement production,,,India,,,0.5089,tonne CO2/tonne clinker produced,Equation 2.2 Chapter 2 Volume 3 of the 2006 IPCC Guidelines for National Greenhouse Gas Inventories,"Worksheet 2A1, Sheet 2 of 2","Pati, S.Nnand B.S Roy, Assessment of CO2 emissions in Cement Plants - A Case Stuy, in Proceeding of the Workshop on Uncertainty Reduction in Greenhouse Gas Inventory, March 2003, New Delhi, Proceeding of the Workshop on Uncertainty Reduction in Greenhouse Gas Inventory, March 2003, New Delhi.",Other,"Prof. Amit Garg, India"
225334,2B2 - Nitric Acid Production,2.B.2 - Nitric Acid Production,NITROUS OXIDE,,,,Measured,N2O emission factor for nitric acid production,Single medium pressure plants,,India,External absortion control system,,10.13,kg N2O/tonne nitric acid produced,Equation 3.5 Chapter 3 Volume 3 of the 2006 IPCC Guidelines for National Greenhouse Gas Inventories,"Worksheet 2B2, Sheet 1 of 1","Rao, P.V., Qureshi, M.S. and Devotta, S., Uncertainty Reduction in Nitrous Oxide Emission Coefficient from Nitric Acid Production in India, in Proceeding of the Workshop on Uncertainty Reduction in Greenhouse Gas Inventory, March 2003, New Delhi.",Other,"Prof. Amit Garg, India"
225335,2B2 - Nitric Acid Production,2.B.2 - Nitric Acid Production,NITROUS OXIDE,,,,Measured,N2O emission factor for nitric acid production,Single high pressure plants,,India,Selective Catalitic Reduction (SCR) control system,,2.84,kg N2O/tonne nitric acid produced,Equation 3.5 Chapter 3 Volume 3 of the 2006 IPCC Guidelines for National Greenhouse Gas Inventories,"Worksheet 2B2, Sheet 1 of 1","Rao, P.V., Qureshi, M.S. and Devotta, S., Uncertainty Reduction in Nitrous Oxide Emission Coefficient from Nitric Acid Production in India, in Proceeding of the Workshop on Uncertainty Reduction in Greenhouse Gas Inventory, March 2003, New Delhi.",Other,"Prof. Amit Garg, India"
225336,2B2 - Nitric Acid Production,2.B.2 - Nitric Acid Production,NITROUS OXIDE,,,,Measured,N2O emission factor for nitric acid production,Single high pressure plants,,India,Non-Selective Catalitic Reduction (NSCR) control system,,0.405,kg N2O/tonne nitric acid produced,Equation 3.5 Chapter 3 Volume 3 of the 2006 IPCC Guidelines for National Greenhouse Gas Inventories,"Worksheet 2B2, Sheet 1 of 1","Rao, P.V., Qureshi, M.S. and Devotta, S., Uncertainty Reduction in Nitrous Oxide Emission Coefficient from Nitric Acid Production in India, in Proceeding of the Workshop on Uncertainty Reduction in Greenhouse Gas Inventory, March 2003, New Delhi.",Other,"Prof. Amit Garg, India"
425444,4A2 - Buffalo,3.A.1.b - Buffalo,METHANE,,,,Measured,Emission factor for young buffalo enteric fermentation,,"The present study was conducted at livestock farm of National Dairy Research Institute, Karnal. Feeding ration of  fed corn fodder, wheat straw and concentrate (20:60:20).  The concentrate mixture consisted of corn grain (330 g/kg DM), groundnut cake (210 g/kg DM), mustard cake (120 g/kg DM), wheat bran (200 g/kg DM), de-oiled rice bran (110 g/kg DM), mineral mixture (20 g/kg DM) and common salt (10 g/kg DM).",India,Effect of dietary concentrate level on enteric methane emission in calves.,Net Energy Concentration (NEma) of 7.9 MJ/kg dm Average weight gain of 0.47 kg/day Dry Matter Intake (DMI) of 4.65 kg/day Methane yield (MY) of 13.6 g CH4/kg DMI  Methane conversion factor (Ym) of 4.35%,66.4,g/animal/day,Equation 10.19 (2006 IPCC Guidelines) Equation 10.19update (2019 Refinement),,"V.M. Nampoothiri, M. Mohini, B.A. Malla, G. Mondal, S. Pandita. 2018. Growth performance, and enteric and manure greenhouse gas emissions from Murrah calves fed diets with different forage to concentrate ratios Animal Nutrition 4: 215-221.",Peer-reviewed journal,"Niveta Jain, India"
425445,4A2 - Buffalo,3.A.1.b - Buffalo,METHANE,,,,Measured,Emission factor for young buffalo enteric fermentation,,"The present study was conducted at livestock farm of National Dairy Research Institute, Karnal. Feeding ration of  fed corn fodder, wheat straw and concentrate (20:40:40). The concentrate mixture consisted of corn grain (330 g/kg DM), groundnut cake (210 g/kg DM), mustard cake (120 g/kg DM), wheat bran (200 g/kg DM), de-oiled rice bran (110 g/kg DM), mineral mixture (20 g/kg DM) and common salt (10 g/kg DM).",India,Effect of dietary concentrate level on enteric methane emission in calves.,Net Energy Concentration (NEma): 9.28 MJ/kg dm Average weight gain 0.53 kg/day Dry Matter Intake (DMI) of 4.66 kg/day Methane yield (MY) of 11.8 g CH4/kg DMI  Methane conversion factor (Ym) of 3.74%,61,g/animal/day,Equation 10.19 (2006 IPCC Guidelines) Equation 10.19update (2019 Refinement),,"V.M. Nampoothiri, M. Mohini, B.A. Malla, G. Mondal, S. Pandita. 2018. Growth performance, and enteric and manure greenhouse gas emissions from Murrah calves fed diets with different forage to concentrate ratios Animal Nutrition 4: 215-221.",Peer-reviewed journal,"Niveta Jain, India"
425446,4A2 - Buffalo,3.A.1.b - Buffalo,METHANE,,,,Measured,Emission factor for young buffalo enteric fermentation,,"The present study was conducted at livestock farm of National Dairy Research Institute, Karnal. Feeding ration of  fed corn fodder, wheat straw and concentrate (10:30:60). The concentrate mixture consisted of corn grain (330 g/kg DM), groundnut cake (210 g/kg DM), mustard cake (120 g/kg DM), wheat bran (200 g/kg DM), de-oiled rice bran (110 g/kg DM), mineral mixture (20 g/kg DM) and common salt (10 g/kg DM).",India,Effect of dietary concentrate level on enteric methane emission in calves.,Net Energy Concentration (NEma): 10.3 MJ/kg dm Average weight gain 0.63 kg/day Dry Matter Intake (DMI) of 4.93 kg/day Methane yield (MY) of 9.47 g CH4/kg DMI  Methane conversion factor (Ym) of 3.01%,52.1,g/animal/day,Equation 10.19 (2006 IPCC Guidelines) Equation 10.19update (2019 Refinement),,"V.M. Nampoothiri, M. Mohini, B.A. Malla, G. Mondal, S. Pandita. 2018. Growth performance, and enteric and manure greenhouse gas emissions from Murrah calves fed diets with different forage to concentrate ratios Animal Nutrition 4: 215-221.",Peer-reviewed journal,"Niveta Jain, India"
425447,4A2 - Buffalo,3.A.1.b - Buffalo,METHANE,,,,Measured,Methane conversion factor (Ym),,"The present study was conducted at livestock farm of National Dairy Research Institute, Karnal. Feeding ration of  fed corn fodder, wheat straw and concentrate in three different ratios C20 - 20:60:20, C40 - 20:40:40, and C60 - 10:20:60.   The concentrate mixture consisted of corn grain (330 g/kg DM), groundnut cake (210 g/kg DM), mustard cake (120 g/kg DM), wheat bran (200 g/kg DM), de-oiled rice bran (110 g/kg DM), mineral mixture (20 g/kg DM) and common salt (10 g/kg DM).",India,Effect of dietary concentrate level on enteric methane emission in calves.,,3.01 - 4.35,%,Equation 10.21 (2006 Guidelines and 2019 Refinement),,"V.M. Nampoothiri, M. Mohini, B.A. Malla, G. Mondal, S. Pandita. 2018. Growth performance, and enteric and manure greenhouse gas emissions from Murrah calves fed diets with different forage to concentrate ratios Animal Nutrition 4: 215-221.",Peer-reviewed journal,"Niveta Jain, India"
425448,4A2 - Buffalo,3.A.1.b - Buffalo,METHANE,,,,Measured,Methane yield (MY),,"The present study was conducted at livestock farm of National Dairy Research Institute, Karnal. Feeding ration of  fed corn fodder, wheat straw and concentrate in three different ratios C20 - 20:60:20, C40 - 20:40:40, and C60 - 10:20:60.   The concentrate mixture consisted of corn grain (330 g/kg DM), groundnut cake (210 g/kg DM), mustard cake (120 g/kg DM), wheat bran (200 g/kg DM), de-oiled rice bran (110 g/kg DM), mineral mixture (20 g/kg DM) and common salt (10 g/kg DM).",India,Effect of dietary concentrate level on enteric methane emission in calves.,,9.47 - 13.6,g CH4/kg DMI,Equation 10.21A (2019 Refinement),,"V.M. Nampoothiri, M. Mohini, B.A. Malla, G. Mondal, S. Pandita. 2018. Growth performance, and enteric and manure greenhouse gas emissions from Murrah calves fed diets with different forage to concentrate ratios Animal Nutrition 4: 215-221.",Peer-reviewed journal,"Niveta Jain, India"
425449,4A2 - Buffalo,3.A.1.b - Buffalo,METHANE,,,,Measured,Dry Matter Intake (DMI),,"The present study was conducted at livestock farm of National Dairy Research Institute, Karnal. Feeding ration of  fed corn fodder, wheat straw and concentrate in three different ratios C20 - 20:60:20, C40 - 20:40:40, and C60 - 10:20:60.   The concentrate mixture consisted of corn grain (330 g/kg DM), groundnut cake (210 g/kg DM), mustard cake (120 g/kg DM), wheat bran (200 g/kg DM), de-oiled rice bran (110 g/kg DM), mineral mixture (20 g/kg DM) and common salt (10 g/kg DM).",India,Effect of dietary concentrate level on enteric methane emission in calves.,,4.65 - 4.93,kg DMI/day,"Equation 10.21A, (2019 Refinement)",,"V.M. Nampoothiri, M. Mohini, B.A. Malla, G. Mondal, S. Pandita. 2018. Growth performance, and enteric and manure greenhouse gas emissions from Murrah calves fed diets with different forage to concentrate ratios Animal Nutrition 4: 215-221.",Peer-reviewed journal,"Niveta Jain, India"
425450,"4A2 - Buffalo
4B2 - Buffalo","3.A.1.b - Buffalo
3.A.2.b - Buffalo","METHANE
NITROUS OXIDE",,,,Measured,Average weight gain (WG),,"The present study was conducted at livestock farm of National Dairy Research Institute, Karnal. Feeding ration of  fed corn fodder, wheat straw and concentrate (20:60:20).  The concentrate mixture consisted of corn grain (330 g/kg DM), groundnut cake (210 g/kg DM), mustard cake (120 g/kg DM), wheat bran (200 g/kg DM), de-oiled rice bran (110 g/kg DM), mineral mixture (20 g/kg DM) and common salt (10 g/kg DM).",India,Effect of dietary concentrate level on enteric methane emission in calves.,Crude protein in diet of 7.92% Net Energy Concentration (NEma) of 7.9 MJ/kg dm Dry Matter Intake (DMI) of 4.65 kg/day Methane yield (MY) of 13.6 g CH4/kg DMI  Methane conversion factor (Ym) of 4.35% EF enteric fermentation 66.4 g/animal/day N Intake of 58.8 g N animal-1 day-1 N Retention of per cent of N intake 28.2,0.47,kg/day,"Equations 10.6, 10.33 (2006 Guidelines and 2019 Refinement)",,"V.M. Nampoothiri, M. Mohini, B.A. Malla, G. Mondal, S. Pandita. 2018. Growth performance, and enteric and manure greenhouse gas emissions from Murrah calves fed diets with different forage to concentrate ratios Animal Nutrition 4: 215-221.",Peer-reviewed journal,"Niveta Jain, India"
425451,"4A2 - Buffalo
4B2 - Buffalo","3.A.1.b - Buffalo
3.A.2.b - Buffalo","METHANE
NITROUS OXIDE",,,,Measured,Average weight gain (WG),,"The present study was conducted at livestock farm of National Dairy Research Institute, Karnal. Feeding ration of  fed corn fodder, wheat straw and concentrate (20:40:40). The concentrate mixture consisted of corn grain (330 g/kg DM), groundnut cake (210 g/kg DM), mustard cake (120 g/kg DM), wheat bran (200 g/kg DM), de-oiled rice bran (110 g/kg DM), mineral mixture (20 g/kg DM) and common salt (10 g/kg DM).",India,Effect of dietary concentrate level on enteric methane emission in calves.,Crude protein in diet of 11.4% Net Energy Concentration (NEma): 9.28 MJ/kg dm Dry Matter Intake (DMI) of 4.66 kg/day Methane yield (MY) of 11.8 g CH4/kg DMI  Methane conversion factor (Ym) of 3.74% EF enteric fermentation 61 g/animal/day N Intake of 93 g N animal-1 day-1 N Retention of per cent of N intake 23.4,0.53,kg/day,"Equations 10.6, 10.33 (2006 Guidelines and 2019 Refinement)",,"V.M. Nampoothiri, M. Mohini, B.A. Malla, G. Mondal, S. Pandita. 2018. Growth performance, and enteric and manure greenhouse gas emissions from Murrah calves fed diets with different forage to concentrate ratios Animal Nutrition 4: 215-221.",Peer-reviewed journal,"Niveta Jain, India"
425452,"4A2 - Buffalo
4B2 - Buffalo","3.A.1.b - Buffalo
3.A.2.b - Buffalo","METHANE
NITROUS OXIDE",,,,Measured,Average weight gain (WG),,"The present study was conducted at livestock farm of National Dairy Research Institute, Karnal. Feeding ration of  fed corn fodder, wheat straw and concentrate (10:30:60). The concentrate mixture consisted of corn grain (330 g/kg DM), groundnut cake (210 g/kg DM), mustard cake (120 g/kg DM), wheat bran (200 g/kg DM), de-oiled rice bran (110 g/kg DM), mineral mixture (20 g/kg DM) and common salt (10 g/kg DM).",India,Effect of dietary concentrate level on enteric methane emission in calves.,Crude protein in diet of 14.2% Net Energy Concentration (NEma): 10.3 MJ/kg dm Dry Matter Intake (DMI) of 4.93 kg/day Methane yield (MY) of 9.47 g CH4/kg DMI  Methane conversion factor (Ym) of 3.01% EF enteric fermentation 52.1 g/animal/day N Intake of 118 g N animal-1 day-1 N Retention of per cent of N intake 21.9,0.63,kg/day,"Equations 10.6, 10.33 (2006 Guidelines and 2019 Refinement)",,"V.M. Nampoothiri, M. Mohini, B.A. Malla, G. Mondal, S. Pandita. 2018. Growth performance, and enteric and manure greenhouse gas emissions from Murrah calves fed diets with different forage to concentrate ratios Animal Nutrition 4: 215-221.",Peer-reviewed journal,"Niveta Jain, India"
425453,"4A2 - Buffalo
4B2 - Buffalo","3.A.1.b - Buffalo
3.A.2.b - Buffalo","METHANE
NITROUS OXIDE",,,,Other (e.g. compiled),Net Energy Concentration (NEma or NEmf),,"The present study was conducted at livestock farm of National Dairy Research Institute, Karnal. Feeding ration of  fed corn fodder, wheat straw and concentrate in three different ratios C20 - 20:60:20, C40 - 20:40:40, and C60 - 10:20:60.   The concentrate mixture consisted of corn grain (330 g/kg DM), groundnut cake (210 g/kg DM), mustard cake (120 g/kg DM), wheat bran (200 g/kg DM), de-oiled rice bran (110 g/kg DM), mineral mixture (20 g/kg DM) and common salt (10 g/kg DM).",India,Effect of dietary concentrate level on enteric methane emission in calves.,,7.9 - 10.3,MJ/kg d.m.,"Equations 10.17, 10.18a, 10.18b (2006 Guidelines) Equations 10.17, 10.18 (2019 Refinement)",,"V.M. Nampoothiri, M. Mohini, B.A. Malla, G. Mondal, S. Pandita. 2018. Growth performance, and enteric and manure greenhouse gas emissions from Murrah calves fed diets with different forage to concentrate ratios Animal Nutrition 4: 215-221.",Peer-reviewed journal,"Niveta Jain, India"
425454,4B2 - Buffalo,3.A.2.b - Buffalo,NITROUS OXIDE,,,,Other (e.g. compiled),Crude protein in diet,,"The present study was conducted at livestock farm of National Dairy Research Institute, Karnal. Feeding ration of  fed corn fodder, wheat straw and concentrate in three different ratios C20 - 20:60:20, C40 - 20:40:40, and C60 - 10:20:60.   The concentrate mixture consisted of corn grain (330 g/kg DM), groundnut cake (210 g/kg DM), mustard cake (120 g/kg DM), wheat bran (200 g/kg DM), de-oiled rice bran (110 g/kg DM), mineral mixture (20 g/kg DM) and common salt (10 g/kg DM).",India,Effect of dietary concentrate level on enteric methane emission in calves.,,79.2 - 142,g/kg DM,Equation 10.32 (2006 Guidelines) Equations 10.32 and 10.32a (2019 Refinement),,"V.M. Nampoothiri, M. Mohini, B.A. Malla, G. Mondal, S. Pandita. 2018. Growth performance, and enteric and manure greenhouse gas emissions from Murrah calves fed diets with different forage to concentrate ratios Animal Nutrition 4: 215-221.",Peer-reviewed journal,"Niveta Jain, India"
425455,4B2 - Buffalo,3.A.2.b - Buffalo,NITROUS OXIDE,,,,Modeled,N intake in young buffalo,,"The present study was conducted at livestock farm of National Dairy Research Institute, Karnal. Feeding ration of  fed corn fodder, wheat straw and concentrate (20:60:20).  The concentrate mixture consisted of corn grain (330 g/kg DM), groundnut cake (210 g/kg DM), mustard cake (120 g/kg DM), wheat bran (200 g/kg DM), de-oiled rice bran (110 g/kg DM), mineral mixture (20 g/kg DM) and common salt (10 g/kg DM).",India,Effect of dietary concentrate level on enteric methane emission in calves.,Crude protein in diet of 7.92% Net Energy Concentration (NEma) of 7.9 MJ/kg dm Average weight gain of 0.47 kg/day Dry Matter Intake (DMI) of 4.65 kg/day Methane yield (MY) of 13.6 g CH4/kg DMI  Methane conversion factor (Ym) of 4.35% EF enteric fermentation 66.4 g/animal/day N Retention of per cent of N intake 28.2,58.8,g N animal-1 day-1,"Equations 10.31 (2006 Guidelines) Equations 10.31, 10.31A (2019 Refinement)",,"V.M. Nampoothiri, M. Mohini, B.A. Malla, G. Mondal, S. Pandita. 2018. Growth performance, and enteric and manure greenhouse gas emissions from Murrah calves fed diets with different forage to concentrate ratios Animal Nutrition 4: 215-221.",Peer-reviewed journal,"Niveta Jain, India"
425456,4B2 - Buffalo,3.A.2.b - Buffalo,NITROUS OXIDE,,,,Modeled,N intake in young buffalo,,"The present study was conducted at livestock farm of National Dairy Research Institute, Karnal. Feeding ration of  fed corn fodder, wheat straw and concentrate (20:40:40). The concentrate mixture consisted of corn grain (330 g/kg DM), groundnut cake (210 g/kg DM), mustard cake (120 g/kg DM), wheat bran (200 g/kg DM), de-oiled rice bran (110 g/kg DM), mineral mixture (20 g/kg DM) and common salt (10 g/kg DM).",India,Effect of dietary concentrate level on enteric methane emission in calves.,Crude protein in diet of 11.4% Net Energy Concentration (NEma): 9.28 MJ/kg dm Average weight gain 0.53 kg/day Dry Matter Intake (DMI) of 4.66 kg/day Methane yield (MY) of 11.8 g CH4/kg DMI  Methane conversion factor (Ym) of 3.74% EF enteric fermentation 61 g/animal/day N Retention of per cent of N intake 23.4,93,g N animal-1 day-1,"Equations 10.31 (2006 Guidelines) Equations 10.31, 10.31A (2019 Refinement)",,"V.M. Nampoothiri, M. Mohini, B.A. Malla, G. Mondal, S. Pandita. 2018. Growth performance, and enteric and manure greenhouse gas emissions from Murrah calves fed diets with different forage to concentrate ratios Animal Nutrition 4: 215-221.",Peer-reviewed journal,"Niveta Jain, India"
425457,4B2 - Buffalo,3.A.2.b - Buffalo,NITROUS OXIDE,,,,Modeled,N intake in diet in young buffalo,,"The present study was conducted at livestock farm of National Dairy Research Institute, Karnal. Feeding ration of  fed corn fodder, wheat straw and concentrate (10:30:60). The concentrate mixture consisted of corn grain (330 g/kg DM), groundnut cake (210 g/kg DM), mustard cake (120 g/kg DM), wheat bran (200 g/kg DM), de-oiled rice bran (110 g/kg DM), mineral mixture (20 g/kg DM) and common salt (10 g/kg DM).",India,Effect of dietary concentrate level on enteric methane emission in calves.,Crude protein in diet of 14.2% Net Energy Concentration (NEma): 10.3 MJ/kg dm Average weight gain 0.63 kg/day Dry Matter Intake (DMI) of 4.93 kg/day Methane yield (MY) of 9.47 g CH4/kg DMI  Methane conversion factor (Ym) of 3.01% EF enteric fermentation 52.1 g/animal/day N Retention of per cent of N intake 28.2,118,g N animal-1 day-1,"Equations 10.31 (2006 Guidelines) Equations 10.31, 10.31A (2019 Refinement)",,"V.M. Nampoothiri, M. Mohini, B.A. Malla, G. Mondal, S. Pandita. 2018. Growth performance, and enteric and manure greenhouse gas emissions from Murrah calves fed diets with different forage to concentrate ratios Animal Nutrition 4: 215-221.",Peer-reviewed journal,"Niveta Jain, India"
425458,4B2 - Buffalo,3.A.2.b - Buffalo,NITROUS OXIDE,,,,Modeled,N Retention in young buffalo,,"The present study was conducted at livestock farm of National Dairy Research Institute, Karnal. Feeding ration of  fed corn fodder, wheat straw and concentrate (20:60:20).  The concentrate mixture consisted of corn grain (330 g/kg DM), groundnut cake (210 g/kg DM), mustard cake (120 g/kg DM), wheat bran (200 g/kg DM), de-oiled rice bran (110 g/kg DM), mineral mixture (20 g/kg DM) and common salt (10 g/kg DM).",India,Effect of dietary concentrate level on enteric methane emission in calves.,Crude protein in diet of 7.92% Net Energy Concentration (NEma) of 7.9 MJ/kg dm Average weight gain of 0.47 kg/day Dry Matter Intake (DMI) of 4.65 kg/day Methane yield (MY) of 13.6 g CH4/kg DMI  Methane conversion factor (Ym) of 4.35% EF enteric fermentation 66.4 g/animal/day N Intake of 58.8 g N animal-1 day-1,28.2,% of N intake,"Equations 10.31 (2006 Guidelines) Equations 10.31, 10.31A (2019 Refinement)",,"V.M. Nampoothiri, M. Mohini, B.A. Malla, G. Mondal, S. Pandita. 2018. Growth performance, and enteric and manure greenhouse gas emissions from Murrah calves fed diets with different forage to concentrate ratios Animal Nutrition 4: 215-221.",Peer-reviewed journal,"Niveta Jain, India"
425459,4B2 - Buffalo,3.A.2.b - Buffalo,NITROUS OXIDE,,,,Modeled,N Retention in young buffalo,,"The present study was conducted at livestock farm of National Dairy Research Institute, Karnal. Feeding ration of  fed corn fodder, wheat straw and concentrate (20:40:40). The concentrate mixture consisted of corn grain (330 g/kg DM), groundnut cake (210 g/kg DM), mustard cake (120 g/kg DM), wheat bran (200 g/kg DM), de-oiled rice bran (110 g/kg DM), mineral mixture (20 g/kg DM) and common salt (10 g/kg DM).",India,Effect of dietary concentrate level on enteric methane emission in calves.,Crude protein in diet of 11.4% Net Energy Concentration (NEma): 9.28 MJ/kg dm Average weight gain 0.53 kg/day Dry Matter Intake (DMI) of 4.66 kg/day Methane yield (MY) of 11.8 g CH4/kg DMI  Methane conversion factor (Ym) of 3.74% EF enteric fermentation 61 g/animal/day N Intake of 93 g N animal-1 day-1,23.4,% of N intake,"Equations 10.31 (2006 Guidelines) Equations 10.31, 10.31A (2019 Refinement)",,"V.M. Nampoothiri, M. Mohini, B.A. Malla, G. Mondal, S. Pandita. 2018. Growth performance, and enteric and manure greenhouse gas emissions from Murrah calves fed diets with different forage to concentrate ratios Animal Nutrition 4: 215-221.",Peer-reviewed journal,"Niveta Jain, India"
425460,4B2 - Buffalo,3.A.2.b - Buffalo,NITROUS OXIDE,,,,Modeled,N Retention in young buffalo,,"The present study was conducted at livestock farm of National Dairy Research Institute, Karnal. Feeding ration of  fed corn fodder, wheat straw and concentrate (10:30:60). The concentrate mixture consisted of corn grain (330 g/kg DM), groundnut cake (210 g/kg DM), mustard cake (120 g/kg DM), wheat bran (200 g/kg DM), de-oiled rice bran (110 g/kg DM), mineral mixture (20 g/kg DM) and common salt (10 g/kg DM).",India,Effect of dietary concentrate level on enteric methane emission in calves.,Crude protein in diet of 14.2% Net Energy Concentration (NEma): 10.3 MJ/kg dm Average weight gain 0.63 kg/day Dry Matter Intake (DMI) of 4.93 kg/day Methane yield (MY) of 9.47 g CH4/kg DMI  Methane conversion factor (Ym) of 3.01% EF enteric fermentation 52.1 g/animal/day N Intake of 118 g N animal-1 day-1,21.9,% of N intake,"Equations 10.31 (2006 Guidelines) Equations 10.31, 10.31A (2019 Refinement)",,"V.M. Nampoothiri, M. Mohini, B.A. Malla, G. Mondal, S. Pandita. 2018. Growth performance, and enteric and manure greenhouse gas emissions from Murrah calves fed diets with different forage to concentrate ratios Animal Nutrition 4: 215-221.",Peer-reviewed journal,"Niveta Jain, India"
425461,4A2 - Buffalo,3.A.1.b - Buffalo,METHANE,,,,Measured,Emission factor for growing yearling male buffalo calves enteric fermentation,"Animal trial was conducted in experimental shed of Animal Nutrition discipline located in cattle yard of National Dairy Research Institute, Karnal. Fifteen growing yearling male Murrah buffalo calves were randomly divided in to 3 groups of 5 animals each and fed in a completely randomized design. SF6 tracer techniques was used to measure methane emissions from animals",,India,Feeding with lower methane generating concentrate mix (16.33 g CH?/kg DM) determined from in-vitro experiment,,88.7,g/head/day,Equation 10.19 (2006 IPCC Guidelines) Equation 10.19update (2019 Refinement),,"S. Prusty, S. Kundu, V.K. Sharma. 2017. Nutrient utilization and methane emissions in Murrah buffalo calves fed on diets with different methanogenic potential. Livestock science 202, pp. 89-95.",Peer-reviewed journal,IPCC TFI TSU
425462,4A2 - Buffalo,3.A.1.b - Buffalo,METHANE,,,,Measured,Emission factor for growing yearling male buffalo calves enteric fermentation,"Animal trial was conducted in experimental shed of Animal Nutrition discipline located in cattle yard of National Dairy Research Institute, Karnal. Fifteen growing yearling male Murrah buffalo calves were randomly divided in to 3 groups of 5 animals each and fed in a completely randomized design.  SF6 tracer techniques was used to measure methane emissions from animals",,India,Feeding with higher methane generating concentrate mix (29.70 g CH?/kg DM) determined from in-vitro experiment,,104.6,g/head/day,Equation 10.19 (2006 IPCC Guidelines) Equation 10.19update (2019 Refinement),,"S. Prusty, S. Kundu, V.K. Sharma. 2017. Nutrient utilization and methane emissions in Murrah buffalo calves fed on diets with different methanogenic potential. Livestock science 202, pp. 89-95.",Peer-reviewed journal,IPCC TFI TSU
425463,4A2 - Buffalo,3.A.1.b - Buffalo,METHANE,,,,Measured,Emission factor for growing yearling male  buffalo calves enteric fermentation,"Animal trial was conducted in experimental shed of Animal Nutrition discipline located in cattle yard of National Dairy Research Institute, Karnal. Fifteen growing yearling male Murrah buffalo calves were randomly divided in to 3 groups of 5 animals each and fed in a completely randomized design.  SF6 tracer techniques was used to measure methane emissions from animals",,India,Feeding with lower methane generating concentrate mix (16.35 g CH?/kg DM) determined from in-vitro experiment,,89.4,g/head/day,Equation 10.19 (2006 IPCC Guidelines) Equation 10.19update (2019 Refinement),,"S. Prusty, S. Kundu, V.K. Sharma. 2017. Nutrient utilization and methane emissions in Murrah buffalo calves fed on diets with different methanogenic potential. Livestock science 202, pp. 89-95.",Peer-reviewed journal,IPCC TFI TSU
425464,4A2 - Buffalo,3.A.1.b - Buffalo,METHANE,,,,Measured,Methane yeild,"Animal trial was conducted in experimental shed of Animal Nutrition discipline located in cattle yard of National Dairy Research Institute, Karnal. Fifteen growing yearling male Murrah buffalo calves were randomly divided in to 3 groups of 5 animals each and fed in a completely randomized design.  SF6 tracer techniques was used to measure methane emissions from animals",,India,Feeding with lower methane generating concentrate mix (16.33 g CH?/kg DM),,20.9,g CH4/kg DMI,Equation 10.21A (2019 Refinement),,"S. Prusty, S. Kundu, V.K. Sharma. 2017. Nutrient utilization and methane emissions in Murrah buffalo calves fed on diets with different methanogenic potential. Livestock science 202, pp. 89-95.",Peer-reviewed journal,IPCC TFI TSU
425465,4A2 - Buffalo,3.A.1.b - Buffalo,METHANE,,,,Measured,Methane yeild,"Animal trial was conducted in experimental shed of Animal Nutrition discipline located in cattle yard of National Dairy Research Institute, Karnal. Fifteen growing yearling male Murrah buffalo calves were randomly divided in to 3 groups of 5 animals each and fed in a completely randomized design.  SF6 tracer techniques was used to measure methane emissions from animals",,India,Feeding with higher methane generating concentrate mix (29.70 g CH?/kg DM),,25.1,g CH4/kg DMI,Equation 10.21A (2019 Refinement),,"S. Prusty, S. Kundu, V.K. Sharma. 2017. Nutrient utilization and methane emissions in Murrah buffalo calves fed on diets with different methanogenic potential. Livestock science 202, pp. 89-95.",Peer-reviewed journal,IPCC TFI TSU
425466,4A2 - Buffalo,3.A.1.b - Buffalo,METHANE,,,,Measured,Methane yeild,"Animal trial was conducted in experimental shed of Animal Nutrition discipline located in cattle yard of National Dairy Research Institute, Karnal. Fifteen growing yearling male Murrah buffalo calves were randomly divided in to 3 groups of 5 animals each and fed in a completely randomized design.  SF6 tracer techniques was used to measure methane emissions from animals",,India,Feeding with lower methane generating concentrate mix (16.35 g CH?/kg DM),,20.7,g CH4/kg DMI,Equation 10.21A (2019 Refinement),,"S. Prusty, S. Kundu, V.K. Sharma. 2017. Nutrient utilization and methane emissions in Murrah buffalo calves fed on diets with different methanogenic potential. Livestock science 202, pp. 89-95.",Peer-reviewed journal,IPCC TFI TSU
425467,4B2 - Buffalo,3.A.2.b - Buffalo,NITROUS OXIDE,,,,Other (e.g. compiled),Crude Protein in diet,"Animal trial was conducted in experimental shed of Animal Nutrition discipline located in cattle yard of National Dairy Research Institute, Karnal. Fifteen growing yearling male Murrah buffalo calves were randomly divided in to 3 groups of 5 animals each and fed in a completely randomized design.","Buffalo calves, No significant difference in crude protein between the three diet mixes.  diet mix C1: Sorghum 50%, Rice bran 10%, De-Oiled Mustard Cake 40%  diet mix C2: Sorghum 45%, Wheat bran 20%, De-Oiled Mustard Cake 30%  diet mix C3: Sorghum 43%, Wheat bran 15%, De-Oiled Mustard Cake 32% diet mix C4: Sorghum 40%, Rice bran 15%, De-Oiled Mustard Cake 30%  diet mix C5: Maize 30%, Gram Churi 50%, Soybean Meal 20%  diet mix C6: Maize 37%, Wheat Bran 38%, Soybean Meal 25%",India,,Net Energy Concentration (NEma). Diet mix 1 - 13.15 MJ/kg dm; Diet mix 2 - 12.76 MJ/kg dm; Diet mix 3 - 12.71 MJ/kg dm; Diet mix 4 - 13.01 MJ/kg dm; Diet mix 5 - 13.12 MJ/kg dm; Diet mix 6 - 13.19 MJ/kg dm.,19.92 - 20.76,%,Equation 10.32 (2006 Guidelines) Equations 10.32 and 10.32a (2019 Refinement),,"S. Prusty, S. Kundu, V.K. Sharma. 2017. Nutrient utilization and methane emissions in Murrah buffalo calves fed on diets with different methanogenic potential. Livestock science 202, pp. 89-95.",Peer-reviewed journal,IPCC TFI TSU
425468,"4A2 - Buffalo
4B2 - Buffalo","3.A.1.b - Buffalo
3.A.2.b - Buffalo","METHANE
NITROUS OXIDE",,,,Other (e.g. compiled),Net Energy Concentration (NEma or NEmf),"Animal trial was conducted in experimental shed of Animal Nutrition discipline located in cattle yard of National Dairy Research Institute, Karnal. Fifteen growing yearling male Murrah buffalo calves were randomly divided in to 3 groups of 5 animals each and fed in a completely randomized design.","Buffalo calves, No significant difference in Net energy concentration between the three diet mixes.  diet mix C1: Sorghum 50%, Rice bran 10%, De-Oiled Mustard Cake 40%  diet mix C2: Sorghum 45%, Wheat bran 20%, De-Oiled Mustard Cake 30%  diet mix C3: Sorghum 43%, Wheat bran 15%, De-Oiled Mustard Cake 32% diet mix C4: Sorghum 40%, Rice bran 15%, De-Oiled Mustard Cake 30%  diet mix C5: Maize 30%, Gram Churi 50%, Soybean Meal 20%  diet mix C6: Maize 37%, Wheat Bran 38%, Soybean Meal 25%",India,,Crude Protein,12.71 - 13.19,MJ/kg d.m.,"Equations 10.17, 10.18a, 10.18b (2006 Guidelines) Equations 10.17, 10.18 (2019 Refinement)",,"S. Prusty, S. Kundu, V.K. Sharma. 2017. Nutrient utilization and methane emissions in Murrah buffalo calves fed on diets with different methanogenic potential. Livestock science 202, pp. 89-95.",Peer-reviewed journal,IPCC TFI TSU
425469,"4A2 - Buffalo
4B4 - Goats","3.A.1.b - Buffalo
3.A.2.b - Buffalo","METHANE
NITROUS OXIDE",,,,Measured,Average body weight,"Animal trial was conducted in experimental shed of Animal Nutrition discipline located in cattle yard of National Dairy Research Institute, Karnal. Fifteen growing yearling male Murrah buffalo calves were randomly divided in to 3 groups of 5 animals each and fed in a completely randomized design.",Buffalo calves  Treatment low methane ration (TLM1): Ingredients in TMR (% DM) Sorghum 22  Wheat bran 10  Mustard cake-deoiled 17  Mineral mixture 1  Salt 0.5  Lucerne fodder 50   Treatment low methane ration (TLM2): Ingredients in TMR (% DM) Sorghum 19 Rice bran 7 Mustard cake-deoiled 15 CSC 7 Mineral mixture 1  Salt 0.5  Lucerne fodder 50   Treatment high methane ration (THM): Ingredients in TMR (% DM) Maize 18 Wheat bran 18 SBM 12 Mineral mixture 1  Salt 0.5  Lucerne fodder 50,India,,Daily DMI (in kg per 100kg of body weight): 2.9 - 3.1,146 - 154,kg,"Ch. 10, Vol. 4 of the 2006 IPCC Guidelines",,"S. Prusty, S. Kundu, V.K. Sharma. 2017. Nutrient utilization and methane emissions in Murrah buffalo calves fed on diets with different methanogenic potential. Livestock science 202, pp. 89-95.",Peer-reviewed journal,IPCC TFI TSU
425470,4B5 - Camels and Llamas,3.A.2.b - Buffalo,NITROUS OXIDE,,,,Measured,N intake,"Animal trial was conducted in experimental shed of Animal Nutrition discipline located in cattle yard of National Dairy Research Institute, Karnal. Fifteen growing yearling male Murrah buffalo calves were randomly divided in to 3 groups of 5 animals each and fed in a completely randomized design.",Buffalo calves  Treatment low methane ration (TLM1): Ingredients in TMR (% DM) Sorghum 22  Wheat bran 10  Mustard cake-deoiled 17  Mineral mixture 1  Salt 0.5  Lucerne fodder 50   Treatment low methane ration (TLM2): Ingredients in TMR (% DM) Sorghum 19 Rice bran 7 Mustard cake-deoiled 15 CSC 7 Mineral mixture 1  Salt 0.5  Lucerne fodder 50   Treatment high methane ration (THM): Ingredients in TMR (% DM) Maize 18 Wheat bran 18 SBM 12 Mineral mixture 1  Salt 0.5  Lucerne fodder 50,India,,Body weight not significantly different Daily DMI not significantly different,121.3 - 122.8,g N animal-1 day-1,"Equations 10.31 (2006 Guidelines) Equations 10.31, 10.31A (2019 Refinement)",,"S. Prusty, S. Kundu, V.K. Sharma. 2017. Nutrient utilization and methane emissions in Murrah buffalo calves fed on diets with different methanogenic potential. Livestock science 202, pp. 89-95.",Peer-reviewed journal,IPCC TFI TSU
425471,4B6 - Horses,3.A.2.b - Buffalo,NITROUS OXIDE,,,,Measured,N retention,"Animal trial was conducted in experimental shed of Animal Nutrition discipline located in cattle yard of National Dairy Research Institute, Karnal. Fifteen growing yearling male Murrah buffalo calves were randomly divided in to 3 groups of 5 animals each and fed in a completely randomized design.",Buffalo calves  Treatment low methane ration (TLM1): Ingredients in TMR (% DM) Sorghum 22  Wheat bran 10  Mustard cake-deoiled 17  Mineral mixture 1  Salt 0.5  Lucerne fodder 50   Treatment low methane ration (TLM2): Ingredients in TMR (% DM) Sorghum 19 Rice bran 7 Mustard cake-deoiled 15 CSC 7 Mineral mixture 1  Salt 0.5  Lucerne fodder 50   Treatment high methane ration (THM): Ingredients in TMR (% DM) Maize 18 Wheat bran 18 SBM 12 Mineral mixture 1  Salt 0.5  Lucerne fodder 50,India,,Body weight not significantly different Daily DMI not significantly different,26.8 - 28.6,% of N intake,"Equations 10.31 (2006 Guidelines) Equations 10.31, 10.31A (2019 Refinement)",,"S. Prusty, S. Kundu, V.K. Sharma. 2017. Nutrient utilization and methane emissions in Murrah buffalo calves fed on diets with different methanogenic potential. Livestock science 202, pp. 89-95.",Peer-reviewed journal,IPCC TFI TSU
525520,"5-CL-2 - Land Converted to Cropland
5-FL-1 - Forest Land Remaining Forest Land
5-GL-2 - Land Converted to Grassland
5-OL-2 - Land Converted to Other Land
5-SL-1 - Settlements Remaining Settlements
5-WL-2 - Land Converted to Wetlands","3.B.2.b.i - Forest Land converted to Cropland
3.B.1.a - Forest land Remaining Forest land
3.C.1.a - Burning in Forest Land
3.B.3.b.i - Forest Land converted to Grassland
3.B.6.b.i - Forest Land converted to Other Land
3.B.4.b.iii - Land converted to other wetlands
3.B.5.b.i - Forest Land converted to Settlements","NITROGEN OXIDES (NO+NO2)
METHANE
CARBON MONOXIDE
CARBON DIOXIDE
NITROUS OXIDE",,,Above-ground biomass (AGB),Other (e.g. compiled),Aboveground Biomass,,"Vegetation/crop type/subtype: Trees, broadleaf;  Species: Seasonal dry evergreen, mixed deciduous, mixed dipterocarpus; Biomass attributes/age: dbh trees >= 1 cm/ mature; Soil type/nutrient content: Alfisol.","Spatial boundaries: Asia, India, Tamil Nadu (geographic coordinates: 11.5989, 76.5338); Climate: ; Ecological zone: Tropical dry forest; Temperature:  mean annual temperature 22.7 degrees C; Moisture: annual precipitation: 1255 mm yr-1",,ForC site: Mudumalai CTFS-ForestGEO plot (ID#: 2102); ForC plot: 50-ha forest dynamics plot (ID#: 2759); ForC measurement ID: 48973; Date of Measurement: 1994; plot size: 50 ha; disturbance type: No severe disturbance since 1985; variable description: Total live aboveground live biomass; elevation: 1050 m; Koeppen climate zone: Aw.,174.23,tonnes dry matter/ha,"Equations 2.14, 2.16 and 2.27, Vol. 4 of the 2006 IPCC Guidelines",,"Chave, J., Condit, R., Muller-Landau, H. C., Thomas, S. C., Ashton, P. S., Bunyavejchewin, S., ... Losos, E. C. (2008). Assessing Evidence for a Pervasive Alteration in Tropical Tree Communities. PLoS Biology, 6(3), e45. doi:10.1371/journal.pbio.0060045",Peer-reviewed journal,"ForC Database Team (lead: Kristina Anderson-Teixeira, Smithsonian Institution), United States of America"
525521,5-FL-1 - Forest Land Remaining Forest Land,3.B.1.a - Forest land Remaining Forest land,"NITROGEN OXIDES (NO+NO2)
METHANE
CARBON MONOXIDE
CARBON DIOXIDE
NITROUS OXIDE",,,Above-ground biomass (AGB),Other (e.g. compiled),Aboveground Biomass Increment,,"Vegetation/crop type/subtype: Trees, broadleaf;  Species: Seasonal dry evergreen, mixed deciduous, mixed dipterocarpus; Biomass attributes/age: dbh trees >= 1 cm/ mature; Soil type/nutrient content: Alfisol.  FAO ecological zone: Tropical dry forest; vegetation type: Trees, broadleaf; species/forest composition: Seasonal dry evergreen, mixed deciduous, mixed dipterocarpus; stand age: mature; biomass attributes: dbh trees >= 1 cm; soil type: Alfisol","Spatial boundaries: Asia, India, Tamil Nadu (geographic coordinates: 11.5989, 76.5338); Climate: ; Ecological zone: Tropical dry forest; Temperature:  mean annual temperature 22.7 degrees C; Moisture: annual precipitation: 1255 mm yr-1",,ForC site: Mudumalai CTFS-ForestGEO plot (ID#: 2102); ForC plot: 50-ha forest dynamics plot (ID#: 2759); ForC measurement ID: 48974; Date of Measurement: 2000-1988; plot size: 50 ha; disturbance type: No severe disturbance since 1985; variable description: Net change in live aboveground biomass;  elevation: 1050 m; Koeppen climate zone: Aw.,1.26,tonnes dm/ha/year,"Equation 2.8, Chapter 2, Volume 4 of the 2006 IPCC Guidelines",,"Chave, J., Condit, R., Muller-Landau, H. C., Thomas, S. C., Ashton, P. S., Bunyavejchewin, S., ... Losos, E. C. (2008). Assessing Evidence for a Pervasive Alteration in Tropical Tree Communities. PLoS Biology, 6(3), e45. doi:10.1371/journal.pbio.0060045",Peer-reviewed journal,"ForC Database Team (lead: Kristina Anderson-Teixeira, Smithsonian Institution), United States of America"
525538,"5-CL-2 - Land Converted to Cropland
5-FL-1 - Forest Land Remaining Forest Land
5-GL-2 - Land Converted to Grassland
5-OL-2 - Land Converted to Other Land
5-SL-1 - Settlements Remaining Settlements
5-WL-2 - Land Converted to Wetlands","3.B.2.b.i - Forest Land converted to Cropland
3.B.1.a - Forest land Remaining Forest land
3.C.1.a - Burning in Forest Land
3.B.3.b.i - Forest Land converted to Grassland
3.B.6.b.i - Forest Land converted to Other Land
3.B.4.b.iii - Land converted to other wetlands
3.B.5.b.i - Forest Land converted to Settlements","NITROGEN OXIDES (NO+NO2)
METHANE
CARBON MONOXIDE
CARBON DIOXIDE
NITROUS OXIDE",,,Above-ground biomass (AGB),Other (e.g. compiled),Aboveground Biomass,,"Vegetation/crop type/subtype: Trees, broadleaf, deciduous or with dominant deciduous component/ Open canopy woodland with grass cover/seasonal semi-evergreen lowland forest;  Species: ; Biomass attributes/age: dbh trees >= 1 cm; Soil type/nutrient content: Alfisols.","Spatial boundaries:  Asia, India, Tamil Nadu (geographic coordinates: 11.5989, 76.5338); Climate: ; Ecological zone: Tropical dry forest; Temperature:  mean annual temperature: 22.7 degrees C; Moisture: annual precipitation: 1255 mm yr-1.",,ForC site: Mudumalai CTFS-ForestGEO plot (ID#: 2102); ForC plot: 50-ha forest dynamics plot (ID#: 2759); ForC measurement ID: 17424; plot size: 50 ha; disturbance type: No severe disturbance since 1985; variable description: Total live aboveground live biomass; elevation: 1050 m; Koeppen climate zone: Aw.,204.7,tonnes dry matter/ha,"Equations 2.14, 2.16 and 2.27, Vol. 4 of the 2006 IPCC Guidleines",,"Lutz, J. A., Furniss, T. J., Johnson, D. J., Davies, S. J., Allen, D., Alonso, A., ... Becker, K. M. L. (2018). Global importance of large-diameter trees. Global Ecology and Biogeography, 27(7), 849-864. doi:10.1111/geb.12747",Peer-reviewed journal,"ForC Database Team (lead: Kristina Anderson-Teixeira, Smithsonian Institution), United States of America"
125565,1B1a1 - Underground Mines,1.B.1.a.i - Underground mines,CARBON DIOXIDE,,,,Measured,Fugitive emissions from underground mining activities Average (weighted based on coal production),Conventional underground mining in Indian conditions,Active mine conditions,"Measurements were carried out on 81 degree-I mines.  These mines were located in different coalfields within eastern and central India. The coalfields within these measurements were: Raniganj, Jharia, East-Bokaro, Mand-Raigarh, Pranhita Godavari, Sohagpur, Ib Valley, Pench-Kannan, Bisrampur, Johilla and Hasdeo, India. ""Degree-I"" underground seam refers to a coal seams in which the percentage of methane in the general body of air does not exceed 0.1 and the rate of emission of methane does not exceed one cubic meter per tonne of coal produced. (Reg 2(12A), Coal Mines Regulations, 1957, DGMS, India).",none,Production of coal varied between 20-1779 tonnes per day at the various mine sites,13.76,m3/tonne of coal,,,"Singh A.K., Singh U., Panigrahi D.C., Singh J. (2021). Updated emission inventory of underground coal mining activities based on 2019 IPCC Refinement, PMRC Working Paper: 01/2021",Other,"Dr. Ajay Kumar Singh, India"
125566,1B1a1 - Underground Mines,1.B.1.a.i - Underground mines,CARBON DIOXIDE,,,,Measured,Fugitive emissions from underground mining activities Average (weighted based on coal production),Conventional underground mining in Indian conditions,Active mine conditions,,none,Production of coal varied between 56-1266 tonnes per day at the various mine sites,7.83,m3/tonne of coal,,,"Singh A.K., Singh U., Panigrahi D.C., Singh J. (2021). Updated emission inventory of underground coal mining activities based on 2019 IPCC Refinement, PMRC Working Paper: 01/2022",Other,"Dr. Ajay Kumar Singh, India"
125567,1B1a1 - Underground Mines,1.B.1.a.i - Underground mines,CARBON DIOXIDE,,,,Measured,Fugitive emissions from underground mining activities Average (weighted based on coal production),Conventional underground mining in Indian conditions,Active mine conditions,,none,Production of coal varied between 20-1242 tonnes per day at the various mine sites,17.65,m3/tonne of coal,,,"Singh A.K., Singh U., Panigrahi D.C., Singh J. (2021). Updated emission inventory of underground coal mining activities based on 2019 IPCC Refinement, PMRC Working Paper: 01/2023",Other,"Dr. Ajay Kumar Singh, India"
125568,1B1a1 - Underground Mines,1.B.1.a.i - Underground mines,METHANE,,,,Measured,Fugitive methane emissions from underground coal mining activities from Degree-I mines. Average (weighted based on coal production),Conventional underground coal mining in Indian conditions,Active mine conditions,"Measurements were carried out on 81 degree-I mines.  These mines were located in different coalfields within eastern and central India. The coalfields within these measurements were: Raniganj, Jharia, East-Bokaro, Mand-Raigarh, Pranhita Godavari, Sohagpur, Ib Valley, Pench-Kannan, Bisrampur, Johilla and Hasdeo, India. ""Degree-I"" underground seam refers to a coal seams in which the percentage of methane in the general body of air does not exceed 0.1 and the rate of emission of methane does not exceed one cubic meter per tonne of coal produced. (Reg 2(12A), Coal Mines Regulations, 1957, DGMS, India).",none,Production of coal varied between 20-1779 tonnes per day at the various mine sites,0.86,m3/tonne of coal,,,"Singh A.K., Singh U., Panigrahi D.C., Singh J. (2021). Updated emission inventory of underground coal mining activities based on 2019 IPCC Refinement, PMRC Working Paper: 01/2021",Other,"Dr. Ajay Kumar Singh, India"
125569,1B1a1 - Underground Mines,1.B.1.a.i - Underground mines,METHANE,,,,Measured,Fugitive methane emissions from underground coal mining activities from Degree-II mines. Average (weighted based on coal production),Conventional underground coal mining in Indian conditions,Active mine conditions,,none,Production of coal varied between 56-1266 tonnes per day at the various mine sites,4.46,m3/tonne of coal,,,"Singh A.K., Singh U., Panigrahi D.C., Singh J. (2021). Updated emission inventory of underground coal mining activities based on 2019 IPCC Refinement, PMRC Working Paper: 01/2021",Other,"Dr. Ajay Kumar Singh, India"
125570,1B1a1 - Underground Mines,1.B.1.a.i - Underground mines,METHANE,,,,Measured,Fugitive methane emissions from underground coal mining activities from Degree-III mines. Average (weighted based on coal production),Conventional underground coal mining in Indian conditions,Active mine conditions,,none,Production of coal varied between 20-1242 tonnes per day at the various mine sites,14.12,m3/tonne of coal,,,"Singh A.K., Singh U., Panigrahi D.C., Singh J. (2021). Updated emission inventory of underground coal mining activities based on 2019 IPCC Refinement, PMRC Working Paper: 01/2021",Other,"Dr. Ajay Kumar Singh, India"
525853,5-FL - Forest Land,3.B.1 - Forest land,CARBON DIOXIDE,,,Above-ground biomass (AGB),Other (e.g. compiled),Aboveground Net Primary Production: litterfall component (ANPP_litterfall),,"FAO ecological zone: Tropical rainforest; vegetation type: Trees, broadleaf evergreen; species/forest composition: Rhizophora spp.","country: India; state/province/region: Andaman and Nicobar Islands; geographic coordinates: 12.5, 92.75; continent: Asia; annual precipitation: 3180 mm yr-1",,"ForC site: Andaman Islands  (ID#: 2794); ForC plot: monogeneric mangrove forest (MNMF) (ID#: 3940); ForC measurement ID: 24960; Date of Measurement: 1990; Koeppen climate zone: Am; variable description: Anuall litterfall, including leaves, twigs, and reproductive structures.",7.1,tonnes dm/ha/year,Equation 2.18,,"Mall, L. P., V. P. Singh & A. Garge, 1991. Study of biomass, litterfall, litter decomposition and soil respiration in monogeneric and mixed mangrove forests of Andaman Islands. Trop. Ecol. 32: 144Ð152.",Peer-reviewed journal,TFI TSU
525854,5-FL - Forest Land,3.B.1 - Forest land,"NITROGEN OXIDES (NO+NO2)
METHANE
CARBON MONOXIDE
CARBON DIOXIDE
NITROUS OXIDE",,,Classified otherwise,Other (e.g. compiled),Biomass (biomass),,"FAO ecological zone: Tropical rainforest; vegetation type: Trees, broadleaf evergreen; species/forest composition: Rhizophora spp.","country: India; state/province/region: Andaman and Nicobar Islands; geographic coordinates: 12.5, 92.75; continent: Asia; annual precipitation: 3180 mm yr-1",,ForC site: Andaman Islands  (ID#: 2794); ForC plot: monogeneric mangrove forest (MNMF) (ID#: 3940); ForC measurement ID: 24961; Date of Measurement: 1990; Koeppen climate zone: Am; variable description: Total live biomass (above and below-ground).,124.0,tonnes dry matter/ha,"Equations 2.14, 2.16, 2.27",,"Mall, L. P., V. P. Singh & A. Garge, 1991. Study of biomass, litterfall, litter decomposition and soil respiration in monogeneric and mixed mangrove forests of Andaman Islands. Trop. Ecol. 32: 144Ð152.",Peer-reviewed journal,TFI TSU
525855,5-FL - Forest Land,3.B.1 - Forest land,"NITROGEN OXIDES (NO+NO2)
METHANE
CARBON MONOXIDE
CARBON DIOXIDE
NITROUS OXIDE",,,Below-ground biomass (BGB),Other (e.g. compiled),Biomass: root component (biomass_root),,"FAO ecological zone: Tropical rainforest; vegetation type: Trees, broadleaf evergreen; species/forest composition: Rhizophora spp.","country: India; state/province/region: Andaman and Nicobar Islands; geographic coordinates: 12.5, 92.75; continent: Asia; annual precipitation: 3180 mm yr-1",,ForC site: Andaman Islands  (ID#: 2794); ForC plot: monogeneric mangrove forest (MNMF) (ID#: 3940); ForC measurement ID: 24963; Date of Measurement: 1990; Koeppen climate zone: Am; variable description: Total root biomass.,30.5,tonnes dry matter/ha,"Equations 2.14, 2.16",,"Mall, L. P., V. P. Singh & A. Garge, 1991. Study of biomass, litterfall, litter decomposition and soil respiration in monogeneric and mixed mangrove forests of Andaman Islands. Trop. Ecol. 32: 144Ð152.",Peer-reviewed journal,TFI TSU
525915,"5-CL-2 - Land Converted to Cropland
5-FL-1 - Forest Land Remaining Forest Land
5-FL-2 - Land Converted to Forest Land
5-GL-2 - Land Converted to Grassland
5-OL-2 - Land Converted to Other Land
5-SL-2 - Land Converted to Settlements
5-WL-2 - Land Converted to Wetlands","3.B.2.b.i - Forest Land converted to Cropland
3.B.1.a - Forest land Remaining Forest land
3.B.1.b - Land Converted to Forest land
3.B.3.b.i - Forest Land converted to Grassland
3.B.6.b.i - Forest Land converted to Other Land
3.B.5.b.i - Forest Land converted to Settlements
3.B.4.b - Land Converted to Wetlands","NITROGEN OXIDES (NO+NO2)
METHANE
CARBON MONOXIDE
CARBON DIOXIDE
NITROUS OXIDE",,,,Other (e.g. compiled),Aboveground Biomass (biomass_ag),,"Vegetation/crop type/subtype: Trees, broadleaf and/or conifer, deciduous or with dominant deciduous component; Species/forest composition: Gmelina arborea/Gmelina arborea monoculture plantation; Biomass attributes/age: dbh trees >= 3.5 cm/ 1 yr;  Soil type: Entisol/clay.","Spatial boundaries: Asia, India, Chhattisgarh, Anandgoan (geographic coordinates: 21.9, 81.55); Climate: ; Ecological zone: Tropical dry forest; Temperature:  mean annual temperature: ; Moisture: annual precipitation: 1200 mm yr-1.","Management: Irrigation, Fertilization_K, Fertilization_N, Fertilization_P, Fertilization_N",site: Anandgoan; plot: Stand development of monoculture plantation.1y ; Date of Measurement: 2000.6; plot size: 0.05 ha; regrowth type: Planted; regrowth year: 1999.5; variable description: Total live aboveground biomass. elevation: 300 m; Koeppen climate zone: Aw.,3.34,tonnes dry matter/ha,"Equations 2.14, 2.16, 2.27",,"Swamy, S. L., Kushwaha, S. K., & Puri, S. (2004). Tree growth, biomass, allometry and nutrient distribution in Gmelina arborea stands grown in red lateritic soils of Central India. Biomass and Bioenergy, 26(4), 305-317. doi:10.1016/j.biombioe.2003.08.007",Peer-reviewed journal,TFI TSU
525916,"5-CL-2 - Land Converted to Cropland
5-FL-1 - Forest Land Remaining Forest Land
5-FL-2 - Land Converted to Forest Land
5-GL-2 - Land Converted to Grassland
5-OL-2 - Land Converted to Other Land
5-SL-2 - Land Converted to Settlements
5-WL-2 - Land Converted to Wetlands","3.B.2.b.i - Forest Land converted to Cropland
3.B.1.a - Forest land Remaining Forest land
3.B.1.b - Land Converted to Forest land
3.B.3.b.i - Forest Land converted to Grassland
3.B.6.b.i - Forest Land converted to Other Land
3.B.5.b.i - Forest Land converted to Settlements
3.B.4.b - Land Converted to Wetlands",CARBON DIOXIDE,,,Below-ground biomass (BGB),Other (e.g. compiled),Biomass: root component (biomass_root),,"Vegetation/crop type/subtype: Trees, broadleaf and/or conifer, deciduous or with dominant deciduous component; Species/forest composition: Gmelina arborea/Gmelina arborea monoculture plantation; Biomass attributes/age: 1 yr;  Soil type: Entisol/clay.","Spatial boundaries: Asia, India, Chhattisgarh, Anandgoan (geographic coordinates: 21.9, 81.55); Climate: ; Ecological zone: Tropical dry forest; Temperature:  mean annual temperature: ; Moisture: annual precipitation: 1200 mm yr-1.","Management: Irrigation, Fertilization_K, Fertilization_N, Fertilization_P, Fertilization_N",site: Anandgoan; plot: Stand development of monoculture plantation.1y; Date of Measurement: 2000.6; plot size: 0.05 ha; regrowth type: Planted; regrowth year: 1999.5; variable description: Total root biomass.; minimum root diameter: 2 mm; depth of measurement: 100 cm. elevation: 300 m; Koeppen climate zone: Aw.,0.6,tonnes dry matter/ha,"Equations 2.14, 2.16",,"Swamy, S. L., Kushwaha, S. K., & Puri, S. (2004). Tree growth, biomass, allometry and nutrient distribution in Gmelina arborea stands grown in red lateritic soils of Central India. Biomass and Bioenergy, 26(4), 305-317. doi:10.1016/j.biombioe.2003.08.007",Peer-reviewed journal,TFI TSU
525917,"5-CL-2 - Land Converted to Cropland
5-FL-1 - Forest Land Remaining Forest Land
5-FL-2 - Land Converted to Forest Land
5-GL-2 - Land Converted to Grassland
5-OL-2 - Land Converted to Other Land
5-SL-2 - Land Converted to Settlements
5-WL-2 - Land Converted to Wetlands","3.B.2.b.i - Forest Land converted to Cropland
3.B.1.a - Forest land Remaining Forest land
3.B.1.b - Land Converted to Forest land
3.B.3.b.i - Forest Land converted to Grassland
3.B.6.b.i - Forest Land converted to Other Land
3.B.5.b.i - Forest Land converted to Settlements
3.B.4.b - Land Converted to Wetlands","NITROGEN OXIDES (NO+NO2)
METHANE
CARBON MONOXIDE
CARBON DIOXIDE
NITROUS OXIDE",,,Classified otherwise,Other (e.g. compiled),Total Biomass,,"Vegetation/crop type/subtype: Trees, broadleaf and/or conifer, deciduous or with dominant deciduous component; Species/forest composition: Gmelina arborea/Gmelina arborea monoculture plantation; Biomass attributes/age: dbh trees >= 3.5 cm/ 1 yr;  Soil type: Entisol/clay.","Spatial boundaries: Asia, India, Chhattisgarh, Anandgoan (geographic coordinates: 21.9, 81.55); Climate: ; Ecological zone: Tropical dry forest; Temperature:  mean annual temperature: ; Moisture: annual precipitation: 1200 mm yr-1.","Management: Irrigation, Fertilization_K, Fertilization_N, Fertilization_P, Fertilization_N",site: Anandgoan; plot: Stand development of monoculture plantation.1y; Date of Measurement: 2000.6; plot size: 0.05 ha; regrowth type: Planted; regrowth year: 1999.5; variable description: Total root biomass.; minimum root diameter: 2 mm; depth of measurement: 100 cm. elevation: 300 m; Koeppen climate zone: Aw.,3.94,tonnes dry matter/ha,"Equations 2.14, 2.16, 2.27",,"Swamy, S. L., Kushwaha, S. K., & Puri, S. (2004). Tree growth, biomass, allometry and nutrient distribution in Gmelina arborea stands grown in red lateritic soils of Central India. Biomass and Bioenergy, 26(4), 305-317. doi:10.1016/j.biombioe.2003.08.007",Peer-reviewed journal,TFI TSU
525918,"5-CL-2 - Land Converted to Cropland
5-FL-1 - Forest Land Remaining Forest Land
5-FL-2 - Land Converted to Forest Land
5-GL-2 - Land Converted to Grassland
5-OL-2 - Land Converted to Other Land
5-SL-2 - Land Converted to Settlements
5-WL-2 - Land Converted to Wetlands","3.B.2.b.i - Forest Land converted to Cropland
3.B.1.a - Forest land Remaining Forest land
3.B.1.b - Land Converted to Forest land
3.B.3.b.i - Forest Land converted to Grassland
3.B.6.b.i - Forest Land converted to Other Land
3.B.5.b.i - Forest Land converted to Settlements
3.B.4.b - Land Converted to Wetlands","NITROGEN OXIDES (NO+NO2)
METHANE
CARBON MONOXIDE
CARBON DIOXIDE
NITROUS OXIDE",,,Above-ground biomass (AGB),Other (e.g. compiled),Aboveground Biomass (biomass_ag),,"Vegetation/crop type/subtype: Trees, broadleaf and/or conifer, deciduous or with dominant deciduous component; Species/forest composition: Gmelina arborea/Gmelina arborea monoculture plantation; Biomass attributes/age: dbh trees >= 3.5 cm/ 2 yrs;  Soil type: Entisol/clay.","Spatial boundaries: Asia, India, Chhattisgarh, Anandgoan (geographic coordinates: 21.9, 81.55); Climate: ; Ecological zone: Tropical dry forest; Temperature:  mean annual temperature: ; Moisture: annual precipitation: 1200 mm yr-1.","Management: Irrigation, Fertilization_K, Fertilization_N, Fertilization_P, Fertilization_N, Fertilization_N",site: Anandgoan ; plot: Stand development of monoculture plantation.2y; Date of Measurement: 2000.6; plot size: 0.05 ha; regrowth type: Planted; regrowth year: 1998.5; variable description: Total live aboveground biomass. elevation: 300 m; Koeppen climate zone: Aw.,5.24,tonnes dry matter/ha,"Equations 2.14, 2.16, 2.27",,"Swamy, S. L., Kushwaha, S. K., & Puri, S. (2004). Tree growth, biomass, allometry and nutrient distribution in Gmelina arborea stands grown in red lateritic soils of Central India. Biomass and Bioenergy, 26(4), 305-317. doi:10.1016/j.biombioe.2003.08.007",Peer-reviewed journal,TFI TSU
525919,"5-CL-2 - Land Converted to Cropland
5-FL-1 - Forest Land Remaining Forest Land
5-FL-2 - Land Converted to Forest Land
5-GL-2 - Land Converted to Grassland
5-OL-2 - Land Converted to Other Land
5-SL-2 - Land Converted to Settlements
5-WL-2 - Land Converted to Wetlands","3.B.2.b.i - Forest Land converted to Cropland
3.B.1.a - Forest land Remaining Forest land
3.B.1.b - Land Converted to Forest land
3.B.3.b.i - Forest Land converted to Grassland
3.B.6.b.i - Forest Land converted to Other Land
3.B.5.b.i - Forest Land converted to Settlements
3.B.4.b - Land Converted to Wetlands",CARBON DIOXIDE,,,,Other (e.g. compiled),Biomass: root component (biomass_root),,"Vegetation/crop type/subtype: Trees, broadleaf and/or conifer, deciduous or with dominant deciduous component; Species/forest composition: Gmelina arborea/Gmelina arborea monoculture plantation; Biomass attributes/age: 2 yrs;  Soil type: Entisol/clay.","Spatial boundaries: Asia, India, Chhattisgarh, Anandgoan (geographic coordinates: 21.9, 81.55); Climate: ; Ecological zone: Tropical dry forest; Temperature:  mean annual temperature: ; Moisture: annual precipitation: 1200 mm yr-1.","Management: Irrigation, Fertilization_K, Fertilization_N, Fertilization_P, Fertilization_N, Fertilization_N",site: Anandgoan; plot: Stand development of monoculture plantation.2y; Date of Measurement: 2000.6; plot size: 0.05 ha; regrowth type: Planted; regrowth year: 1998.5; variable description: Total root biomass.; minimum root diameter: 2 mm; depth of measurement: 100 cm. elevation: 300 m; Koeppen climate zone: Aw.,1.35,tonnes dry matter/ha,"Equations 2.14, 2.16",,"Swamy, S. L., Kushwaha, S. K., & Puri, S. (2004). Tree growth, biomass, allometry and nutrient distribution in Gmelina arborea stands grown in red lateritic soils of Central India. Biomass and Bioenergy, 26(4), 305-317. doi:10.1016/j.biombioe.2003.08.007",Peer-reviewed journal,TFI TSU
525920,"5-CL-2 - Land Converted to Cropland
5-FL-1 - Forest Land Remaining Forest Land
5-FL-2 - Land Converted to Forest Land
5-GL-2 - Land Converted to Grassland
5-OL-2 - Land Converted to Other Land
5-SL-2 - Land Converted to Settlements
5-WL-2 - Land Converted to Wetlands","3.B.2.b.i - Forest Land converted to Cropland
3.B.1.a - Forest land Remaining Forest land
3.B.1.b - Land Converted to Forest land
3.B.3.b.i - Forest Land converted to Grassland
3.B.6.b.i - Forest Land converted to Other Land
3.B.5.b.i - Forest Land converted to Settlements
3.B.4.b - Land Converted to Wetlands","NITROGEN OXIDES (NO+NO2)
METHANE
CARBON MONOXIDE
CARBON DIOXIDE
NITROUS OXIDE",,,Classified otherwise,Other (e.g. compiled),Total Biomass,,"Vegetation/crop type/subtype: Trees, broadleaf and/or conifer, deciduous or with dominant deciduous component; Species/forest composition: Gmelina arborea/Gmelina arborea monoculture plantation; Biomass attributes/age: dbh trees >= 3.5 cm/ 2 yrs;  Soil type: Entisol/clay.","Spatial boundaries: Asia, India, Chhattisgarh, Anandgoan (geographic coordinates: 21.9, 81.55); Climate: ; Ecological zone: Tropical dry forest; Temperature:  mean annual temperature: ; Moisture: annual precipitation: 1200 mm yr-1.","Management: Irrigation, Fertilization_K, Fertilization_N, Fertilization_P, Fertilization_N, Fertilization_N",site: Anandgoan; plot: Stand development of monoculture plantation.2y; Date of Measurement: 2000.6; plot size: 0.05 ha; regrowth type: Planted; regrowth year: 1998.5; variable description: Total root biomass.; minimum root diameter: 2 mm; depth of measurement: 100 cm. elevation: 300 m; Koeppen climate zone: Aw.,6.59,tonnes dry matter/ha,"Equations 2.14, 2.16, 2.27",,"Swamy, S. L., Kushwaha, S. K., & Puri, S. (2004). Tree growth, biomass, allometry and nutrient distribution in Gmelina arborea stands grown in red lateritic soils of Central India. Biomass and Bioenergy, 26(4), 305-317. doi:10.1016/j.biombioe.2003.08.007",Peer-reviewed journal,TFI TSU
525921,"5-CL-2 - Land Converted to Cropland
5-FL-1 - Forest Land Remaining Forest Land
5-FL-2 - Land Converted to Forest Land
5-GL-2 - Land Converted to Grassland
5-OL-2 - Land Converted to Other Land
5-SL-2 - Land Converted to Settlements
5-WL-2 - Land Converted to Wetlands","3.B.2.b.i - Forest Land converted to Cropland
3.B.1.a - Forest land Remaining Forest land
3.B.1.b - Land Converted to Forest land
3.B.3.b.i - Forest Land converted to Grassland
3.B.6.b.i - Forest Land converted to Other Land
3.B.5.b.i - Forest Land converted to Settlements
3.B.4.b - Land Converted to Wetlands","NITROGEN OXIDES (NO+NO2)
METHANE
CARBON MONOXIDE
CARBON DIOXIDE
NITROUS OXIDE",,,Above-ground biomass (AGB),Other (e.g. compiled),Aboveground Biomass (biomass_ag),,"Vegetation/crop type/subtype: Trees, broadleaf and/or conifer, deciduous or with dominant deciduous component; Species/forest composition: Gmelina arborea/Gmelina arborea monoculture plantation; Biomass attributes/age: dbh trees >= 3.5 cm/ 3 yrs;  Soil type: Entisol/clay.","Spatial boundaries: Asia, India, Chhattisgarh, Anandgoan (geographic coordinates: 21.9, 81.55); Climate: ; Ecological zone: Tropical dry forest; Temperature:  mean annual temperature: ; Moisture: annual precipitation: 1200 mm yr-1.","Management: Irrigation, Fertilization_K, Fertilization_N, Fertilization_P, Fertilization_N, Fertilization_N",site: Anandgoan; plot: Stand development of monoculture plantation.3y; Date of Measurement: 2000.6; plot size: 0.05 ha; regrowth type: Planted; regrowth year: 1997.5; variable description: Total live aboveground biomass. elevation: 300 m; Koeppen climate zone: Aw.,7.95,tonnes dry matter/ha,"Equations 2.14, 2.16, 2.27",,"Swamy, S. L., Kushwaha, S. K., & Puri, S. (2004). Tree growth, biomass, allometry and nutrient distribution in Gmelina arborea stands grown in red lateritic soils of Central India. Biomass and Bioenergy, 26(4), 305-317. doi:10.1016/j.biombioe.2003.08.007",Peer-reviewed journal,TFI TSU
525922,"5-CL-2 - Land Converted to Cropland
5-FL-1 - Forest Land Remaining Forest Land
5-FL-2 - Land Converted to Forest Land
5-GL-2 - Land Converted to Grassland
5-OL-2 - Land Converted to Other Land
5-SL-2 - Land Converted to Settlements
5-WL-2 - Land Converted to Wetlands","3.B.2.b.i - Forest Land converted to Cropland
3.B.1.a - Forest land Remaining Forest land
3.B.1.b - Land Converted to Forest land
3.B.3.b.i - Forest Land converted to Grassland
3.B.6.b.i - Forest Land converted to Other Land
3.B.5.b.i - Forest Land converted to Settlements
3.B.4.b - Land Converted to Wetlands",CARBON DIOXIDE,,,Below-ground biomass (BGB),Other (e.g. compiled),Biomass: root component (biomass_root),,"Vegetation/crop type/subtype: Trees, broadleaf and/or conifer, deciduous or with dominant deciduous component; Species/forest composition: Gmelina arborea/Gmelina arborea monoculture plantation; Biomass attributes/age: 3 yrs;  Soil type: Entisol/clay.","Spatial boundaries: Asia, India, Chhattisgarh, Anandgoan (geographic coordinates: 21.9, 81.55); Climate: ; Ecological zone: Tropical dry forest; Temperature:  mean annual temperature: ; Moisture: annual precipitation: 1200 mm yr-1.","Management: Irrigation, Fertilization_K, Fertilization_N, Fertilization_P, Fertilization_N, Fertilization_N",site: Anandgoan; plot: Stand development of monoculture plantation.3y; Date of Measurement: 2000.6; plot size: 0.05 ha; regrowth type: Planted; regrowth year: 1997.5; variable description: Total root biomass.; minimum root diameter: 2 mm; depth of measurement: 100 cm. elevation: 300 m; Koeppen climate zone: Aw.,2.19,tonnes dry matter/ha,"Equations 2.14, 2.16",,"Swamy, S. L., Kushwaha, S. K., & Puri, S. (2004). Tree growth, biomass, allometry and nutrient distribution in Gmelina arborea stands grown in red lateritic soils of Central India. Biomass and Bioenergy, 26(4), 305-317. doi:10.1016/j.biombioe.2003.08.007",Peer-reviewed journal,TFI TSU
525923,"5-CL-2 - Land Converted to Cropland
5-FL-1 - Forest Land Remaining Forest Land
5-FL-2 - Land Converted to Forest Land
5-GL-2 - Land Converted to Grassland
5-OL-2 - Land Converted to Other Land
5-SL-2 - Land Converted to Settlements
5-WL-2 - Land Converted to Wetlands","3.B.2.b.i - Forest Land converted to Cropland
3.B.1.a - Forest land Remaining Forest land
3.B.1.b - Land Converted to Forest land
3.B.3.b.i - Forest Land converted to Grassland
3.B.6.b.i - Forest Land converted to Other Land
3.B.5.b.i - Forest Land converted to Settlements
3.B.4.b - Land Converted to Wetlands","NITROGEN OXIDES (NO+NO2)
METHANE
CARBON MONOXIDE
CARBON DIOXIDE
NITROUS OXIDE",,,Classified otherwise,Other (e.g. compiled),Total Biomass,,"Vegetation/crop type/subtype: Trees, broadleaf and/or conifer, deciduous or with dominant deciduous component; Species/forest composition: Gmelina arborea/Gmelina arborea monoculture plantation; Biomass attributes/age: 3 yrs;  Soil type: Entisol/clay.","Spatial boundaries: Asia, India, Chhattisgarh, Anandgoan (geographic coordinates: 21.9, 81.55); Climate: ; Ecological zone: Tropical dry forest; Temperature:  mean annual temperature: ; Moisture: annual precipitation: 1200 mm yr-1.","Management: Irrigation, Fertilization_K, Fertilization_N, Fertilization_P, Fertilization_N, Fertilization_N",site: Anandgoan; plot: Stand development of monoculture plantation.3y; Date of Measurement: 2000.6; plot size: 0.05 ha; regrowth type: Planted; regrowth year: 1997.5; variable description: Total root biomass.; minimum root diameter: 2 mm; depth of measurement: 100 cm. elevation: 300 m; Koeppen climate zone: Aw.,10.14,tonnes dry matter/ha,"Equations 2.14, 2.16, 2.27",,"Swamy, S. L., Kushwaha, S. K., & Puri, S. (2004). Tree growth, biomass, allometry and nutrient distribution in Gmelina arborea stands grown in red lateritic soils of Central India. Biomass and Bioenergy, 26(4), 305-317. doi:10.1016/j.biombioe.2003.08.007",Peer-reviewed journal,TFI TSU
525924,"5-CL-2 - Land Converted to Cropland
5-FL-1 - Forest Land Remaining Forest Land
5-FL-2 - Land Converted to Forest Land
5-GL-2 - Land Converted to Grassland
5-OL-2 - Land Converted to Other Land
5-SL-2 - Land Converted to Settlements
5-WL-2 - Land Converted to Wetlands","3.B.2.b.i - Forest Land converted to Cropland
3.B.1.a - Forest land Remaining Forest land
3.B.1.b - Land Converted to Forest land
3.B.3.b.i - Forest Land converted to Grassland
3.B.6.b.i - Forest Land converted to Other Land
3.B.5.b.i - Forest Land converted to Settlements
3.B.4.b - Land Converted to Wetlands","NITROGEN OXIDES (NO+NO2)
METHANE
CARBON MONOXIDE
CARBON DIOXIDE
NITROUS OXIDE",,,Above-ground biomass (AGB),Other (e.g. compiled),Aboveground Biomass (biomass_ag),,"Vegetation/crop type/subtype: Trees, broadleaf and/or conifer, deciduous or with dominant deciduous component; Species/forest composition: Gmelina arborea/Gmelina arborea monoculture plantation; Biomass attributes/age: dbh trees >= 3.5 cm/ 4 yrs;  Soil type: Entisol/clay.","Spatial boundaries: Asia, India, Chhattisgarh, Anandgoan (geographic coordinates: 21.9, 81.55); Climate: ; Ecological zone: Tropical dry forest; Temperature:  mean annual temperature: ; Moisture: annual precipitation: 1200 mm yr-1.","Management: Irrigation, Fertilization_K, Fertilization_N, Fertilization_P, Fertilization_N, Fertilization_N",site: Anandgoan; plot: Stand development of monoculture plantation.4y; Date of Measurement: 2000.6; plot size: 0.05 ha; regrowth type: Planted; regrowth year: 1996.5; variable description: Total live aboveground biomass. elevation: 300 m; Koeppen climate zone: Aw.,12.98,tonnes dry matter/ha,"Equations 2.14, 2.16, 2.27",,"Swamy, S. L., Kushwaha, S. K., & Puri, S. (2004). Tree growth, biomass, allometry and nutrient distribution in Gmelina arborea stands grown in red lateritic soils of Central India. Biomass and Bioenergy, 26(4), 305-317. doi:10.1016/j.biombioe.2003.08.007",Peer-reviewed journal,TFI TSU
525925,"5-CL-2 - Land Converted to Cropland
5-FL-1 - Forest Land Remaining Forest Land
5-FL-2 - Land Converted to Forest Land
5-GL-2 - Land Converted to Grassland
5-OL-2 - Land Converted to Other Land
5-SL-2 - Land Converted to Settlements
5-WL-2 - Land Converted to Wetlands","3.B.2.b.i - Forest Land converted to Cropland
3.B.1.a - Forest land Remaining Forest land
3.B.1.b - Land Converted to Forest land
3.B.3.b.i - Forest Land converted to Grassland
3.B.6.b.i - Forest Land converted to Other Land
3.B.5.b.i - Forest Land converted to Settlements
3.B.4.b - Land Converted to Wetlands",CARBON DIOXIDE,,,Below-ground biomass (BGB),Other (e.g. compiled),Biomass: root component (biomass_root),,"Vegetation/crop type/subtype: Trees, broadleaf and/or conifer, deciduous or with dominant deciduous component; Species/forest composition: Gmelina arborea/Gmelina arborea monoculture plantation; Biomass attributes/age: 4 yrs;  Soil type: Entisol/clay.","Spatial boundaries: Asia, India, Chhattisgarh, Anandgoan (geographic coordinates: 21.9, 81.55); Climate: ; Ecological zone: Tropical dry forest; Temperature:  mean annual temperature: ; Moisture: annual precipitation: 1200 mm yr-1.","Management: Irrigation, Fertilization_K, Fertilization_N, Fertilization_P, Fertilization_N, Fertilization_N",site: Anandgoan); plot: Stand development of monoculture plantation.4y; Date of Measurement: 2000.6; plot size: 0.05 ha; regrowth type: Planted; regrowth year: 1996.5; variable description: Total root biomass.; minimum root diameter: 2 mm; depth of measurement: 100 cm. elevation: 300 m; Koeppen climate zone: Aw.,3.35,tonnes dry matter/ha,"Equations 2.14, 2.16",,"Swamy, S. L., Kushwaha, S. K., & Puri, S. (2004). Tree growth, biomass, allometry and nutrient distribution in Gmelina arborea stands grown in red lateritic soils of Central India. Biomass and Bioenergy, 26(4), 305-317. doi:10.1016/j.biombioe.2003.08.007",Peer-reviewed journal,TFI TSU
525926,"5-CL-2 - Land Converted to Cropland
5-FL-1 - Forest Land Remaining Forest Land
5-FL-2 - Land Converted to Forest Land
5-GL-2 - Land Converted to Grassland
5-OL-2 - Land Converted to Other Land
5-SL-2 - Land Converted to Settlements
5-WL-2 - Land Converted to Wetlands","3.B.2.b.i - Forest Land converted to Cropland
3.B.1.a - Forest land Remaining Forest land
3.B.1.b - Land Converted to Forest land
3.B.3.b.i - Forest Land converted to Grassland
3.B.6.b.i - Forest Land converted to Other Land
3.B.5.b.i - Forest Land converted to Settlements
3.B.4.b - Land Converted to Wetlands","NITROGEN OXIDES (NO+NO2)
METHANE
CARBON MONOXIDE
CARBON DIOXIDE
NITROUS OXIDE",,,Classified otherwise,Other (e.g. compiled),Total Biomass,,"Vegetation/crop type/subtype: Trees, broadleaf and/or conifer, deciduous or with dominant deciduous component; Species/forest composition: Gmelina arborea/Gmelina arborea monoculture plantation; Biomass attributes/age: dbh trees >= 3.5 cm/ 4 yrs;  Soil type: Entisol/clay.","Spatial boundaries: Asia, India, Chhattisgarh, Anandgoan (geographic coordinates: 21.9, 81.55); Climate: ; Ecological zone: Tropical dry forest; Temperature:  mean annual temperature: ; Moisture: annual precipitation: 1200 mm yr-1.","Management: Irrigation, Fertilization_K, Fertilization_N, Fertilization_P, Fertilization_N, Fertilization_N",site: Anandgoan); plot: Stand development of monoculture plantation.4y; Date of Measurement: 2000.6; plot size: 0.05 ha; regrowth type: Planted; regrowth year: 1996.5; variable description: Total root biomass.; minimum root diameter: 2 mm; depth of measurement: 100 cm. elevation: 300 m; Koeppen climate zone: Aw.,16.33,tonnes dry matter/ha,"Equations 2.14, 2.16, 2.27",,"Swamy, S. L., Kushwaha, S. K., & Puri, S. (2004). Tree growth, biomass, allometry and nutrient distribution in Gmelina arborea stands grown in red lateritic soils of Central India. Biomass and Bioenergy, 26(4), 305-317. doi:10.1016/j.biombioe.2003.08.007",Peer-reviewed journal,TFI TSU
525927,"5-CL-2 - Land Converted to Cropland
5-FL-1 - Forest Land Remaining Forest Land
5-FL-2 - Land Converted to Forest Land
5-GL-2 - Land Converted to Grassland
5-OL-2 - Land Converted to Other Land
5-SL-2 - Land Converted to Settlements
5-WL-2 - Land Converted to Wetlands","3.B.2.b.i - Forest Land converted to Cropland
3.B.1.a - Forest land Remaining Forest land
3.B.1.b - Land Converted to Forest land
3.B.3.b.i - Forest Land converted to Grassland
3.B.6.b.i - Forest Land converted to Other Land
3.B.5.b.i - Forest Land converted to Settlements
3.B.4.b - Land Converted to Wetlands","NITROGEN OXIDES (NO+NO2)
METHANE
CARBON MONOXIDE
CARBON DIOXIDE
NITROUS OXIDE",,,Above-ground biomass (AGB),Other (e.g. compiled),Aboveground Biomass (biomass_ag),,"Vegetation/crop type/subtype: Trees, broadleaf and/or conifer, deciduous or with dominant deciduous component; Species/forest composition: Gmelina arborea/Gmelina arborea monoculture plantation; Biomass attributes/age: dbh trees >= 3.5 cm/ 5 yrs;  Soil type: Entisol/clay.","Spatial boundaries: Asia, India, Chhattisgarh, Anandgoan (geographic coordinates: 21.9, 81.55); Climate: ; Ecological zone: Tropical dry forest; Temperature:  mean annual temperature: ; Moisture: annual precipitation: 1200 mm yr-1.","Management: Irrigation, Fertilization_K, Fertilization_N, Fertilization_P, Fertilization_N, Fertilization_N",site: Anandgoan; plot: Stand development of monoculture plantation.5y; Date of Measurement: 2000.6; plot size: 0.05 ha; regrowth type: Planted; regrowth year: 1995.5; variable description: Total live aboveground biomass. elevation: 300 m; Koeppen climate zone: Aw.,24.52,tonnes dry matter/ha,"Equations 2.14, 2.16, 2.27",,"Swamy, S. L., Kushwaha, S. K., & Puri, S. (2004). Tree growth, biomass, allometry and nutrient distribution in Gmelina arborea stands grown in red lateritic soils of Central India. Biomass and Bioenergy, 26(4), 305-317. doi:10.1016/j.biombioe.2003.08.007",Peer-reviewed journal,TFI TSU
525928,"5-CL-2 - Land Converted to Cropland
5-FL-1 - Forest Land Remaining Forest Land
5-FL-2 - Land Converted to Forest Land
5-GL-2 - Land Converted to Grassland
5-OL-2 - Land Converted to Other Land
5-SL-2 - Land Converted to Settlements
5-WL-2 - Land Converted to Wetlands","3.B.2.b.i - Forest Land converted to Cropland
3.B.1.a - Forest land Remaining Forest land
3.B.1.b - Land Converted to Forest land
3.B.3.b.i - Forest Land converted to Grassland
3.B.6.b.i - Forest Land converted to Other Land
3.B.5.b.i - Forest Land converted to Settlements
3.B.4.b - Land Converted to Wetlands",CARBON DIOXIDE,,,Below-ground biomass (BGB),Other (e.g. compiled),Biomass: root component (biomass_root),,"Vegetation/crop type/subtype: Trees, broadleaf and/or conifer, deciduous or with dominant deciduous component; Species/forest composition: Gmelina arborea/Gmelina arborea monoculture plantation; Biomass attributes/age: 5 yrs;  Soil type: Entisol/clay.","Spatial boundaries: Asia, India, Chhattisgarh, Anandgoan (geographic coordinates: 21.9, 81.55); Climate: ; Ecological zone: Tropical dry forest; Temperature:  mean annual temperature: ; Moisture: annual precipitation: 1200 mm yr-1.","Management: Irrigation, Fertilization_K, Fertilization_N, Fertilization_P, Fertilization_N, Fertilization_N",site: Anandgoan; plot: Stand development of monoculture plantation.5y; Date of Measurement: 2000.6; plot size: 0.05 ha; regrowth type: Planted; regrowth year: 1995.5; variable description: Total root biomass.; minimum root diameter: 2 mm; depth of measurement: 100 cm. elevation: 300 m; Koeppen climate zone: Aw.,5.91,tonnes dry matter/ha,"Equations 2.14, 2.16",,"Swamy, S. L., Kushwaha, S. K., & Puri, S. (2004). Tree growth, biomass, allometry and nutrient distribution in Gmelina arborea stands grown in red lateritic soils of Central India. Biomass and Bioenergy, 26(4), 305-317. doi:10.1016/j.biombioe.2003.08.007",Peer-reviewed journal,TFI TSU
525929,"5-CL-2 - Land Converted to Cropland
5-FL-1 - Forest Land Remaining Forest Land
5-FL-2 - Land Converted to Forest Land
5-GL-2 - Land Converted to Grassland
5-OL-2 - Land Converted to Other Land
5-SL-2 - Land Converted to Settlements
5-WL-2 - Land Converted to Wetlands","3.B.2.b.i - Forest Land converted to Cropland
3.B.1.a - Forest land Remaining Forest land
3.B.1.b - Land Converted to Forest land
3.B.3.b.i - Forest Land converted to Grassland
3.B.6.b.i - Forest Land converted to Other Land
3.B.5.b.i - Forest Land converted to Settlements
3.B.4.b - Land Converted to Wetlands","NITROGEN OXIDES (NO+NO2)
METHANE
CARBON MONOXIDE
CARBON DIOXIDE
NITROUS OXIDE",,,Classified otherwise,Other (e.g. compiled),Total Biomass,,"Vegetation/crop type/subtype: Trees, broadleaf and/or conifer, deciduous or with dominant deciduous component; Species/forest composition: Gmelina arborea/Gmelina arborea monoculture plantation; Biomass attributes/age: dbh trees >= 3.5 cm/ 5 yrs;  Soil type: Entisol/clay.","Spatial boundaries: Asia, India, Chhattisgarh, Anandgoan (geographic coordinates: 21.9, 81.55); Climate: ; Ecological zone: Tropical dry forest; Temperature:  mean annual temperature: ; Moisture: annual precipitation: 1200 mm yr-1.","Management: Irrigation, Fertilization_K, Fertilization_N, Fertilization_P, Fertilization_N, Fertilization_N",site: Anandgoan; plot: Stand development of monoculture plantation.5y; Date of Measurement: 2000.6; plot size: 0.05 ha; regrowth type: Planted; regrowth year: 1995.5; variable description: Total root biomass.; minimum root diameter: 2 mm; depth of measurement: 100 cm. elevation: 300 m; Koeppen climate zone: Aw.,30.43,tonnes dry matter/ha,"Equations 2.14, 2.16, 2.27",,"Swamy, S. L., Kushwaha, S. K., & Puri, S. (2004). Tree growth, biomass, allometry and nutrient distribution in Gmelina arborea stands grown in red lateritic soils of Central India. Biomass and Bioenergy, 26(4), 305-317. doi:10.1016/j.biombioe.2003.08.007",Peer-reviewed journal,TFI TSU
525930,"5-CL-2 - Land Converted to Cropland
5-FL-1 - Forest Land Remaining Forest Land
5-FL-2 - Land Converted to Forest Land
5-GL-2 - Land Converted to Grassland
5-OL-2 - Land Converted to Other Land
5-SL-2 - Land Converted to Settlements
5-WL-2 - Land Converted to Wetlands","3.B.2.b.i - Forest Land converted to Cropland
3.B.1.a - Forest land Remaining Forest land
3.B.1.b - Land Converted to Forest land
3.B.3.b.i - Forest Land converted to Grassland
3.B.6.b.i - Forest Land converted to Other Land
3.B.5.b.i - Forest Land converted to Settlements
3.B.4.b - Land Converted to Wetlands","NITROGEN OXIDES (NO+NO2)
METHANE
CARBON MONOXIDE
CARBON DIOXIDE
NITROUS OXIDE",,,Above-ground biomass (AGB),Other (e.g. compiled),Aboveground Biomass (biomass_ag),,"Vegetation/crop type/subtype: Trees, broadleaf and/or conifer, deciduous or with dominant deciduous component; Species/forest composition: Gmelina arborea/Gmelina arborea monoculture plantation; Biomass attributes/age: dbh trees >= 3.5 cm/ 6 yrs;  Soil type: Entisol/clay.","Spatial boundaries: Asia, India, Chhattisgarh, Anandgoan (geographic coordinates: 21.9, 81.55); Climate: ; Ecological zone: Tropical dry forest; Temperature:  mean annual temperature: ; Moisture: annual precipitation: 1200 mm yr-1.","Management: Irrigation, Fertilization_K, Fertilization_N, Fertilization_P, Fertilization_N, Fertilization_N",site: Anandgoan; plot: Stand development of monoculture plantation.6y; Date of Measurement: 2000.6; plot size: 0.05 ha; regrowth type: Planted; regrowth year: 1994.5; variable description: Total live aboveground biomass. elevation: 300 m; Koeppen climate zone: Aw.,43.9,tonnes dry matter/ha,"Equations 2.14, 2.16, 2.27",,"Swamy, S. L., Kushwaha, S. K., & Puri, S. (2004). Tree growth, biomass, allometry and nutrient distribution in Gmelina arborea stands grown in red lateritic soils of Central India. Biomass and Bioenergy, 26(4), 305-317. doi:10.1016/j.biombioe.2003.08.007",Peer-reviewed journal,TFI TSU
525931,"5-CL-2 - Land Converted to Cropland
5-FL-1 - Forest Land Remaining Forest Land
5-FL-2 - Land Converted to Forest Land
5-GL-2 - Land Converted to Grassland
5-OL-2 - Land Converted to Other Land
5-SL-2 - Land Converted to Settlements
5-WL-2 - Land Converted to Wetlands","3.B.2.b.i - Forest Land converted to Cropland
3.B.1.a - Forest land Remaining Forest land
3.B.1.b - Land Converted to Forest land
3.B.3.b.i - Forest Land converted to Grassland
3.B.6.b.i - Forest Land converted to Other Land
3.B.5.b.i - Forest Land converted to Settlements
3.B.4.b - Land Converted to Wetlands",CARBON DIOXIDE,,,Below-ground biomass (BGB),Other (e.g. compiled),Biomass: root component (biomass_root),,"Vegetation/crop type/subtype: Trees, broadleaf and/or conifer, deciduous or with dominant deciduous component; Species/forest composition: Gmelina arborea/Gmelina arborea monoculture plantation; Biomass attributes/age: 6 yrs;  Soil type: Entisol/clay.","Spatial boundaries: Asia, India, Chhattisgarh, Anandgoan (geographic coordinates: 21.9, 81.55); Climate: ; Ecological zone: Tropical dry forest; Temperature:  mean annual temperature: ; Moisture: annual precipitation: 1200 mm yr-1.","Management: Irrigation, Fertilization_K, Fertilization_N, Fertilization_P, Fertilization_N, Fertilization_N",site: Anandgoan; plot: Stand development of monoculture plantation.6y; Date of Measurement: 2000.6; plot size: 0.05 ha; regrowth type: Planted; regrowth year: 1994.5; variable description: Total root biomass.; minimum root diameter: 2 mm; depth of measurement: 100 cm. elevation: 300 m; Koeppen climate zone: Aw.,9.8,tonnes dry matter/ha,"Equations 2.14, 2.16",,"Swamy, S. L., Kushwaha, S. K., & Puri, S. (2004). Tree growth, biomass, allometry and nutrient distribution in Gmelina arborea stands grown in red lateritic soils of Central India. Biomass and Bioenergy, 26(4), 305-317. doi:10.1016/j.biombioe.2003.08.007",Peer-reviewed journal,TFI TSU
525932,"5-CL-2 - Land Converted to Cropland
5-FL-1 - Forest Land Remaining Forest Land
5-FL-2 - Land Converted to Forest Land
5-GL-2 - Land Converted to Grassland
5-OL-2 - Land Converted to Other Land
5-SL-2 - Land Converted to Settlements
5-WL-2 - Land Converted to Wetlands","3.B.2.b.i - Forest Land converted to Cropland
3.B.1.a - Forest land Remaining Forest land
3.B.1.b - Land Converted to Forest land
3.B.3.b.i - Forest Land converted to Grassland
3.B.6.b.i - Forest Land converted to Other Land
3.B.5.b.i - Forest Land converted to Settlements
3.B.4.b - Land Converted to Wetlands","NITROGEN OXIDES (NO+NO2)
METHANE
CARBON MONOXIDE
CARBON DIOXIDE
NITROUS OXIDE",,,Classified otherwise,Other (e.g. compiled),Total Biomass,,"Vegetation/crop type/subtype: Trees, broadleaf and/or conifer, deciduous or with dominant deciduous component; Species/forest composition: Gmelina arborea/Gmelina arborea monoculture plantation; Biomass attributes/age: dbh trees >= 3.5 cm/ 6 yrs;  Soil type: Entisol/clay.","Spatial boundaries: Asia, India, Chhattisgarh, Anandgoan (geographic coordinates: 21.9, 81.55); Climate: ; Ecological zone: Tropical dry forest; Temperature:  mean annual temperature: ; Moisture: annual precipitation: 1200 mm yr-1.","Management: Irrigation, Fertilization_K, Fertilization_N, Fertilization_P, Fertilization_N, Fertilization_N",site: Anandgoan; plot: Stand development of monoculture plantation.6y; Date of Measurement: 2000.6; plot size: 0.05 ha; regrowth type: Planted; regrowth year: 1994.5; variable description: Total root biomass.; minimum root diameter: 2 mm; depth of measurement: 100 cm. elevation: 300 m; Koeppen climate zone: Aw.,53.67,tonnes dry matter/ha,"Equations 2.14, 2.16, 2.27",,"Swamy, S. L., Kushwaha, S. K., & Puri, S. (2004). Tree growth, biomass, allometry and nutrient distribution in Gmelina arborea stands grown in red lateritic soils of Central India. Biomass and Bioenergy, 26(4), 305-317. doi:10.1016/j.biombioe.2003.08.007",Peer-reviewed journal,TFI TSU
525933,"5-CL-2 - Land Converted to Cropland
5-FL-1 - Forest Land Remaining Forest Land
5-GL-2 - Land Converted to Grassland
5-OL-2 - Land Converted to Other Land
5-SL-2 - Land Converted to Settlements
5-WL-2 - Land Converted to Wetlands","3.B.2.b.i - Forest Land converted to Cropland
3.B.1.a - Forest land Remaining Forest land
3.C.1.a - Burning in Forest Land
3.B.3.b.i - Forest Land converted to Grassland
3.B.6.b.i - Forest Land converted to Other Land
3.B.4.b.iii - Land converted to other wetlands
3.B.5.b.i - Forest Land converted to Settlements","NITROGEN OXIDES (NO+NO2)
METHANE
CARBON MONOXIDE
CARBON DIOXIDE
NITROUS OXIDE",,,Above-ground biomass (AGB),Other (e.g. compiled),Aboveground Biomass (biomass_ag),,"Vegetation/crop type/subtype: Trees, conifer (needleleaf) evergreen; Species/forest composition: ; Biomass attributes/age: mature;  Soil type: .","Spatial boundaries: Asia, India, Uttaranchal (geographic coordinates: 30.13, 79.6); Climate: ; Ecological zone: Subtropical mountain system; Temperature:  mean annual temperature: ; Moisture: annual precipitation: 1825 mm yr-1.",,ForC site: FT1 Dudhatoli Abies (ID#: 617); ForC plot: Upper West Himalayan Abies pindrow Spach. (Fir) (ID#: 846); ForC measurement ID: 5346; Date of Measurement: 2009; disturbance type: No disturbance; variable description: Total live aboveground biomass. elevation: 2850 m; Koeppen climate zone: Dwb.,305.33,tonnes dry matter/ha,"Equations 2.14, 2.16, 2.27",,"Sharma, C. M., Baduni, N. P., Gairola, S., Ghildiyal, S. K., & Suyal, S. (2010). Tree diversity and carbon stocks of some major forest types of Garhwal Himalaya, India. Forest Ecology and Management, 260(12), 2170-2179. doi:10.1016/j.foreco.2010.09.014",Peer-reviewed journal,TFI TSU
525934,"5-CL-2 - Land Converted to Cropland
5-FL-1 - Forest Land Remaining Forest Land
5-GL-2 - Land Converted to Grassland
5-OL-2 - Land Converted to Other Land
5-SL-2 - Land Converted to Settlements
5-WL-2 - Land Converted to Wetlands","3.B.2.b.i - Forest Land converted to Cropland
3.B.1.a - Forest land Remaining Forest land
3.C.1.a - Burning in Forest Land
3.B.3.b.i - Forest Land converted to Grassland
3.B.6.b.i - Forest Land converted to Other Land
3.B.4.b.iii - Land converted to other wetlands
3.B.5.b.i - Forest Land converted to Settlements","NITROGEN OXIDES (NO+NO2)
METHANE
CARBON MONOXIDE
CARBON DIOXIDE
NITROUS OXIDE",,,Classified otherwise,Other (e.g. compiled),Total Biomass (biomass),,"Vegetation/crop type/subtype: Trees, conifer (needleleaf) evergreen; Species/forest composition: ; Biomass attributes/age: mature;  Soil type: .","Spatial boundaries: Asia, India, Uttaranchal (geographic coordinates: 30.13, 79.6); Climate: ; Ecological zone: Subtropical mountain system; Temperature:  mean annual temperature: ; Moisture: annual precipitation: 1825 mm yr-1.",,ForC site: FT1 Dudhatoli Abies (ID#: 617); ForC plot: Upper West Himalayan Abies pindrow Spach. (Fir) (ID#: 846); ForC measurement ID: 5347; Date of Measurement: 2009; disturbance type: No disturbance; variable description: Total carbon in live biomass (above and below-ground). elevation: 2850 m; Koeppen climate zone: Dwb.,173.72,tonnes C/ha,"Equations 2.14, 2.16, 2.27",,"Sharma, C. M., Baduni, N. P., Gairola, S., Ghildiyal, S. K., & Suyal, S. (2010). Tree diversity and carbon stocks of some major forest types of Garhwal Himalaya, India. Forest Ecology and Management, 260(12), 2170-2179. doi:10.1016/j.foreco.2010.09.014",Peer-reviewed journal,TFI TSU
525935,"5-CL-2 - Land Converted to Cropland
5-FL-1 - Forest Land Remaining Forest Land
5-GL-2 - Land Converted to Grassland
5-OL-2 - Land Converted to Other Land
5-SL-2 - Land Converted to Settlements
5-WL-2 - Land Converted to Wetlands","3.B.2.b.i - Forest Land converted to Cropland
3.B.1.a - Forest land Remaining Forest land
3.C.1.a - Burning in Forest Land
3.B.3.b.i - Forest Land converted to Grassland
3.B.6.b.i - Forest Land converted to Other Land
3.B.4.b.iii - Land converted to other wetlands
3.B.5.b.i - Forest Land converted to Settlements","NITROGEN OXIDES (NO+NO2)
METHANE
CARBON MONOXIDE
CARBON DIOXIDE
NITROUS OXIDE",,,Above-ground biomass (AGB),Other (e.g. compiled),Aboveground Biomass (biomass_ag),,"Vegetation/crop type/subtype: Trees, broadleaf, deciduous or with dominant deciduous component; Species/forest composition: ; Biomass attributes/age: mature;  Soil type: .","Spatial boundaries: Asia, India, Uttaranchal, Duggada (geographic coordinates: 29.78, 78.63); Climate: ; Ecological zone: Tropical moist forest; Temperature:  mean annual temperature: ; Moisture: annual precipitation: 1300 mm yr-1.",,ForC site: FT11 Gumkhal (ID#: 619); ForC plot: Dry sub-deciduous Shorea robusta Gaertn. F. (Sal) (ID#: 848); ForC measurement ID: 5352; Date of Measurement: 2009; disturbance type: No disturbance; variable description: Total live aboveground biomass. elevation: 950 m; Koeppen climate zone: Cwa.,128.54,tonnes dry matter/ha,"Equations 2.14, 2.16, 2.27",,"Sharma, C. M., Baduni, N. P., Gairola, S., Ghildiyal, S. K., & Suyal, S. (2010). Tree diversity and carbon stocks of some major forest types of Garhwal Himalaya, India. Forest Ecology and Management, 260(12), 2170-2179. doi:10.1016/j.foreco.2010.09.014",Peer-reviewed journal,TFI TSU
525936,"5-CL-2 - Land Converted to Cropland
5-FL-1 - Forest Land Remaining Forest Land
5-GL-2 - Land Converted to Grassland
5-OL-2 - Land Converted to Other Land
5-SL-2 - Land Converted to Settlements
5-WL-2 - Land Converted to Wetlands","3.B.2.b.i - Forest Land converted to Cropland
3.B.1.a - Forest land Remaining Forest land
3.C.1.a - Burning in Forest Land
3.B.3.b.i - Forest Land converted to Grassland
3.B.6.b.i - Forest Land converted to Other Land
3.B.4.b.iii - Land converted to other wetlands
3.B.5.b.i - Forest Land converted to Settlements","NITROGEN OXIDES (NO+NO2)
METHANE
CARBON MONOXIDE
CARBON DIOXIDE
NITROUS OXIDE",,,Classified otherwise,Other (e.g. compiled),Total Biomass (biomass),,"Vegetation/crop type/subtype: Trees, broadleaf, deciduous or with dominant deciduous component; Species/forest composition: ; Biomass attributes/age: mature;  Soil type: .","Spatial boundaries: Asia, India, Uttaranchal, Duggada (geographic coordinates: 29.78, 78.63); Climate: ; Ecological zone: Tropical moist forest; Temperature:  mean annual temperature: ; Moisture: annual precipitation: 1300 mm yr-1.",,ForC site: FT11 Gumkhal (ID#: 619); ForC plot: Dry sub-deciduous Shorea robusta Gaertn. F. (Sal) (ID#: 848); ForC measurement ID: 5353; Date of Measurement: 2009; disturbance type: No disturbance; variable description: Total carbon in live biomass (above and below-ground). elevation: 950 m; Koeppen climate zone: Cwa.,74.54,tonnes C/ha,"Equations 2.14, 2.16, 2.27",,"Sharma, C. M., Baduni, N. P., Gairola, S., Ghildiyal, S. K., & Suyal, S. (2010). Tree diversity and carbon stocks of some major forest types of Garhwal Himalaya, India. Forest Ecology and Management, 260(12), 2170-2179. doi:10.1016/j.foreco.2010.09.014",Peer-reviewed journal,TFI TSU
525937,"5-CL-2 - Land Converted to Cropland
5-FL-1 - Forest Land Remaining Forest Land
5-GL-2 - Land Converted to Grassland
5-OL-2 - Land Converted to Other Land
5-SL-2 - Land Converted to Settlements
5-WL-2 - Land Converted to Wetlands","3.B.2.b.i - Forest Land converted to Cropland
3.B.1.a - Forest land Remaining Forest land
3.C.1.a - Burning in Forest Land
3.B.3.b.i - Forest Land converted to Grassland
3.B.6.b.i - Forest Land converted to Other Land
3.B.4.b.iii - Land converted to other wetlands
3.B.5.b.i - Forest Land converted to Settlements","NITROGEN OXIDES (NO+NO2)
METHANE
CARBON MONOXIDE
CARBON DIOXIDE
NITROUS OXIDE",,,Above-ground biomass (AGB),Other (e.g. compiled),Aboveground Biomass (biomass_ag),,"Vegetation/crop type/subtype: Trees, broadleaf, deciduous or with dominant deciduous component; Species/forest composition: ; Biomass attributes/age: mature;  Soil type: .","Spatial boundaries: Asia, India, Uttaranchal, Bhabhar (geographic coordinates: 29.78, 78.63); Climate: ; Ecological zone: Tropical moist forest; Temperature:  mean annual temperature: ; Moisture: annual precipitation: 2030 mm yr-1.",,ForC site: FT12 Laldhang Shorea (ID#: 620); ForC plot: Moist Bhabhar Shorea robusta F. (Sal) (ID#: 849); ForC measurement ID: 5355; Date of Measurement: 2009; disturbance type: No disturbance; variable description: Total live aboveground biomass. elevation: 525 m; Koeppen climate zone: Cwa.,279.64,tonnes dry matter/ha,"Equations 2.14, 2.16, 2.27",,"Sharma, C. M., Baduni, N. P., Gairola, S., Ghildiyal, S. K., & Suyal, S. (2010). Tree diversity and carbon stocks of some major forest types of Garhwal Himalaya, India. Forest Ecology and Management, 260(12), 2170-2179. doi:10.1016/j.foreco.2010.09.014",Peer-reviewed journal,TFI TSU
525938,"5-CL-2 - Land Converted to Cropland
5-FL-1 - Forest Land Remaining Forest Land
5-GL-2 - Land Converted to Grassland
5-OL-2 - Land Converted to Other Land
5-SL-2 - Land Converted to Settlements
5-WL-2 - Land Converted to Wetlands","3.B.2.b.i - Forest Land converted to Cropland
3.B.1.a - Forest land Remaining Forest land
3.C.1.a - Burning in Forest Land
3.B.3.b.i - Forest Land converted to Grassland
3.B.6.b.i - Forest Land converted to Other Land
3.B.4.b.iii - Land converted to other wetlands
3.B.5.b.i - Forest Land converted to Settlements","NITROGEN OXIDES (NO+NO2)
METHANE
CARBON MONOXIDE
CARBON DIOXIDE
NITROUS OXIDE",,,Classified otherwise,Other (e.g. compiled),Total Biomass (biomass),,"Vegetation/crop type/subtype: Trees, broadleaf, deciduous or with dominant deciduous component; Species/forest composition: ; Biomass attributes/age: mature;  Soil type: .","Spatial boundaries: Asia, India, Uttaranchal, Bhabhar (geographic coordinates: 29.78, 78.63); Climate: ; Ecological zone: Tropical moist forest; Temperature:  mean annual temperature: ; Moisture: annual precipitation: 2030 mm yr-1.",,ForC site: FT12 Laldhang Shorea (ID#: 620); ForC plot: Moist Bhabhar Shorea robusta F. (Sal) (ID#: 849); ForC measurement ID: 5356; Date of Measurement: 2009; disturbance type: No disturbance; variable description: Total carbon in live biomass (above and below-ground). elevation: 525 m; Koeppen climate zone: Cwa.,159.38,tonnes C/ha,"Equations 2.14, 2.16, 2.27",,"Sharma, C. M., Baduni, N. P., Gairola, S., Ghildiyal, S. K., & Suyal, S. (2010). Tree diversity and carbon stocks of some major forest types of Garhwal Himalaya, India. Forest Ecology and Management, 260(12), 2170-2179. doi:10.1016/j.foreco.2010.09.014",Peer-reviewed journal,TFI TSU
525939,"5-CL-2 - Land Converted to Cropland
5-FL-1 - Forest Land Remaining Forest Land
5-GL-2 - Land Converted to Grassland
5-OL-2 - Land Converted to Other Land
5-SL-2 - Land Converted to Settlements
5-WL-2 - Land Converted to Wetlands","3.B.2.b.i - Forest Land converted to Cropland
3.B.1.a - Forest land Remaining Forest land
3.C.1.a - Burning in Forest Land
3.B.3.b.i - Forest Land converted to Grassland
3.B.6.b.i - Forest Land converted to Other Land
3.B.4.b.iii - Land converted to other wetlands
3.B.5.b.i - Forest Land converted to Settlements","NITROGEN OXIDES (NO+NO2)
METHANE
CARBON MONOXIDE
CARBON DIOXIDE
NITROUS OXIDE",,,Above-ground biomass (AGB),Other (e.g. compiled),Aboveground Biomass (biomass_ag),,"Vegetation/crop type/subtype: Trees, broadleaf, deciduous or with dominant deciduous component; Species/forest composition: ; Biomass attributes/age: mature;  Soil type: .","Spatial boundaries: Asia, India, Duggada, Kotdwar (geographic coordinates: 29.78, 78.63); Climate: ; Ecological zone: Tropical moist forest; Temperature:  mean annual temperature: ; Moisture: annual precipitation: 950 mm yr-1.",,ForC site: FT13 Banchuri-Sara (ID#: 621); ForC plot: Dry Siwalik Shorea robusta Gaertn. F. (Sal) (ID#: 850); ForC measurement ID: 5358; Date of Measurement: 2009; disturbance type: No disturbance; variable description: Total live aboveground biomass. elevation: 1000 m; Koeppen climate zone: Cwa.,143.63,tonnes dry matter/ha,"Equations 2.14, 2.16, 2.27",,"Sharma, C. M., Baduni, N. P., Gairola, S., Ghildiyal, S. K., & Suyal, S. (2010). Tree diversity and carbon stocks of some major forest types of Garhwal Himalaya, India. Forest Ecology and Management, 260(12), 2170-2179. doi:10.1016/j.foreco.2010.09.014",Peer-reviewed journal,TFI TSU
525940,"5-CL-2 - Land Converted to Cropland
5-FL-1 - Forest Land Remaining Forest Land
5-GL-2 - Land Converted to Grassland
5-OL-2 - Land Converted to Other Land
5-SL-2 - Land Converted to Settlements
5-WL-2 - Land Converted to Wetlands","3.B.2.b.i - Forest Land converted to Cropland
3.B.1.a - Forest land Remaining Forest land
3.C.1.a - Burning in Forest Land
3.B.3.b.i - Forest Land converted to Grassland
3.B.6.b.i - Forest Land converted to Other Land
3.B.4.b.iii - Land converted to other wetlands
3.B.5.b.i - Forest Land converted to Settlements","NITROGEN OXIDES (NO+NO2)
METHANE
CARBON MONOXIDE
CARBON DIOXIDE
NITROUS OXIDE",,,Classified otherwise,Other (e.g. compiled),Total Biomass (biomass),,"Vegetation/crop type/subtype: Trees, broadleaf, deciduous or with dominant deciduous component; Species/forest composition: ; Biomass attributes/age: mature;  Soil type: .","Spatial boundaries: Asia, India, Duggada, Kotdwar (geographic coordinates: 29.78, 78.63); Climate: ; Ecological zone: Tropical moist forest; Temperature:  mean annual temperature: ; Moisture: annual precipitation: 950 mm yr-1.",,ForC site: FT13 Banchuri-Sara (ID#: 621); ForC plot: Dry Siwalik Shorea robusta Gaertn. F. (Sal) (ID#: 850); ForC measurement ID: 5359; Date of Measurement: 2009; disturbance type: No disturbance; variable description: Total carbon in live biomass (above and below-ground).,83.17,tonnes C/ha,"Equations 2.14, 2.16, 2.27",,"Sharma, C. M., Baduni, N. P., Gairola, S., Ghildiyal, S. K., & Suyal, S. (2010). Tree diversity and carbon stocks of some major forest types of Garhwal Himalaya, India. Forest Ecology and Management, 260(12), 2170-2179. doi:10.1016/j.foreco.2010.09.014",Peer-reviewed journal,TFI TSU
525941,"5-CL-2 - Land Converted to Cropland
5-FL-1 - Forest Land Remaining Forest Land
5-FL-2 - Land Converted to Forest Land
5-GL-1 - Grassland Remaining Grassland
5-GL-2 - Land Converted to Grassland
5-OL-2 - Land Converted to Other Land
5-SL-2 - Land Converted to Settlements
5-WL-2 - Land Converted to Wetlands","3.B.2.b.i - Forest Land converted to Cropland
3.B.6.b.iii - Grassland converted to Other Land
3.B.1.a - Forest land Remaining Forest land
3.B.5.b.iii - Grassland converted to Settlements
3.B.1.b.ii - Grassland converted to Forest Land
3.B.6.b.i - Forest Land converted to Other Land
3.B.2.b.ii - Grassland converted to Cropland
3.B.3.a - Grassland Remaining Grassland
3.B.3.b.i - Forest Land converted to Grassland
3.B.4.b.iii - Land converted to other wetlands
3.B.5.b.i - Forest Land converted to Settlements
3.C.1.a - Burning in Forest Land
3.C.1.c - Burning in Grassland","NITROGEN OXIDES (NO+NO2)
METHANE
CARBON MONOXIDE
CARBON DIOXIDE
NITROUS OXIDE",,,Above-ground biomass (AGB),Other (e.g. compiled),Aboveground Biomass (biomass_ag),,"Vegetation/crop type/subtype: Trees, broadleaf, deciduous or with dominant deciduous component; Species/forest composition: ; Biomass attributes/age: mature;  Soil type: .","Spatial boundaries: Asia, India, Uttar Pradesh (geographic coordinates: 28.49, 78.76); Climate: ; Ecological zone: Tropical shrubland; Temperature:  mean annual temperature: ; Moisture: annual precipitation: 2080 mm yr-1.",,ForC site: FT14 Kalagarh (ID#: 622); ForC plot: Moist Shorea robusta Gaertn. F. (Sal) Savannah (ID#: 851); ForC measurement ID: 5361; Date of Measurement: 2009; disturbance type: No disturbance; variable description: Total live aboveground biomass. elevation: 405 m; Koeppen climate zone: Cwa.,207.55,tonnes dry matter/ha,"Equations 2.14, 2.16, 2.27",,"Sharma, C. M., Baduni, N. P., Gairola, S., Ghildiyal, S. K., & Suyal, S. (2010). Tree diversity and carbon stocks of some major forest types of Garhwal Himalaya, India. Forest Ecology and Management, 260(12), 2170-2179. doi:10.1016/j.foreco.2010.09.014",Peer-reviewed journal,TFI TSU
525942,"5-CL-2 - Land Converted to Cropland
5-FL-1 - Forest Land Remaining Forest Land
5-FL-2 - Land Converted to Forest Land
5-GL-1 - Grassland Remaining Grassland
5-GL-2 - Land Converted to Grassland
5-OL-2 - Land Converted to Other Land
5-SL-2 - Land Converted to Settlements
5-WL-2 - Land Converted to Wetlands","3.B.2.b.i - Forest Land converted to Cropland
3.B.6.b.iii - Grassland converted to Other Land
3.B.1.a - Forest land Remaining Forest land
3.B.5.b.iii - Grassland converted to Settlements
3.B.1.b.ii - Grassland converted to Forest Land
3.B.6.b.i - Forest Land converted to Other Land
3.B.2.b.ii - Grassland converted to Cropland
3.B.3.a - Grassland Remaining Grassland
3.B.3.b.i - Forest Land converted to Grassland
3.B.4.b.iii - Land converted to other wetlands
3.B.5.b.i - Forest Land converted to Settlements
3.C.1.a - Burning in Forest Land
3.C.1.c - Burning in Grassland","NITROGEN OXIDES (NO+NO2)
METHANE
CARBON MONOXIDE
CARBON DIOXIDE
NITROUS OXIDE",,,Classified otherwise,Other (e.g. compiled),Total Biomass (biomass),,"Vegetation/crop type/subtype: Trees, broadleaf, deciduous or with dominant deciduous component; Species/forest composition: ; Biomass attributes/age: mature;  Soil type: .","Spatial boundaries: Asia, India, Uttar Pradesh (geographic coordinates: 28.49, 78.76); Climate: ; Ecological zone: Tropical shrubland; Temperature:  mean annual temperature: ; Moisture: annual precipitation: 2080 mm yr-1.",,ForC site: FT14 Kalagarh (ID#: 622); ForC plot: Moist Shorea robusta Gaertn. F. (Sal) Savannah (ID#: 851); ForC measurement ID: 5362; Date of Measurement: 2009; disturbance type: No disturbance; variable description: Total carbon in live biomass (above and below-ground). elevation: 405 m; Koeppen climate zone: Cwa.,119.15,tonnes C/ha,"Equations 2.14, 2.16, 2.27",,"Sharma, C. M., Baduni, N. P., Gairola, S., Ghildiyal, S. K., & Suyal, S. (2010). Tree diversity and carbon stocks of some major forest types of Garhwal Himalaya, India. Forest Ecology and Management, 260(12), 2170-2179. doi:10.1016/j.foreco.2010.09.014",Peer-reviewed journal,TFI TSU
525943,"5-CL-2 - Land Converted to Cropland
5-FL-1 - Forest Land Remaining Forest Land
5-GL-2 - Land Converted to Grassland
5-OL-2 - Land Converted to Other Land
5-SL-2 - Land Converted to Settlements
5-WL-2 - Land Converted to Wetlands","3.B.2.b.i - Forest Land converted to Cropland
3.B.1.a - Forest land Remaining Forest land
3.C.1.a - Burning in Forest Land
3.B.3.b.i - Forest Land converted to Grassland
3.B.6.b.i - Forest Land converted to Other Land
3.B.4.b.iii - Land converted to other wetlands
3.B.5.b.i - Forest Land converted to Settlements","NITROGEN OXIDES (NO+NO2)
METHANE
CARBON MONOXIDE
CARBON DIOXIDE
NITROUS OXIDE",,,Above-ground biomass (AGB),Other (e.g. compiled),Aboveground Biomass (biomass_ag),,"Vegetation/crop type/subtype: Trees, broadleaf, deciduous or with dominant deciduous component; Species/forest composition: ; Biomass attributes/age: mature;  Soil type: .","Spatial boundaries: Asia, India, Uttarakhand (geographic coordinates: 29.576, 79.104); Climate: ; Ecological zone: Tropical moist forest; Temperature:  mean annual temperature: ; Moisture: annual precipitation: 2160 mm yr-1.",,ForC site: FT15 Nayar (ID#: 623); ForC plot: Riverian Shorea robusta Gaertn. F. (Sal) (ID#: 852); ForC measurement ID: 5364; Date of Measurement: 2009; disturbance type: No disturbance; variable description: Total live aboveground biomass. elevation: 530 m; Koeppen climate zone: Cwa.,186.42,tonnes dry matter/ha,"Equations 2.14, 2.16, 2.27",,"Sharma, C. M., Baduni, N. P., Gairola, S., Ghildiyal, S. K., & Suyal, S. (2010). Tree diversity and carbon stocks of some major forest types of Garhwal Himalaya, India. Forest Ecology and Management, 260(12), 2170-2179. doi:10.1016/j.foreco.2010.09.014",Peer-reviewed journal,TFI TSU
525944,"5-CL-2 - Land Converted to Cropland
5-FL-1 - Forest Land Remaining Forest Land
5-GL-2 - Land Converted to Grassland
5-OL-2 - Land Converted to Other Land
5-SL-2 - Land Converted to Settlements
5-WL-2 - Land Converted to Wetlands","3.B.2.b.i - Forest Land converted to Cropland
3.B.1.a - Forest land Remaining Forest land
3.C.1.a - Burning in Forest Land
3.B.3.b.i - Forest Land converted to Grassland
3.B.6.b.i - Forest Land converted to Other Land
3.B.4.b.iii - Land converted to other wetlands
3.B.5.b.i - Forest Land converted to Settlements","NITROGEN OXIDES (NO+NO2)
METHANE
CARBON MONOXIDE
CARBON DIOXIDE
NITROUS OXIDE",,,Classified otherwise,Other (e.g. compiled),Total Biomass (biomass),,"Vegetation/crop type/subtype: Trees, broadleaf, deciduous or with dominant deciduous component; Species/forest composition: ; Biomass attributes/age: mature;  Soil type: .","Spatial boundaries: Asia, India, Uttarakhand (geographic coordinates: 29.576, 79.104); Climate: ; Ecological zone: Tropical moist forest; Temperature:  mean annual temperature: ; Moisture: annual precipitation: 2160 mm yr-1.",,ForC site: FT15 Nayar (ID#: 623); ForC plot: Riverian Shorea robusta Gaertn. F. (Sal) (ID#: 852); ForC measurement ID: 5365; Date of Measurement: 2009; disturbance type: No disturbance; variable description: Total carbon in live biomass (above and below-ground). elevation: 530 m; Koeppen climate zone: Cwa.,107.28,tonnes C/ha,"Equations 2.14, 2.16, 2.27",,"Sharma, C. M., Baduni, N. P., Gairola, S., Ghildiyal, S. K., & Suyal, S. (2010). Tree diversity and carbon stocks of some major forest types of Garhwal Himalaya, India. Forest Ecology and Management, 260(12), 2170-2179. doi:10.1016/j.foreco.2010.09.014",Peer-reviewed journal,TFI TSU
525945,"5-CL-2 - Land Converted to Cropland
5-FL-1 - Forest Land Remaining Forest Land
5-GL-2 - Land Converted to Grassland
5-OL-2 - Land Converted to Other Land
5-SL-2 - Land Converted to Settlements
5-WL-2 - Land Converted to Wetlands","3.B.2.b.i - Forest Land converted to Cropland
3.B.1.a - Forest land Remaining Forest land
3.C.1.a - Burning in Forest Land
3.B.3.b.i - Forest Land converted to Grassland
3.B.6.b.i - Forest Land converted to Other Land
3.B.4.b.iii - Land converted to other wetlands
3.B.5.b.i - Forest Land converted to Settlements","NITROGEN OXIDES (NO+NO2)
METHANE
CARBON MONOXIDE
CARBON DIOXIDE
NITROUS OXIDE",,,Above-ground biomass (AGB),Other (e.g. compiled),Aboveground Biomass (biomass_ag),,"Vegetation/crop type/subtype: Trees, broadleaf, deciduous or with dominant deciduous component; Species/forest composition: ; Biomass attributes/age: mature;  Soil type: .","Spatial boundaries: Asia, India, Uttaranchal (geographic coordinates: 30.28, 79.98); Climate: ; Ecological zone:  Subtropical mountain system; Temperature:  mean annual temperature: ; Moisture: annual precipitation: 946 mm yr-1.",,ForC site: FT16 Between Srinagar and Rudraprayag (ID#: 624); ForC plot: Anogeissus latifolia Wall. - Spondias pinnata (L. f.) Kurz (Bakli - Ambara) (ID#: 853); ForC measurement ID: 5367; Date of Measurement: 2009; disturbance type: No disturbance; variable description: Total live aboveground biomass. elevation: 595 m; Koeppen climate zone: Dwb.,138.81,tonnes dry matter/ha,"Equations 2.14, 2.16, 2.27",,"Sharma, C. M., Baduni, N. P., Gairola, S., Ghildiyal, S. K., & Suyal, S. (2010). Tree diversity and carbon stocks of some major forest types of Garhwal Himalaya, India. Forest Ecology and Management, 260(12), 2170-2179. doi:10.1016/j.foreco.2010.09.014",Peer-reviewed journal,TFI TSU
525946,"5-CL-2 - Land Converted to Cropland
5-FL-1 - Forest Land Remaining Forest Land
5-GL-2 - Land Converted to Grassland
5-OL-2 - Land Converted to Other Land
5-SL-2 - Land Converted to Settlements
5-WL-2 - Land Converted to Wetlands","3.B.2.b.i - Forest Land converted to Cropland
3.B.1.a - Forest land Remaining Forest land
3.C.1.a - Burning in Forest Land
3.B.3.b.i - Forest Land converted to Grassland
3.B.6.b.i - Forest Land converted to Other Land
3.B.4.b.iii - Land converted to other wetlands
3.B.5.b.i - Forest Land converted to Settlements","NITROGEN OXIDES (NO+NO2)
METHANE
CARBON MONOXIDE
CARBON DIOXIDE
NITROUS OXIDE",,,Classified otherwise,Other (e.g. compiled),Total Biomass (biomass),,"Vegetation/crop type/subtype: Trees, broadleaf, deciduous or with dominant deciduous component; Species/forest composition: ; Biomass attributes/age: mature;  Soil type: .","Spatial boundaries: Asia, India, Uttaranchal (geographic coordinates: 30.28, 79.98); Climate: ; Ecological zone:  Subtropical mountain system; Temperature:  mean annual temperature: ; Moisture: annual precipitation: 946 mm yr-1.",,ForC site: FT16 Between Srinagar and Rudraprayag (ID#: 624); ForC plot: Anogeissus latifolia Wall. - Spondias pinnata (L. f.) Kurz (Bakli - Ambara) (ID#: 853); ForC measurement ID: 5368; Date of Measurement: 2009; disturbance type: No disturbance; variable description: Total carbon in live biomass (above and below-ground). elevation: 595 m; Koeppen climate zone: Dwb.,80.44,tonnes C/ha,"Equations 2.14, 2.16, 2.27",,"Sharma, C. M., Baduni, N. P., Gairola, S., Ghildiyal, S. K., & Suyal, S. (2010). Tree diversity and carbon stocks of some major forest types of Garhwal Himalaya, India. Forest Ecology and Management, 260(12), 2170-2179. doi:10.1016/j.foreco.2010.09.014",Peer-reviewed journal,TFI TSU
525947,"5-CL-2 - Land Converted to Cropland
5-FL-1 - Forest Land Remaining Forest Land
5-GL-2 - Land Converted to Grassland
5-OL-2 - Land Converted to Other Land
5-SL-2 - Land Converted to Settlements
5-WL-2 - Land Converted to Wetlands","3.B.2.b.i - Forest Land converted to Cropland
3.B.1.a - Forest land Remaining Forest land
3.C.1.a - Burning in Forest Land
3.B.3.b.i - Forest Land converted to Grassland
3.B.6.b.i - Forest Land converted to Other Land
3.B.4.b.iii - Land converted to other wetlands
3.B.5.b.i - Forest Land converted to Settlements","NITROGEN OXIDES (NO+NO2)
METHANE
CARBON MONOXIDE
CARBON DIOXIDE
NITROUS OXIDE",,,Above-ground biomass (AGB),Other (e.g. compiled),Aboveground Biomass (biomass_ag),,"Vegetation/crop type/subtype: Trees, broadleaf, deciduous or with dominant deciduous component; Species/forest composition: ; Biomass attributes/age: mature;  Soil type: .","Spatial boundaries: Asia, India, Uttaranchal, Sikaddi (geographic coordinates: 30.28, 79.98); Climate: ; Ecological zone:  Subtropical mountain system; Temperature:  mean annual temperature: ; Moisture: annual precipitation: 1760 mm yr-1.",,ForC site: FT17 Laldhang (ID#: 625); ForC plot: Western Gangetic Moist-Mixed Deciduous (ID#: 854); ForC measurement ID: 5370; Date of Measurement: 2009; disturbance type: No disturbance; variable description: Total live aboveground biomass. elevation: 612 m; Koeppen climate zone: Dwb.,168.74,tonnes dry matter/ha,"Equations 2.14, 2.16, 2.27",,"Sharma, C. M., Baduni, N. P., Gairola, S., Ghildiyal, S. K., & Suyal, S. (2010). Tree diversity and carbon stocks of some major forest types of Garhwal Himalaya, India. Forest Ecology and Management, 260(12), 2170-2179. doi:10.1016/j.foreco.2010.09.014",Peer-reviewed journal,TFI TSU
525948,"5-CL-2 - Land Converted to Cropland
5-FL-1 - Forest Land Remaining Forest Land
5-GL-2 - Land Converted to Grassland
5-OL-2 - Land Converted to Other Land
5-SL-2 - Land Converted to Settlements
5-WL-2 - Land Converted to Wetlands","3.B.2.b.i - Forest Land converted to Cropland
3.B.1.a - Forest land Remaining Forest land
3.C.1.a - Burning in Forest Land
3.B.3.b.i - Forest Land converted to Grassland
3.B.6.b.i - Forest Land converted to Other Land
3.B.4.b.iii - Land converted to other wetlands
3.B.5.b.i - Forest Land converted to Settlements","NITROGEN OXIDES (NO+NO2)
METHANE
CARBON MONOXIDE
CARBON DIOXIDE
NITROUS OXIDE",,,Classified otherwise,Other (e.g. compiled),Total Biomass (biomass),,"Vegetation/crop type/subtype: Trees, broadleaf, deciduous or with dominant deciduous component; Species/forest composition: ; Biomass attributes/age: mature;  Soil type: .","Spatial boundaries: Asia, India, Uttaranchal, Sikaddi (geographic coordinates: 30.28, 79.98); Climate: ; Ecological zone:  Subtropical mountain system; Temperature:  mean annual temperature: ; Moisture: annual precipitation: 1760 mm yr-1.",,ForC site: FT17 Laldhang (ID#: 625); ForC plot: Western Gangetic Moist-Mixed Deciduous (ID#: 854); ForC measurement ID: 5371; Date of Measurement: 2009; disturbance type: No disturbance; variable description: Total carbon in live biomass (above and below-ground). elevation: 612 m; Koeppen climate zone: Dwb.,97.34,tonnes C/ha,"Equations 2.14, 2.16, 2.27",,"Sharma, C. M., Baduni, N. P., Gairola, S., Ghildiyal, S. K., & Suyal, S. (2010). Tree diversity and carbon stocks of some major forest types of Garhwal Himalaya, India. Forest Ecology and Management, 260(12), 2170-2179. doi:10.1016/j.foreco.2010.09.014",Peer-reviewed journal,TFI TSU
525949,"5-CL-2 - Land Converted to Cropland
5-FL-1 - Forest Land Remaining Forest Land
5-GL-2 - Land Converted to Grassland
5-OL-2 - Land Converted to Other Land
5-SL-2 - Land Converted to Settlements
5-WL-2 - Land Converted to Wetlands","3.B.2.b.i - Forest Land converted to Cropland
3.B.1.a - Forest land Remaining Forest land
3.C.1.a - Burning in Forest Land
3.B.3.b.i - Forest Land converted to Grassland
3.B.6.b.i - Forest Land converted to Other Land
3.B.4.b.iii - Land converted to other wetlands
3.B.5.b.i - Forest Land converted to Settlements","NITROGEN OXIDES (NO+NO2)
METHANE
CARBON MONOXIDE
CARBON DIOXIDE
NITROUS OXIDE",,,Above-ground biomass (AGB),Other (e.g. compiled),Aboveground Biomass (biomass_ag),,"Vegetation/crop type/subtype: Trees, broadleaf, deciduous or with dominant deciduous component; Species/forest composition: ; Biomass attributes/age: mature;  Soil type: .","Spatial boundaries: Asia, India, Uttaranchal, Neelkanth (geographic coordinates: 30.08, 78.3); Climate: ; Ecological zone:  Tropical moist forest; Temperature:  mean annual temperature: ; Moisture: annual precipitation: 1549 mm yr-1.",,ForC site: FT18 Kalalghati (ID#: 626); ForC plot: Holoptelea integrifolia Planch (Kanju) (ID#: 855); ForC measurement ID: 5373; Date of Measurement: 2009; disturbance type: No disturbance; variable description: Total live aboveground biomass. elevation: 740 m; Koeppen climate zone: Cwa.,191.64,tonnes dry matter/ha,"Equations 2.14, 2.16, 2.27",,"Sharma, C. M., Baduni, N. P., Gairola, S., Ghildiyal, S. K., & Suyal, S. (2010). Tree diversity and carbon stocks of some major forest types of Garhwal Himalaya, India. Forest Ecology and Management, 260(12), 2170-2179. doi:10.1016/j.foreco.2010.09.014",Peer-reviewed journal,TFI TSU
525950,"5-CL-2 - Land Converted to Cropland
5-FL-1 - Forest Land Remaining Forest Land
5-GL-2 - Land Converted to Grassland
5-OL-2 - Land Converted to Other Land
5-SL-2 - Land Converted to Settlements
5-WL-2 - Land Converted to Wetlands","3.B.2.b.i - Forest Land converted to Cropland
3.B.1.a - Forest land Remaining Forest land
3.C.1.a - Burning in Forest Land
3.B.3.b.i - Forest Land converted to Grassland
3.B.6.b.i - Forest Land converted to Other Land
3.B.4.b.iii - Land converted to other wetlands
3.B.5.b.i - Forest Land converted to Settlements","NITROGEN OXIDES (NO+NO2)
METHANE
CARBON MONOXIDE
CARBON DIOXIDE
NITROUS OXIDE",,,Classified otherwise,Other (e.g. compiled),Total Biomass (biomass),,"Vegetation/crop type/subtype: Trees, broadleaf, deciduous or with dominant deciduous component; Species/forest composition: ; Biomass attributes/age: mature;  Soil type: .","Spatial boundaries: Asia, India, Uttaranchal, Neelkanth (geographic coordinates: 30.08, 78.3); Climate: ; Ecological zone:  Tropical moist forest; Temperature:  mean annual temperature: ; Moisture: annual precipitation: 1549 mm yr-1.",,ForC site: FT18 Kalalghati (ID#: 626); ForC plot: Holoptelea integrifolia Planch (Kanju) (ID#: 855); ForC measurement ID: 5374; Date of Measurement: 2009; disturbance type: No disturbance; variable description: Total carbon in live biomass (above and below-ground). elevation: 740 m; Koeppen climate zone: Cwa.,110.22,tonnes C/ha,"Equations 2.14, 2.16, 2.27",,"Sharma, C. M., Baduni, N. P., Gairola, S., Ghildiyal, S. K., & Suyal, S. (2010). Tree diversity and carbon stocks of some major forest types of Garhwal Himalaya, India. Forest Ecology and Management, 260(12), 2170-2179. doi:10.1016/j.foreco.2010.09.014",Peer-reviewed journal,TFI TSU
525951,"5-CL-2 - Land Converted to Cropland
5-FL-1 - Forest Land Remaining Forest Land
5-GL-2 - Land Converted to Grassland
5-OL-2 - Land Converted to Other Land
5-SL-2 - Land Converted to Settlements
5-WL-2 - Land Converted to Wetlands","3.B.2.b.i - Forest Land converted to Cropland
3.B.1.a - Forest land Remaining Forest land
3.C.1.a - Burning in Forest Land
3.B.3.b.i - Forest Land converted to Grassland
3.B.6.b.i - Forest Land converted to Other Land
3.B.4.b.iii - Land converted to other wetlands
3.B.5.b.i - Forest Land converted to Settlements","NITROGEN OXIDES (NO+NO2)
METHANE
CARBON MONOXIDE
CARBON DIOXIDE
NITROUS OXIDE",,,Above-ground biomass (AGB),Other (e.g. compiled),Aboveground Biomass (biomass_ag),,"Vegetation/crop type/subtype: Trees, broadleaf, deciduous or with dominant deciduous component; Species/forest composition: ; Biomass attributes/age: mature;  Soil type: .","Spatial boundaries: Asia, India, Uttaranchal (geographic coordinates: 29.3, 79.56); Climate: ; Ecological zone:  Tropical moist forest; Temperature:  mean annual temperature: ; Moisture: annual precipitation: 2135 mm yr-1.",,ForC site: FT19 Tarai and Bhabhar (ID#: 627); ForC plot: Moist Deciduous Miscellaneous (ID#: 856); ForC measurement ID: 5376; Date of Measurement: 2009; disturbance type: No disturbance; variable description: Total live aboveground biomass. elevation: 445 m; Koeppen climate zone: Cwa.,152.77,tonnes dry matter/ha,"Equations 2.14, 2.16, 2.27",,"Sharma, C. M., Baduni, N. P., Gairola, S., Ghildiyal, S. K., & Suyal, S. (2010). Tree diversity and carbon stocks of some major forest types of Garhwal Himalaya, India. Forest Ecology and Management, 260(12), 2170-2179. doi:10.1016/j.foreco.2010.09.014",Peer-reviewed journal,TFI TSU
525952,"5-CL-2 - Land Converted to Cropland
5-FL-1 - Forest Land Remaining Forest Land
5-GL-2 - Land Converted to Grassland
5-OL-2 - Land Converted to Other Land
5-SL-2 - Land Converted to Settlements
5-WL-2 - Land Converted to Wetlands","3.B.2.b.i - Forest Land converted to Cropland
3.B.1.a - Forest land Remaining Forest land
3.C.1.a - Burning in Forest Land
3.B.3.b.i - Forest Land converted to Grassland
3.B.6.b.i - Forest Land converted to Other Land
3.B.4.b.iii - Land converted to other wetlands
3.B.5.b.i - Forest Land converted to Settlements","NITROGEN OXIDES (NO+NO2)
METHANE
CARBON MONOXIDE
CARBON DIOXIDE
NITROUS OXIDE",,,Classified otherwise,Other (e.g. compiled),Total Biomass (biomass),,"Vegetation/crop type/subtype: Trees, broadleaf, deciduous or with dominant deciduous component; Species/forest composition: ; Biomass attributes/age: mature;  Soil type: .","Spatial boundaries: Asia, India, Uttaranchal (geographic coordinates: 29.3, 79.56); Climate: ; Ecological zone:  Tropical moist forest; Temperature:  mean annual temperature: ; Moisture: annual precipitation: 2135 mm yr-1.",,ForC site: FT19 Tarai and Bhabhar (ID#: 627); ForC plot: Moist Deciduous Miscellaneous (ID#: 856); ForC measurement ID: 5377; Date of Measurement: 2009; disturbance type: No disturbance; variable description: Total carbon in live biomass (above and below-ground). elevation: 445 m; Koeppen climate zone: Cwa.,88.32,tonnes C/ha,"Equations 2.14, 2.16, 2.27",,"Sharma, C. M., Baduni, N. P., Gairola, S., Ghildiyal, S. K., & Suyal, S. (2010). Tree diversity and carbon stocks of some major forest types of Garhwal Himalaya, India. Forest Ecology and Management, 260(12), 2170-2179. doi:10.1016/j.foreco.2010.09.014",Peer-reviewed journal,TFI TSU
525953,"5-CL-2 - Land Converted to Cropland
5-FL-1 - Forest Land Remaining Forest Land
5-GL-2 - Land Converted to Grassland
5-OL-2 - Land Converted to Other Land
5-SL-2 - Land Converted to Settlements
5-WL-2 - Land Converted to Wetlands","3.B.2.b.i - Forest Land converted to Cropland
3.B.1.a - Forest land Remaining Forest land
3.C.1.a - Burning in Forest Land
3.B.3.b.i - Forest Land converted to Grassland
3.B.6.b.i - Forest Land converted to Other Land
3.B.4.b.iii - Land converted to other wetlands
3.B.5.b.i - Forest Land converted to Settlements","NITROGEN OXIDES (NO+NO2)
METHANE
CARBON MONOXIDE
CARBON DIOXIDE
NITROUS OXIDE",,,Above-ground biomass (AGB),Other (e.g. compiled),Aboveground Biomass (biomass_ag),,"Vegetation/crop type/subtype: Trees, broadleaf evergreen; Species/forest composition: ; Biomass attributes/age: mature;  Soil type: .","Spatial boundaries: Asia, India, Uttaranchal (geographic coordinates: 30.13, 79.6); Climate: ; Ecological zone:  Subtropical mountain system; Temperature:  mean annual temperature: ; Moisture: annual precipitation: 1475 mm yr-1.",,ForC site: FT2 Dudhatoli Quercus (ID#: 628); ForC plot: Quercus floribunda Lindle (Moru Oak) (ID#: 857); ForC measurement ID: 5379; Date of Measurement: 2009; disturbance type: No disturbance; variable description: Total live aboveground biomass. elevation: 2450 m; Koeppen climate zone: Dwb.,235.24,tonnes dry matter/ha,"Equations 2.14, 2.16, 2.27",,"Sharma, C. M., Baduni, N. P., Gairola, S., Ghildiyal, S. K., & Suyal, S. (2010). Tree diversity and carbon stocks of some major forest types of Garhwal Himalaya, India. Forest Ecology and Management, 260(12), 2170-2179. doi:10.1016/j.foreco.2010.09.014",Peer-reviewed journal,TFI TSU
525954,"5-CL-2 - Land Converted to Cropland
5-FL-1 - Forest Land Remaining Forest Land
5-GL-2 - Land Converted to Grassland
5-OL-2 - Land Converted to Other Land
5-SL-2 - Land Converted to Settlements
5-WL-2 - Land Converted to Wetlands","3.B.2.b.i - Forest Land converted to Cropland
3.B.1.a - Forest land Remaining Forest land
3.C.1.a - Burning in Forest Land
3.B.3.b.i - Forest Land converted to Grassland
3.B.6.b.i - Forest Land converted to Other Land
3.B.4.b.iii - Land converted to other wetlands
3.B.5.b.i - Forest Land converted to Settlements","NITROGEN OXIDES (NO+NO2)
METHANE
CARBON MONOXIDE
CARBON DIOXIDE
NITROUS OXIDE",,,Classified otherwise,Other (e.g. compiled),Total Biomass (biomass),,"Vegetation/crop type/subtype: Trees, broadleaf evergreen; Species/forest composition: ; Biomass attributes/age: mature;  Soil type: .","Spatial boundaries: Asia, India, Uttaranchal (geographic coordinates: 30.13, 79.6); Climate: ; Ecological zone:  Subtropical mountain system; Temperature:  mean annual temperature: ; Moisture: annual precipitation: 1475 mm yr-1.",,ForC site: FT2 Dudhatoli Quercus (ID#: 628); ForC plot: Quercus floribunda Lindle (Moru Oak) (ID#: 857); ForC measurement ID: 5380; Date of Measurement: 2009; disturbance type: No disturbance; variable description: Total carbon in live biomass (above and below-ground). elevation: 2450 m; Koeppen climate zone: Dwb.,134.51,tonnes C/ha,"Equations 2.14, 2.16, 2.27",,"Sharma, C. M., Baduni, N. P., Gairola, S., Ghildiyal, S. K., & Suyal, S. (2010). Tree diversity and carbon stocks of some major forest types of Garhwal Himalaya, India. Forest Ecology and Management, 260(12), 2170-2179. doi:10.1016/j.foreco.2010.09.014",Peer-reviewed journal,TFI TSU
525955,"5-CL-2 - Land Converted to Cropland
5-FL-1 - Forest Land Remaining Forest Land
5-GL-2 - Land Converted to Grassland
5-OL-2 - Land Converted to Other Land
5-SL-2 - Land Converted to Settlements
5-WL-2 - Land Converted to Wetlands","3.B.2.b.i - Forest Land converted to Cropland
3.B.1.a - Forest land Remaining Forest land
3.C.1.a - Burning in Forest Land
3.B.3.b.i - Forest Land converted to Grassland
3.B.6.b.i - Forest Land converted to Other Land
3.B.4.b.iii - Land converted to other wetlands
3.B.5.b.i - Forest Land converted to Settlements","NITROGEN OXIDES (NO+NO2)
METHANE
CARBON MONOXIDE
CARBON DIOXIDE
NITROUS OXIDE",,,Above-ground biomass (AGB),Other (e.g. compiled),Aboveground Biomass (biomass_ag),,"Vegetation/crop type/subtype: Trees, broadleaf, deciduous or with dominant deciduous component; Species/forest composition: ; Biomass attributes/age: mature;  Soil type: .","Spatial boundaries: Asia, India, Uttaranchal, Satpuli (geographic coordinates: 29.82, 78.8); Climate: ; Ecological zone:  Subtropical mountain system; Temperature:  mean annual temperature: ; Moisture: annual precipitation: 1100 mm yr-1.",,ForC site: FT20 Rishikesh (ID#: 629); ForC plot: Riverian Acacia catechu (L. f.) Willd - Dalbergia sissoo Roxb. (Khair - Sissu) (ID#: 858); ForC measurement ID: 5382; Date of Measurement: 2009; disturbance type: No disturbance; variable description: Total live aboveground biomass. elevation: 457.5 m; Koeppen climate zone: Cwa.,101.42,tonnes dry matter/ha,"Equations 2.14, 2.16, 2.27",,"Sharma, C. M., Baduni, N. P., Gairola, S., Ghildiyal, S. K., & Suyal, S. (2010). Tree diversity and carbon stocks of some major forest types of Garhwal Himalaya, India. Forest Ecology and Management, 260(12), 2170-2179. doi:10.1016/j.foreco.2010.09.014",Peer-reviewed journal,TFI TSU
525956,"5-CL-2 - Land Converted to Cropland
5-FL-1 - Forest Land Remaining Forest Land
5-GL-2 - Land Converted to Grassland
5-OL-2 - Land Converted to Other Land
5-SL-2 - Land Converted to Settlements
5-WL-2 - Land Converted to Wetlands","3.B.2.b.i - Forest Land converted to Cropland
3.B.1.a - Forest land Remaining Forest land
3.C.1.a - Burning in Forest Land
3.B.3.b.i - Forest Land converted to Grassland
3.B.6.b.i - Forest Land converted to Other Land
3.B.4.b.iii - Land converted to other wetlands
3.B.5.b.i - Forest Land converted to Settlements","NITROGEN OXIDES (NO+NO2)
METHANE
CARBON MONOXIDE
CARBON DIOXIDE
NITROUS OXIDE",,,Classified otherwise,Other (e.g. compiled),Total Biomass (biomass),,"Vegetation/crop type/subtype: Trees, broadleaf, deciduous or with dominant deciduous component; Species/forest composition: ; Biomass attributes/age: mature;  Soil type: .","Spatial boundaries: Asia, India, Uttaranchal, Satpuli (geographic coordinates: 29.82, 78.8); Climate: ; Ecological zone:  Subtropical mountain system; Temperature:  mean annual temperature: ; Moisture: annual precipitation: 1100 mm yr-1.",,ForC site: FT20 Rishikesh (ID#: 629); ForC plot: Riverian Acacia catechu (L. f.) Willd - Dalbergia sissoo Roxb. (Khair - Sissu) (ID#: 858); ForC measurement ID: 5383; Date of Measurement: 2009; disturbance type: No disturbance; variable description: Total carbon in live biomass (above and below-ground). elevation: 457.5 m; Koeppen climate zone: Cwa.,59.20,tonnes C/ha,"Equations 2.14, 2.16, 2.27",,"Sharma, C. M., Baduni, N. P., Gairola, S., Ghildiyal, S. K., & Suyal, S. (2010). Tree diversity and carbon stocks of some major forest types of Garhwal Himalaya, India. Forest Ecology and Management, 260(12), 2170-2179. doi:10.1016/j.foreco.2010.09.014",Peer-reviewed journal,TFI TSU
525957,"5-CL-2 - Land Converted to Cropland
5-FL-1 - Forest Land Remaining Forest Land
5-GL-2 - Land Converted to Grassland
5-OL-2 - Land Converted to Other Land
5-SL-2 - Land Converted to Settlements
5-WL-2 - Land Converted to Wetlands","3.B.2.b.i - Forest Land converted to Cropland
3.B.1.a - Forest land Remaining Forest land
3.C.1.a - Burning in Forest Land
3.B.3.b.i - Forest Land converted to Grassland
3.B.6.b.i - Forest Land converted to Other Land
3.B.4.b.iii - Land converted to other wetlands
3.B.5.b.i - Forest Land converted to Settlements","NITROGEN OXIDES (NO+NO2)
METHANE
CARBON MONOXIDE
CARBON DIOXIDE
NITROUS OXIDE",,,Above-ground biomass (AGB),Other (e.g. compiled),Aboveground Biomass (biomass_ag),,"Vegetation/crop type/subtype: Trees, broadleaf, deciduous or with dominant deciduous component; Species/forest composition: ; Biomass attributes/age: mature;  Soil type: .","Spatial boundaries: Asia, India, Uttaranchal, Tarkeshwar (geographic coordinates: 29.8, 78.8); Climate: ; Ecological zone:  Subtropical mountain system; Temperature:  mean annual temperature: ; Moisture: annual precipitation: 1300 mm yr-1.",,ForC site: FT3 Binsar (ID#: 630); ForC plot: Moist Cedrus deodara Loud. (Deodar) (ID#: 859); ForC measurement ID: 5385; Date of Measurement: 2009; disturbance type: No disturbance; variable description: Total live aboveground biomass. elevation: 2350 m; Koeppen climate zone: Cwa.,434.43,tonnes dry matter/ha,"Equations 2.14, 2.16, 2.27",,"Sharma, C. M., Baduni, N. P., Gairola, S., Ghildiyal, S. K., & Suyal, S. (2010). Tree diversity and carbon stocks of some major forest types of Garhwal Himalaya, India. Forest Ecology and Management, 260(12), 2170-2179. doi:10.1016/j.foreco.2010.09.014",Peer-reviewed journal,TFI TSU
525958,"5-CL-2 - Land Converted to Cropland
5-FL-1 - Forest Land Remaining Forest Land
5-GL-2 - Land Converted to Grassland
5-OL-2 - Land Converted to Other Land
5-SL-2 - Land Converted to Settlements
5-WL-2 - Land Converted to Wetlands","3.B.2.b.i - Forest Land converted to Cropland
3.B.1.a - Forest land Remaining Forest land
3.C.1.a - Burning in Forest Land
3.B.3.b.i - Forest Land converted to Grassland
3.B.6.b.i - Forest Land converted to Other Land
3.B.4.b.iii - Land converted to other wetlands
3.B.5.b.i - Forest Land converted to Settlements","NITROGEN OXIDES (NO+NO2)
METHANE
CARBON MONOXIDE
CARBON DIOXIDE
NITROUS OXIDE",,,Classified otherwise,Other (e.g. compiled),Total Biomass (biomass),,"Vegetation/crop type/subtype: Trees, broadleaf, deciduous or with dominant deciduous component; Species/forest composition: ; Biomass attributes/age: mature;  Soil type: .","Spatial boundaries: Asia, India, Uttaranchal, Tarkeshwar (geographic coordinates: 29.8, 78.8); Climate: ; Ecological zone:  Subtropical mountain system; Temperature:  mean annual temperature: ; Moisture: annual precipitation: 1300 mm yr-1.",,ForC site: FT3 Binsar (ID#: 630); ForC plot: Moist Cedrus deodara Loud. (Deodar) (ID#: 859); ForC measurement ID: 5386; Date of Measurement: 2009; disturbance type: No disturbance; variable description: Total carbon in live biomass (above and below-ground). elevation: 2350 m; Koeppen climate zone: Cwa.,245.31,tonnes C/ha,"Equations 2.14, 2.16, 2.27",,"Sharma, C. M., Baduni, N. P., Gairola, S., Ghildiyal, S. K., & Suyal, S. (2010). Tree diversity and carbon stocks of some major forest types of Garhwal Himalaya, India. Forest Ecology and Management, 260(12), 2170-2179. doi:10.1016/j.foreco.2010.09.014",Peer-reviewed journal,TFI TSU
525959,"5-CL-2 - Land Converted to Cropland
5-FL-1 - Forest Land Remaining Forest Land
5-GL-2 - Land Converted to Grassland
5-OL-2 - Land Converted to Other Land
5-SL-2 - Land Converted to Settlements
5-WL-2 - Land Converted to Wetlands","3.B.2.b.i - Forest Land converted to Cropland
3.B.1.a - Forest land Remaining Forest land
3.C.1.a - Burning in Forest Land
3.B.3.b.i - Forest Land converted to Grassland
3.B.6.b.i - Forest Land converted to Other Land
3.B.4.b.iii - Land converted to other wetlands
3.B.5.b.i - Forest Land converted to Settlements","NITROGEN OXIDES (NO+NO2)
METHANE
CARBON MONOXIDE
CARBON DIOXIDE
NITROUS OXIDE",,,Above-ground biomass (AGB),Other (e.g. compiled),Aboveground Biomass (biomass_ag),,"Vegetation/crop type/subtype: Trees, conifer (needleleaf) evergreen; Species/forest composition: ; Biomass attributes/age: mature;  Soil type: .","Spatial boundaries: Asia, India, Uttaranchal (geographic coordinates: 30.05, 79.05); Climate: ; Ecological zone:  Subtropical mountain system; Temperature:  mean annual temperature: ; Moisture: annual precipitation: 1320 mm yr-1.",,ForC site: FT4 Thalisain (ID#: 631); ForC plot: Himalayan Pinus roxburghii Sarg. (Chir Pine) (ID#: 860); ForC measurement ID: 5388; Date of Measurement: 2009; disturbance type: No disturbance; variable description: Total live aboveground biomass. elevation: 1650 m; Koeppen climate zone: Cwa.,239.86,tonnes dry matter/ha,"Equations 2.14, 2.16, 2.27",,"Sharma, C. M., Baduni, N. P., Gairola, S., Ghildiyal, S. K., & Suyal, S. (2010). Tree diversity and carbon stocks of some major forest types of Garhwal Himalaya, India. Forest Ecology and Management, 260(12), 2170-2179. doi:10.1016/j.foreco.2010.09.014",Peer-reviewed journal,TFI TSU
525960,"5-CL-2 - Land Converted to Cropland
5-FL-1 - Forest Land Remaining Forest Land
5-GL-2 - Land Converted to Grassland
5-OL-2 - Land Converted to Other Land
5-SL-2 - Land Converted to Settlements
5-WL-2 - Land Converted to Wetlands","3.B.2.b.i - Forest Land converted to Cropland
3.B.1.a - Forest land Remaining Forest land
3.C.1.a - Burning in Forest Land
3.B.3.b.i - Forest Land converted to Grassland
3.B.6.b.i - Forest Land converted to Other Land
3.B.4.b.iii - Land converted to other wetlands
3.B.5.b.i - Forest Land converted to Settlements","NITROGEN OXIDES (NO+NO2)
METHANE
CARBON MONOXIDE
CARBON DIOXIDE
NITROUS OXIDE",,,Classified otherwise,Other (e.g. compiled),Total Biomass (biomass),,"Vegetation/crop type/subtype: Trees, conifer (needleleaf) evergreen; Species/forest composition: ; Biomass attributes/age: mature;  Soil type: .","Spatial boundaries: Asia, India, Uttaranchal (geographic coordinates: 30.05, 79.05); Climate: ; Ecological zone:  Subtropical mountain system; Temperature:  mean annual temperature: ; Moisture: annual precipitation: 1320 mm yr-1.",,ForC site: FT4 Thalisain (ID#: 631); ForC plot: Himalayan Pinus roxburghii Sarg. (Chir Pine) (ID#: 860); ForC measurement ID: 5389; Date of Measurement: 2009; disturbance type: No disturbance; variable description: Total carbon in live biomass (above and below-ground). elevation: 1650 m; Koeppen climate zone: Cwa.,137.10,tonnes C/ha,"Equations 2.14, 2.16, 2.27",,"Sharma, C. M., Baduni, N. P., Gairola, S., Ghildiyal, S. K., & Suyal, S. (2010). Tree diversity and carbon stocks of some major forest types of Garhwal Himalaya, India. Forest Ecology and Management, 260(12), 2170-2179. doi:10.1016/j.foreco.2010.09.014",Peer-reviewed journal,TFI TSU
525961,"5-CL-2 - Land Converted to Cropland
5-FL-1 - Forest Land Remaining Forest Land
5-GL-2 - Land Converted to Grassland
5-OL-2 - Land Converted to Other Land
5-SL-2 - Land Converted to Settlements
5-WL-2 - Land Converted to Wetlands","3.B.2.b.i - Forest Land converted to Cropland
3.B.1.a - Forest land Remaining Forest land
3.C.1.a - Burning in Forest Land
3.B.3.b.i - Forest Land converted to Grassland
3.B.6.b.i - Forest Land converted to Other Land
3.B.4.b.iii - Land converted to other wetlands
3.B.5.b.i - Forest Land converted to Settlements","NITROGEN OXIDES (NO+NO2)
METHANE
CARBON MONOXIDE
CARBON DIOXIDE
NITROUS OXIDE",,,Above-ground biomass (AGB),Other (e.g. compiled),Aboveground Biomass (biomass_ag),,"Vegetation/crop type/subtype: Trees, broadleaf evergreen; Species/forest composition: ; Biomass attributes/age: mature;  Soil type: .","Spatial boundaries: Asia, India, Uttaranchal, Dudhatoli (geographic coordinates: 30.1, 78.96); Climate: ; Ecological zone:  Subtropical mountain system; Temperature:  mean annual temperature: ; Moisture: annual precipitation: 2350 mm yr-1.",,ForC site: FT5 Chaurinkhal (ID#: 632); ForC plot: Upper West Himalayan Quercus semecarpifolia Sm. (Kharsu Oak) (ID#: 861); ForC measurement ID: 5391; Date of Measurement: 2009; disturbance type: No disturbance; variable description: Total live aboveground biomass. elevation: 2750 m; Koeppen climate zone: Cwa.,224.25,tonnes dry matter/ha,"Equations 2.14, 2.16, 2.27",,"Sharma, C. M., Baduni, N. P., Gairola, S., Ghildiyal, S. K., & Suyal, S. (2010). Tree diversity and carbon stocks of some major forest types of Garhwal Himalaya, India. Forest Ecology and Management, 260(12), 2170-2179. doi:10.1016/j.foreco.2010.09.014",Peer-reviewed journal,TFI TSU
525962,"5-CL-2 - Land Converted to Cropland
5-FL-1 - Forest Land Remaining Forest Land
5-GL-2 - Land Converted to Grassland
5-OL-2 - Land Converted to Other Land
5-SL-2 - Land Converted to Settlements
5-WL-2 - Land Converted to Wetlands","3.B.2.b.i - Forest Land converted to Cropland
3.B.1.a - Forest land Remaining Forest land
3.C.1.a - Burning in Forest Land
3.B.3.b.i - Forest Land converted to Grassland
3.B.6.b.i - Forest Land converted to Other Land
3.B.4.b.iii - Land converted to other wetlands
3.B.5.b.i - Forest Land converted to Settlements","NITROGEN OXIDES (NO+NO2)
METHANE
CARBON MONOXIDE
CARBON DIOXIDE
NITROUS OXIDE",,,Classified otherwise,Other (e.g. compiled),Total Biomass (biomass),,"Vegetation/crop type/subtype: Trees, broadleaf evergreen; Species/forest composition: ; Biomass attributes/age: mature;  Soil type: .","Spatial boundaries: Asia, India, Uttaranchal, Dudhatoli (geographic coordinates: 30.1, 78.96); Climate: ; Ecological zone:  Subtropical mountain system; Temperature:  mean annual temperature: ; Moisture: annual precipitation: 2350 mm yr-1.",,ForC site: FT5 Chaurinkhal (ID#: 632); ForC plot: Upper West Himalayan Quercus semecarpifolia Sm. (Kharsu Oak) (ID#: 861); ForC measurement ID: 5392; Date of Measurement: 2009; disturbance type: No disturbance; variable description: Total carbon in live biomass (above and below-ground). elevation: 2750 m; Koeppen climate zone: Cwa.,128.48,tonnes C/ha,"Equations 2.14, 2.16, 2.27",,"Sharma, C. M., Baduni, N. P., Gairola, S., Ghildiyal, S. K., & Suyal, S. (2010). Tree diversity and carbon stocks of some major forest types of Garhwal Himalaya, India. Forest Ecology and Management, 260(12), 2170-2179. doi:10.1016/j.foreco.2010.09.014",Peer-reviewed journal,TFI TSU
525963,"5-CL-2 - Land Converted to Cropland
5-FL-1 - Forest Land Remaining Forest Land
5-GL-2 - Land Converted to Grassland
5-OL-2 - Land Converted to Other Land
5-SL-2 - Land Converted to Settlements
5-WL-2 - Land Converted to Wetlands","3.B.2.b.i - Forest Land converted to Cropland
3.B.1.a - Forest land Remaining Forest land
3.C.1.a - Burning in Forest Land
3.B.3.b.i - Forest Land converted to Grassland
3.B.6.b.i - Forest Land converted to Other Land
3.B.4.b.iii - Land converted to other wetlands
3.B.5.b.i - Forest Land converted to Settlements","NITROGEN OXIDES (NO+NO2)
METHANE
CARBON MONOXIDE
CARBON DIOXIDE
NITROUS OXIDE",,,Above-ground biomass (AGB),Other (e.g. compiled),Aboveground Biomass (biomass_ag),,"Vegetation/crop type/subtype: Trees, conifer (needleleaf) evergreen; Species/forest composition: ; Biomass attributes/age: mature;  Soil type: .","Spatial boundaries: Asia, India, Uttaranchal (geographic coordinates: 30.1, 78.96); Climate: ; Ecological zone:  Subtropical mountain system; Temperature:  mean annual temperature: ; Moisture: annual precipitation: 1125 mm yr-1.",,ForC site: FT6 Jhandidhar (ID#: 633); ForC plot: Himalayan Cupressus torulosa Don. (Cypress) (ID#: 862); ForC measurement ID: 5394; Date of Measurement: 2009; disturbance type: No disturbance; variable description: Total live aboveground biomass. elevation: 2300 m; Koeppen climate zone: Cwa.,271.63,tonnes dry matter/ha,"Equations 2.14, 2.16, 2.27",,"Sharma, C. M., Baduni, N. P., Gairola, S., Ghildiyal, S. K., & Suyal, S. (2010). Tree diversity and carbon stocks of some major forest types of Garhwal Himalaya, India. Forest Ecology and Management, 260(12), 2170-2179. doi:10.1016/j.foreco.2010.09.014",Peer-reviewed journal,TFI TSU
525964,"5-CL-2 - Land Converted to Cropland
5-FL-1 - Forest Land Remaining Forest Land
5-GL-2 - Land Converted to Grassland
5-OL-2 - Land Converted to Other Land
5-SL-2 - Land Converted to Settlements
5-WL-2 - Land Converted to Wetlands","3.B.2.b.i - Forest Land converted to Cropland
3.B.1.a - Forest land Remaining Forest land
3.C.1.a - Burning in Forest Land
3.B.3.b.i - Forest Land converted to Grassland
3.B.6.b.i - Forest Land converted to Other Land
3.B.4.b.iii - Land converted to other wetlands
3.B.5.b.i - Forest Land converted to Settlements","NITROGEN OXIDES (NO+NO2)
METHANE
CARBON MONOXIDE
CARBON DIOXIDE
NITROUS OXIDE",,,Classified otherwise,Other (e.g. compiled),Total Biomass (biomass),,"Vegetation/crop type/subtype: Trees, conifer (needleleaf) evergreen; Species/forest composition: ; Biomass attributes/age: mature;  Soil type: .","Spatial boundaries: Asia, India, Uttaranchal (geographic coordinates: 30.1, 78.96); Climate: ; Ecological zone:  Subtropical mountain system; Temperature:  mean annual temperature: ; Moisture: annual precipitation: 1125 mm yr-1.",,ForC site: FT6 Jhandidhar (ID#: 633); ForC plot: Himalayan Cupressus torulosa Don. (Cypress) (ID#: 862); ForC measurement ID: 5395; Date of Measurement: 2009; disturbance type: No disturbance; variable description: Total carbon in live biomass (above and below-ground). elevation: 2300 m; Koeppen climate zone: Cwa.,154.82,tonnes C/ha,"Equations 2.14, 2.16, 2.27",,"Sharma, C. M., Baduni, N. P., Gairola, S., Ghildiyal, S. K., & Suyal, S. (2010). Tree diversity and carbon stocks of some major forest types of Garhwal Himalaya, India. Forest Ecology and Management, 260(12), 2170-2179. doi:10.1016/j.foreco.2010.09.014",Peer-reviewed journal,TFI TSU
525965,"5-CL-2 - Land Converted to Cropland
5-FL-1 - Forest Land Remaining Forest Land
5-GL-2 - Land Converted to Grassland
5-OL-2 - Land Converted to Other Land
5-SL-2 - Land Converted to Settlements
5-WL-2 - Land Converted to Wetlands","3.B.2.b.i - Forest Land converted to Cropland
3.B.1.a - Forest land Remaining Forest land
3.C.1.a - Burning in Forest Land
3.B.3.b.i - Forest Land converted to Grassland
3.B.6.b.i - Forest Land converted to Other Land
3.B.4.b.iii - Land converted to other wetlands
3.B.5.b.i - Forest Land converted to Settlements","NITROGEN OXIDES (NO+NO2)
METHANE
CARBON MONOXIDE
CARBON DIOXIDE
NITROUS OXIDE",,,Above-ground biomass (AGB),Other (e.g. compiled),Aboveground Biomass (biomass_ag),,"Vegetation/crop type/subtype: Trees, broadleaf evergreen; Species/forest composition: ; Biomass attributes/age: mature;  Soil type: .","Spatial boundaries: Asia, India, Uttaranchal, Khirshu (geographic coordinates: 30.15, 78.8); Climate: ; Ecological zone:  Subtropical mountain system; Temperature:  mean annual temperature: ; Moisture: annual precipitation: 1450 mm yr-1.",,ForC site: FT7 Buvakhal (ID#: 634); ForC plot: Lower West Himalayan Quercus leucotrichophoraA. Camus (Banj Oak) (ID#: 863); ForC measurement ID: 5397; Date of Measurement: 2009; disturbance type: No disturbance; variable description: Total live aboveground biomass. elevation: 1850 m; Koeppen climate zone: Cwa.,159.40,tonnes dry matter/ha,"Equations 2.14, 2.16, 2.27",,"Sharma, C. M., Baduni, N. P., Gairola, S., Ghildiyal, S. K., & Suyal, S. (2010). Tree diversity and carbon stocks of some major forest types of Garhwal Himalaya, India. Forest Ecology and Management, 260(12), 2170-2179. doi:10.1016/j.foreco.2010.09.014",Peer-reviewed journal,TFI TSU
525966,"5-CL-2 - Land Converted to Cropland
5-FL-1 - Forest Land Remaining Forest Land
5-GL-2 - Land Converted to Grassland
5-OL-2 - Land Converted to Other Land
5-SL-2 - Land Converted to Settlements
5-WL-2 - Land Converted to Wetlands","3.B.2.b.i - Forest Land converted to Cropland
3.B.1.a - Forest land Remaining Forest land
3.C.1.a - Burning in Forest Land
3.B.3.b.i - Forest Land converted to Grassland
3.B.6.b.i - Forest Land converted to Other Land
3.B.4.b.iii - Land converted to other wetlands
3.B.5.b.i - Forest Land converted to Settlements","NITROGEN OXIDES (NO+NO2)
METHANE
CARBON MONOXIDE
CARBON DIOXIDE
NITROUS OXIDE",,,Classified otherwise,Other (e.g. compiled),Total Biomass (biomass),,"Vegetation/crop type/subtype: Trees, broadleaf evergreen; Species/forest composition: ; Biomass attributes/age: mature;  Soil type: .","Spatial boundaries: Asia, India, Uttaranchal, Khirshu (geographic coordinates: 30.15, 78.8); Climate: ; Ecological zone:  Subtropical mountain system; Temperature:  mean annual temperature: ; Moisture: annual precipitation: 1450 mm yr-1.",,ForC site: FT7 Buvakhal (ID#: 634); ForC plot: Lower West Himalayan Quercus leucotrichophoraA. Camus (Banj Oak) (ID#: 863); ForC measurement ID: 5398; Date of Measurement: 2009; disturbance type: No disturbance; variable description: Total carbon in live biomass (above and below-ground). elevation: 1850 m; Koeppen climate zone: Cwa.,92.06,tonnes C/ha,"Equations 2.14, 2.16, 2.27",,"Sharma, C. M., Baduni, N. P., Gairola, S., Ghildiyal, S. K., & Suyal, S. (2010). Tree diversity and carbon stocks of some major forest types of Garhwal Himalaya, India. Forest Ecology and Management, 260(12), 2170-2179. doi:10.1016/j.foreco.2010.09.014",Peer-reviewed journal,TFI TSU
525967,"5-CL-2 - Land Converted to Cropland
5-FL-1 - Forest Land Remaining Forest Land
5-GL-2 - Land Converted to Grassland
5-OL-2 - Land Converted to Other Land
5-SL-2 - Land Converted to Settlements
5-WL-2 - Land Converted to Wetlands","3.B.2.b.i - Forest Land converted to Cropland
3.B.1.a - Forest land Remaining Forest land
3.C.1.a - Burning in Forest Land
3.B.3.b.i - Forest Land converted to Grassland
3.B.6.b.i - Forest Land converted to Other Land
3.B.4.b.iii - Land converted to other wetlands
3.B.5.b.i - Forest Land converted to Settlements","NITROGEN OXIDES (NO+NO2)
METHANE
CARBON MONOXIDE
CARBON DIOXIDE
NITROUS OXIDE",,,Above-ground biomass (AGB),Other (e.g. compiled),Aboveground Biomass (biomass_ag),,"Vegetation/crop type/subtype: Trees, broadleaf and/or conifer, deciduous or with dominant deciduous component; Species/forest composition: ; Biomass attributes/age: mature;  Soil type: .","Spatial boundaries: Asia, India, Devadanda, Chaurinkhal (geographic coordinates: 30.25, 78.78); Climate: ; Ecological zone:   Tropical moist forest; Temperature:  mean annual temperature: ; Moisture: annual precipitation: 1870 mm yr-1.",,ForC site: FT9 Dudhatoli (ID#: 636); ForC plot: Moist Temperate Deciduous (ID#: 865); ForC measurement ID: 5403; Date of Measurement: 2009; disturbance type: No disturbance; variable description: Total live aboveground biomass. elevation: 1950 m; Koeppen climate zone: Cwb.,114.31,tonnes dry matter/ha,"Equations 2.14, 2.16, 2.27",,"Sharma, C. M., Baduni, N. P., Gairola, S., Ghildiyal, S. K., & Suyal, S. (2010). Tree diversity and carbon stocks of some major forest types of Garhwal Himalaya, India. Forest Ecology and Management, 260(12), 2170-2179. doi:10.1016/j.foreco.2010.09.014",Peer-reviewed journal,TFI TSU
525968,"5-CL-2 - Land Converted to Cropland
5-FL-1 - Forest Land Remaining Forest Land
5-GL-2 - Land Converted to Grassland
5-OL-2 - Land Converted to Other Land
5-SL-2 - Land Converted to Settlements
5-WL-2 - Land Converted to Wetlands","3.B.2.b.i - Forest Land converted to Cropland
3.B.1.a - Forest land Remaining Forest land
3.C.1.a - Burning in Forest Land
3.B.3.b.i - Forest Land converted to Grassland
3.B.6.b.i - Forest Land converted to Other Land
3.B.4.b.iii - Land converted to other wetlands
3.B.5.b.i - Forest Land converted to Settlements","NITROGEN OXIDES (NO+NO2)
METHANE
CARBON MONOXIDE
CARBON DIOXIDE
NITROUS OXIDE",,,Classified otherwise,Other (e.g. compiled),Total Biomass (biomass),,"Vegetation/crop type/subtype: Trees, broadleaf and/or conifer, deciduous or with dominant deciduous component; Species/forest composition: ; Biomass attributes/age: mature;  Soil type: .","Spatial boundaries: Asia, India, Devadanda, Chaurinkhal (geographic coordinates: 30.25, 78.78); Climate: ; Ecological zone:   Tropical moist forest; Temperature:  mean annual temperature: ; Moisture: annual precipitation: 1870 mm yr-1.",,ForC site: FT9 Dudhatoli (ID#: 636); ForC plot: Moist Temperate Deciduous (ID#: 865); ForC measurement ID: 5404; Date of Measurement: 2009; disturbance type: No disturbance; variable description: Total carbon in live biomass (above and below-ground). elevation: 1950 m; Koeppen climate zone: Cwb.,66.54,tonnes C/ha,"Equations 2.14, 2.16, 2.27",,"Sharma, C. M., Baduni, N. P., Gairola, S., Ghildiyal, S. K., & Suyal, S. (2010). Tree diversity and carbon stocks of some major forest types of Garhwal Himalaya, India. Forest Ecology and Management, 260(12), 2170-2179. doi:10.1016/j.foreco.2010.09.014",Peer-reviewed journal,TFI TSU
126890,1A - Fuel Combustion Activities,1.A - Fuel Combustion Activities,CARBON DIOXIDE,Other Bituminous Coal,Other Bituminous Coal,,Measured,gross calorific value,,air dried basis,India,,,23.11,MJ/kg,,,Data provided by The Federation of Electric Power Companies and Japan coal frontier organization,Other,"The Federation of Electric Power Companies and Japan coal frontier organization, Japan"
126923,1A - Fuel Combustion Activities,1.A - Fuel Combustion Activities,CARBON DIOXIDE,Other Bituminous Coal,Other Bituminous Coal,,Measured,carbon content,,,India,,,46.23,%,,,Data provided by The Federation of Electric Power Companies and Japan coal frontier organization,Other,"The Federation of Electric Power Companies and Japan coal frontier organization, Japan"
527140,5-FL-1 - Forest Land Remaining Forest Land,3.B.1.a - Forest land Remaining Forest land,CARBON DIOXIDE,,,Above-ground biomass (AGB),Other (e.g. compiled),Aboveground Biomass (biomass_ag),,"Vegetation/crop type/subtype: Trees, broadleaf; Species/forest composition: Seasonal dry evergreen, mixed deciduous, mixed dipterocarpus; Biomass attributes/age: dbh trees >= 1 cm/mature;  Soil type: Alfisol.","Spatial boundaries: Asia, India, Tamil Nadu (geographic coordinates:  11.5989, 76.5338); Climate: ; Ecological zone: Tropical dry forest; Temperature:  mean annual temperature: 22.7 degrees C; Moisture: annual precipitation:1553 mm yr-1.",,"ForC site: Mudumalai CTFS-ForestGEO plot (ID#: 2102); ForC plot: 50-ha forest dynamics plot (ID#: 2759); ForC measurement ID: 48975; Date of Measurement: 1988-2000; plot size: 50 ha; disturbance type: No severe disturbance since 1985; variable description: Annual aboveground woody production accounting for stem growth but not branch fall;  i.e., wood (including branch) increment determined using allometric equations relating aboveground woody biomass increment to changes in stem diameter of all individual trees in the plot. Also known as ""coarse woody productivity""; elevation: 1050 m; Koeppen climate zone: Aw.",174.23,Mg/ha,"Equations 2.14, 2.16, 2.27",,"Chave, J., Condit, R., Muller-Landau, H. C., Thomas, S. C., Ashton, P. S., Bunyavejchewin, S., ... Losos, E. C. (2008). Assessing Evidence for a Pervasive Alteration in Tropical Tree Communities. PLoS Biology, 6(3), e45. doi:10.1371/journal.pbio.0060045",Peer-reviewed journal,TFI TSU
527141,5-FL-1 - Forest Land Remaining Forest Land,3.B.1.a - Forest land Remaining Forest land,CARBON DIOXIDE,,,Above-ground biomass (AGB),Other (e.g. compiled),Aboveground Net Primary Production: woody stem component (ANPP_woody_stem),,"Vegetation/crop type/subtype: Trees, broadleaf; Species/forest composition: Seasonal dry evergreen, mixed deciduous, mixed dipterocarpus; Biomass attributes/age: dbh trees >= 1 cm/mature;  Soil type: Alfisol.","Spatial boundaries: Asia, India, Tamil Nadu (geographic coordinates:  11.5989, 76.5338); Climate: ; Ecological zone: Tropical dry forest; Temperature:  mean annual temperature: 22.7 degrees C; Moisture: annual precipitation:1553 mm yr-1.",,"ForC site: Mudumalai CTFS-ForestGEO plot (ID#: 2102); ForC plot: 50-ha forest dynamics plot (ID#: 2759); ForC measurement ID: 48975; Date of Measurement: 1988-2000; plot size: 50 ha; disturbance type: No severe disturbance since 1985; variable description: Annual aboveground woody production accounting for stem growth but not branch fall;  i.e., wood (including branch) increment determined using allometric equations relating aboveground woody biomass increment to changes in stem diameter of all individual trees in the plot. Also known as ""coarse woody productivity""; elevation: 1050 m; Koeppen climate zone: Aw.",2.74,tonnes dm/ha/year,,,"Chave, J., Condit, R., Muller-Landau, H. C., Thomas, S. C., Ashton, P. S., Bunyavejchewin, S., ... Losos, E. C. (2008). Assessing Evidence for a Pervasive Alteration in Tropical Tree Communities. PLoS Biology, 6(3), e45. doi:10.1371/journal.pbio.0060045",Peer-reviewed journal,TFI TSU
527142,5-FL-1 - Forest Land Remaining Forest Land,3.B.1.a - Forest land Remaining Forest land,CARBON DIOXIDE,,,Above-ground biomass (AGB),Other (e.g. compiled),Recruitment rate,,"Vegetation/crop type/subtype: Trees, broadleaf; Species/forest composition: Seasonal dry evergreen, mixed deciduous, mixed dipterocarpus; Biomass attributes/age: dbh trees >= 1 cm/mature;  Soil type: Alfisol.","Spatial boundaries: Asia, India, Tamil Nadu (geographic coordinates:  11.5989, 76.5338); Climate: ; Ecological zone: Tropical dry forest; Temperature:  mean annual temperature: 22.7 degrees C; Moisture: annual precipitation:1553 mm yr-1.",,ForC site: Mudumalai CTFS-ForestGEO plot (ID#: 2102); ForC plot: 50-ha forest dynamics plot (ID#: 2759); ForC measurement ID: 48975; Date of Measurement: 1988-2000; plot size: 50 ha; disturbance type: No severe disturbance since 1985; variable description: annual recruitment elevation: 1050 m; Koeppen climate zone: Aw.,0.013,tonnes dm/ha/year,,,"Chave, J., Condit, R., Muller-Landau, H. C., Thomas, S. C., Ashton, P. S., Bunyavejchewin, S., ... Losos, E. C. (2008). Assessing Evidence for a Pervasive Alteration in Tropical Tree Communities. PLoS Biology, 6(3), e45. doi:10.1371/journal.pbio.0060045",Peer-reviewed journal,TFI TSU
527143,5-FL-1 - Forest Land Remaining Forest Land,3.B.1.a - Forest land Remaining Forest land,CARBON DIOXIDE,,,Above-ground biomass (AGB),Other (e.g. compiled),Woody Mortality (aboveground),,"Vegetation/crop type/subtype: Trees, broadleaf; Species/forest composition: Seasonal dry evergreen, mixed deciduous, mixed dipterocarpus; Biomass attributes/age: dbh trees >= 1 cm/mature;  Soil type: Alfisol.","Spatial boundaries: Asia, India, Tamil Nadu (geographic coordinates:  11.5989, 76.5338); Climate: ; Ecological zone: Tropical dry forest; Temperature:  mean annual temperature: 22.7 degrees C; Moisture: annual precipitation:1553 mm yr-1.",,"ForC site: Mudumalai CTFS-ForestGEO plot (ID#: 2102); ForC plot: 50-ha forest dynamics plot (ID#: 2759); ForC measurement ID: 48977; Date of Measurement: 1988-2000; plot size: 50 ha; disturbance type: No severe disturbance since 1985; variable description: Annual woody mortality--i.e., total aboveground biomass of tree stems that die. elevation: 1050 m; Koeppen climate zone: Aw.",1.510,tonnes dm/ha/year,Equation 2.18,,"Chave, J., Condit, R., Muller-Landau, H. C., Thomas, S. C., Ashton, P. S., Bunyavejchewin, S., ... Losos, E. C. (2008). Assessing Evidence for a Pervasive Alteration in Tropical Tree Communities. PLoS Biology, 6(3), e45. doi:10.1371/journal.pbio.0060045",Peer-reviewed journal,TFI TSU
527144,5-FL-1 - Forest Land Remaining Forest Land,3.B.1.a - Forest land Remaining Forest land,CARBON DIOXIDE,,,Above-ground biomass (AGB),Other (e.g. compiled),Aboveground Biomass Increment (delta.agb),,"Vegetation/crop type/subtype: Trees, broadleaf; Species/forest composition: Seasonal dry evergreen, mixed deciduous, mixed dipterocarpus; Biomass attributes/age: dbh trees >= 1 cm/mature;  Soil type: Alfisol.","Spatial boundaries: Asia, India, Tamil Nadu (geographic coordinates:  11.5989, 76.5338); Climate: ; Ecological zone: Tropical dry forest; Temperature:  mean annual temperature: 22.7 degrees C; Moisture: annual precipitation:1553 mm yr-1.",,ForC site: Mudumalai CTFS-ForestGEO plot (ID#: 2102); ForC plot: 50-ha forest dynamics plot (ID#: 2759); ForC measurement ID: 48977; Date of Measurement: 1988-2000; plot size: 50 ha; disturbance type: No severe disturbance since 1985; variable description: Net increment (accounting for gains + losses) in live aboveground biomass. . elevation: 1050 m; Koeppen climate zone: Aw.,1.26,tonnes dm/ha/year,,,"Chave, J., Condit, R., Muller-Landau, H. C., Thomas, S. C., Ashton, P. S., Bunyavejchewin, S., ... Losos, E. C. (2008). Assessing Evidence for a Pervasive Alteration in Tropical Tree Communities. PLoS Biology, 6(3), e45. doi:10.1371/journal.pbio.0060045",Peer-reviewed journal,TFI TSU
527181,5-FL-1 - Forest Land Remaining Forest Land,3.B.1.a - Forest land Remaining Forest land,"NITROGEN OXIDES (NO+NO2)
METHANE
CARBON MONOXIDE
CARBON DIOXIDE
NITROUS OXIDE",,,Above-ground biomass (AGB),Other (e.g. compiled),Aboveground Biomass (biomass_ag),,"FAO ecological zone: Tropical dry forest; vegetation type: Trees, broadleaf; species/forest composition: Seasonal dry evergreen, mixed deciduous, mixed dipterocarpus; stand age: mature; biomass attributes: dbh trees >= 1 cm; soil type: Alfisol","country: India; state/province/region: Tamil Nadu; geographic coordinates: 11.5989, 76.5338; elevation: 1050 m; continent: Asia; mean annual temperature: 22.7 degrees C; annual precipitation: 1255 mm yr-1",,ForC site: Mudumalai CTFS-ForestGEO plot (ID#: 2102); ForC plot: 50-ha forest dynamics plot (ID#: 2759); ForC measurement ID: 49218; Date of Measurement: 1996; Koeppen climate zone: Aw; plot size: 50 ha; disturbance type: No severe disturbance since 1985; variable description: Total live aboveground biomass.; recruitment included: TRUE,225.000,tonnes dry matter/ha,"Equations 2.14, 2.16, 2.27",,"Piponiot, C., K. J. Anderson-Teixeira, S. J. Davies, D. Allen, N. A. Bourg, D. F. R. P. Burslem, D. Cardenas, C.-H. Chang-Yang, G. Chuyong, S. Cordell, H. S. Dattaraja, A. Duque, S. Ediriweera, C. Ewango, Z. Ezedin, J. Filip, C. P. Giardina, R. Howe, C.-F. Hsieh, S. P. Hubbell, F. M. Inman-Narahari, A. Itoh, D. Janik, D. Kenfack, K. Kral, J. A. Lutz, J.-R. Makana, S. M. McMahon, W. McShea, X. Mi, M. Bt. Mohamad, V. Novotny, M. J. O`Brien, R. Ostertag, G. Parker, R. Perez, H. Ren, G. Reynolds, M. D. Md Sabri, L. Sack, A. Shringi, S.-H. Su, R. Sukumar, I.-F. Sun, H. S. Suresh, D. W. Thomas, J. Thompson, M. Uriarte, J. Vandermeer, Y. Wang, I. M. Ware, G. D. Weiblen, T. J. S. Whitfeld, A. Wolf, T. L. Yao, M. Yu, Z. Yuan, J. K. Zimmerman, D. Zuleta, and H. C. Muller-Landau. 2022. Distribution of biomass dynamics in relation to tree size in forests across the world. New Phytologist n/a. https://doi.org/10.1111/nph.17995",Peer-reviewed journal,TFI TSU
527182,5-FL-1 - Forest Land Remaining Forest Land,3.B.1.a - Forest land Remaining Forest land,CARBON DIOXIDE,,,Above-ground biomass (AGB),Other (e.g. compiled),Aboveground Net Primary Production: woody stem component (ANPP_woody_stem),,"FAO ecological zone: Tropical dry forest; vegetation type: Trees, broadleaf; species/forest composition: Seasonal dry evergreen, mixed deciduous, mixed dipterocarpus; stand age: mature; biomass attributes: dbh trees >= 1 cm; soil type: Alfisol","country: India; state/province/region: Tamil Nadu; geographic coordinates: 11.5989, 76.5338; elevation: 1050 m; continent: Asia; mean annual temperature: 22.7 degrees C; annual precipitation: 1255 mm yr-1",,ForC site: Mudumalai CTFS-ForestGEO plot (ID#: 2102); ForC plot: 50-ha forest dynamics plot (ID#: 2759); ForC measurement ID: 49218; Date of Measurement: 1996; Koeppen climate zone: Aw; plot size: 50 ha; disturbance type: No severe disturbance since 1985; variable description: Total live aboveground biomass.; recruitment included: TRUE,4.030,tonnes dm/ha/year,,,"Piponiot, C., K. J. Anderson-Teixeira, S. J. Davies, D. Allen, N. A. Bourg, D. F. R. P. Burslem, D. Cardenas, C.-H. Chang-Yang, G. Chuyong, S. Cordell, H. S. Dattaraja, A. Duque, S. Ediriweera, C. Ewango, Z. Ezedin, J. Filip, C. P. Giardina, R. Howe, C.-F. Hsieh, S. P. Hubbell, F. M. Inman-Narahari, A. Itoh, D. Janik, D. Kenfack, K. Kral, J. A. Lutz, J.-R. Makana, S. M. McMahon, W. McShea, X. Mi, M. Bt. Mohamad, V. Novotny, M. J. O`Brien, R. Ostertag, G. Parker, R. Perez, H. Ren, G. Reynolds, M. D. Md Sabri, L. Sack, A. Shringi, S.-H. Su, R. Sukumar, I.-F. Sun, H. S. Suresh, D. W. Thomas, J. Thompson, M. Uriarte, J. Vandermeer, Y. Wang, I. M. Ware, G. D. Weiblen, T. J. S. Whitfeld, A. Wolf, T. L. Yao, M. Yu, Z. Yuan, J. K. Zimmerman, D. Zuleta, and H. C. Muller-Landau. 2022. Distribution of biomass dynamics in relation to tree size in forests across the world. New Phytologist n/a. https://doi.org/10.1111/nph.17995",Peer-reviewed journal,TFI TSU
527183,5-FL-1 - Forest Land Remaining Forest Land,3.B.1.a - Forest land Remaining Forest land,CARBON DIOXIDE,,,Above-ground biomass (AGB),Other (e.g. compiled),Woody Mortality: aboveground component,,"FAO ecological zone: Tropical dry forest; vegetation type: Trees, broadleaf; species/forest composition: Seasonal dry evergreen, mixed deciduous, mixed dipterocarpus; stand age: mature; biomass attributes: dbh trees >= 1 cm; soil type: Alfisol","country: India; state/province/region: Tamil Nadu; geographic coordinates: 11.5989, 76.5338; elevation: 1050 m; continent: Asia; mean annual temperature: 22.7 degrees C; annual precipitation: 1255 mm yr-1",,ForC site: Mudumalai CTFS-ForestGEO plot (ID#: 2102); ForC plot: 50-ha forest dynamics plot (ID#: 2759); ForC measurement ID: 49218; Date of Measurement: 1996; Koeppen climate zone: Aw; plot size: 50 ha; disturbance type: No severe disturbance since 1985; variable description: Total live aboveground biomass.; recruitment included: TRUE,1.440,tonnes dm/ha/year,Equation 2.18,,"Piponiot, C., K. J. Anderson-Teixeira, S. J. Davies, D. Allen, N. A. Bourg, D. F. R. P. Burslem, D. Cardenas, C.-H. Chang-Yang, G. Chuyong, S. Cordell, H. S. Dattaraja, A. Duque, S. Ediriweera, C. Ewango, Z. Ezedin, J. Filip, C. P. Giardina, R. Howe, C.-F. Hsieh, S. P. Hubbell, F. M. Inman-Narahari, A. Itoh, D. Janik, D. Kenfack, K. Kral, J. A. Lutz, J.-R. Makana, S. M. McMahon, W. McShea, X. Mi, M. Bt. Mohamad, V. Novotny, M. J. O`Brien, R. Ostertag, G. Parker, R. Perez, H. Ren, G. Reynolds, M. D. Md Sabri, L. Sack, A. Shringi, S.-H. Su, R. Sukumar, I.-F. Sun, H. S. Suresh, D. W. Thomas, J. Thompson, M. Uriarte, J. Vandermeer, Y. Wang, I. M. Ware, G. D. Weiblen, T. J. S. Whitfeld, A. Wolf, T. L. Yao, M. Yu, Z. Yuan, J. K. Zimmerman, D. Zuleta, and H. C. Muller-Landau. 2022. Distribution of biomass dynamics in relation to tree size in forests across the world. New Phytologist n/a. https://doi.org/10.1111/nph.17995",Peer-reviewed journal,TFI TSU
127317,1B1a1 - Underground Mines,1.B.1.a.i - Underground mines,METHANE,,,,Measured,CH4 emission factor for undeground mines in Raniganj coalfield,Mostly composed of bord and pillar mining but some mines are longwall mined,,"West Bengal, India",None (does not account for methane drainage),,2.65,m3/tonne of coal,,,"Singh et al., 2022, Updated greenhouse gas inventory estimates for Indian underground coal mining based on the 2019 IPCC refinements, iScience, Volume 25, Issue 9, 16 September 2022, 104946",Peer-reviewed journal,"Udayan Singh, India"
127318,1B1a1 - Underground Mines,1.B.1.a.i - Underground mines,METHANE,,,,Measured,CH4 emission factor for undeground mines in Jharia coalfield,Mostly composed of bord and pillar mining but some mines are longwall mined,,"Jharkhand, India",None,,4.58,m3/tonne of coal,,,"Singh et al., 2022, Updated greenhouse gas inventory estimates for Indian underground coal mining based on the 2019 IPCC refinements, iScience, Volume 25, Issue 9, 16 September 2022, 104946",Peer-reviewed journal,"Udayan Singh, India"
127319,1B1a1 - Underground Mines,1.B.1.a.i - Underground mines,CARBON DIOXIDE,,,,Measured,CO2 emission factor for undeground mines in Raniganj coalfield,Mostly composed of bord and pillar mining but some mines are longwall mined,,"West Bengal, India",None (does not account for methane drainage),,19.21,m3/tonne of coal,,,"Singh et al., 2022, Updated greenhouse gas inventory estimates for Indian underground coal mining based on the 2019 IPCC refinements, iScience, Volume 25, Issue 9, 16 September 2022, 104946",Peer-reviewed journal,"Udayan Singh, India"
127320,1B1a1 - Underground Mines,1.B.1.a.i - Underground mines,CARBON DIOXIDE,,,,Measured,CO2 emission factor for undeground mines in Jharia coalfield,Mostly composed of bord and pillar mining but some mines are longwall mined,,"Jharkhand, India",None,,17.03,m3/tonne of coal,,,"Singh et al., 2022, Updated greenhouse gas inventory estimates for Indian underground coal mining based on the 2019 IPCC refinements, iScience, Volume 25, Issue 9, 16 September 2022, 104946",Peer-reviewed journal,"Udayan Singh, India"
431702,6A - Solid Waste Disposal on Land,4.A - Solid Waste Disposal,METHANE,,,,2019 Refinement default,,,Municipal Solid Waste (MSW)  Generation Rate Values,India,,"2010, Data are based on weight of wet waste",0.12,tonnes/cap/yr,,,"2019 Refinement to the 2006 IPCC Guidelines for National Greenhouse Gas Inventories, Volume 5, Chapter 2, page 2.15-2.27",2019 Refinement,IPCC TFI TSU
432545,6A - Solid Waste Disposal on Land,4.A - Solid Waste Disposal,METHANE,,,,2019 Refinement default,,,Food waste,India,,,53,%,,,"2019 Refinement to the 2006 IPCC Guidelines for National Greenhouse Gas Inventories, Volume 5, Chapter 2, page 2.28-2.33",2019 Refinement,IPCC TFI TSU
432546,6A - Solid Waste Disposal on Land,4.A - Solid Waste Disposal,METHANE,,,,2019 Refinement default,,,Garden (yard) and park waste,India,,,0,%,,,"2019 Refinement to the 2006 IPCC Guidelines for National Greenhouse Gas Inventories, Volume 5, Chapter 2, page 2.28-2.33",2019 Refinement,IPCC TFI TSU
432547,6A - Solid Waste Disposal on Land,4.A - Solid Waste Disposal,METHANE,,,,2019 Refinement default,,,Paper and cardboard,India,,,6.4,%,,,"2019 Refinement to the 2006 IPCC Guidelines for National Greenhouse Gas Inventories, Volume 5, Chapter 2, page 2.28-2.33",2019 Refinement,IPCC TFI TSU
432548,6A - Solid Waste Disposal on Land,4.A - Solid Waste Disposal,METHANE,,,,2019 Refinement default,,,Wood,India,,,0,%,,,"2019 Refinement to the 2006 IPCC Guidelines for National Greenhouse Gas Inventories, Volume 5, Chapter 2, page 2.28-2.33",2019 Refinement,IPCC TFI TSU
432549,6A - Solid Waste Disposal on Land,4.A - Solid Waste Disposal,METHANE,,,,2019 Refinement default,,,Textiles,India,,,0,%,,,"2019 Refinement to the 2006 IPCC Guidelines for National Greenhouse Gas Inventories, Volume 5, Chapter 2, page 2.28-2.33",2019 Refinement,IPCC TFI TSU
432550,6A - Solid Waste Disposal on Land,4.A - Solid Waste Disposal,METHANE,,,,2019 Refinement default,,,Nappies (disposable diapers),India,,,0,%,,,"2019 Refinement to the 2006 IPCC Guidelines for National Greenhouse Gas Inventories, Volume 5, Chapter 2, page 2.28-2.33",2019 Refinement,IPCC TFI TSU
432551,6A - Solid Waste Disposal on Land,4.A - Solid Waste Disposal,METHANE,,,,2019 Refinement default,,,Rubber and leather,India,,,0,%,,,"2019 Refinement to the 2006 IPCC Guidelines for National Greenhouse Gas Inventories, Volume 5, Chapter 2, page 2.28-2.33",2019 Refinement,IPCC TFI TSU
432552,6A - Solid Waste Disposal on Land,4.A - Solid Waste Disposal,METHANE,,,,2019 Refinement default,,,Plastics,India,,,5.1,%,,,"2019 Refinement to the 2006 IPCC Guidelines for National Greenhouse Gas Inventories, Volume 5, Chapter 2, page 2.28-2.33",2019 Refinement,IPCC TFI TSU
432553,6A - Solid Waste Disposal on Land,4.A - Solid Waste Disposal,METHANE,,,,2019 Refinement default,,,Metal,India,,,0.2,%,,,"2019 Refinement to the 2006 IPCC Guidelines for National Greenhouse Gas Inventories, Volume 5, Chapter 2, page 2.28-2.33",2019 Refinement,IPCC TFI TSU
432554,6A - Solid Waste Disposal on Land,4.A - Solid Waste Disposal,METHANE,,,,2019 Refinement default,,,Glass (and pottery and china),India,,,0.4,%,,,"2019 Refinement to the 2006 IPCC Guidelines for National Greenhouse Gas Inventories, Volume 5, Chapter 2, page 2.28-2.33",2019 Refinement,IPCC TFI TSU
432555,6A - Solid Waste Disposal on Land,4.A - Solid Waste Disposal,METHANE,,,,2019 Refinement default,,,Other waste,India,,,35,%,,,"2019 Refinement to the 2006 IPCC Guidelines for National Greenhouse Gas Inventories, Volume 5, Chapter 2, page 2.28-2.33",2019 Refinement,IPCC TFI TSU
433520,6B2 - Domestic and Commercial Wastewater,4.D.1 - Domestic Wastewaster Treatment and Discharge,METHANE,,,,2019 Refinement default,Estimated BOD5 Values In Domestic Wastewater For Selected Regions And Countries,,,India,,"These values are based on an assessment of the literature. Please use national values, if available.",34,g/person/day,EQUATION 6.3 (UPDATED),,"2019 Refinement to the 2006 IPCC Guidelines for National Greenhouse Gas Inventories, Volume 5, Chapter 6, page 6.22",2019 Refinement,IPCC TFI TSU
433590,6B2 - Domestic and Commercial Wastewater,4.D.1 - Domestic Wastewaster Treatment and Discharge,NITROUS OXIDE,,,,2019 Refinement default,Default Factors For Domestic Wastewater,,,India,,,1.13,,,,"2019 Refinement to the 2006 IPCC Guidelines for National Greenhouse Gas Inventories, Volume 5, Chapter 6, page 6.41",2019 Refinement,IPCC TFI TSU
433674,6B - Wastewater Handling,4.D - Wastewater Treatment and Discharge,METHANE,,,,2019 Refinement default,"Summary Data For Pit Latrine Use, No Sanitation Facility, And Groundwater Use By Country",Pit Latrine Use for Sanitation (%),,India,,"DHS: Demographic and Health Surveys, USAID (http://www.measuredhs.com)",12.9,%,,,"2019 Refinement to the 2006 IPCC Guidelines for National Greenhouse Gas Inventories, Volume 5, Chapter 6, page 6.54",2019 Refinement,IPCC TFI TSU
433778,6B - Wastewater Handling,4.D - Wastewater Treatment and Discharge,METHANE,,,,2019 Refinement default,"Summary Data For Pit Latrine Use, No Sanitation Facility, And Groundwater Use By Country",No Sanitation Facility (%),,India,,"DHS: Demographic and Health Surveys, USAID (http://www.measuredhs.com)",56.2,%,,,"2019 Refinement to the 2006 IPCC Guidelines for National Greenhouse Gas Inventories, Volume 5, Chapter 6, page 6.54",2019 Refinement,IPCC TFI TSU
433882,6B - Wastewater Handling,4.D - Wastewater Treatment and Discharge,METHANE,,,,2019 Refinement default,"Summary Data For Pit Latrine Use, No Sanitation Facility, And Groundwater Use By Country",Groundwater Use for Drinking (%),,India,,"DHS: Demographic and Health Surveys, USAID (http://www.measuredhs.com)",58.6,%,,,"2019 Refinement to the 2006 IPCC Guidelines for National Greenhouse Gas Inventories, Volume 5, Chapter 6, page 6.54",2019 Refinement,IPCC TFI TSU
