DP ID,DP Name,Source Framework,Module / Section,ESG Pillar,Topic,Data Type,Always Disclose,Materiality Required,Mapped Frameworks,Cross-Framework Bridge,De-duplication Notes,Is Canonical,Phased-in,Phased-in Details,Response Format,Schema / Unit,Standard Reference,Tonality Requirement,Trigger Condition,Completion Status,Assurance Level,Calculation Standard,Comparative Period Required,Disaggregation Dimensions,Disaggregation Required,Framework Schema Variants,Framework Unit Variants,Metric Count
ESRS-1-PAR-3,Sustainability Statement Objective,ESRS,ESRS 1,Cross-cutting,General Disclosures,Qualitative,Yes,No,"GRI, IFRS S1, IFRS S2, TCFD",GRI 1 (Foundation) sets a parallel objective of reporting impacts for stakeholders. IFRS S1 para. 1 and IFRS S2 para. 1 set the objective of informing investors on sustainability-related risks and opportunities. TCFD frames the same purpose from a financial risk lens. Core objective statement is shared across all four frameworks — differences are in audience emphasis.,The sustainability statement objective narrative is a single canonical framing exercise. ESRS emphasises dual materiality (impact + financial). GRI emphasises impact on stakeholders. IFRS S1/S2 and TCFD emphasise investor-relevant financial materiality. Draft once for ESRS; adjust framing for other frameworks.,Yes,No,,Narrative,Narrative statement of purpose and scope of the sustainability statement,ESRS 1 para. 3,Declarative and objective. State the purpose clearly. Avoid promotional language. Align with the dual perspective: impact on people/environment and financial effects on the undertaking.,"Mandatory for all in-scope companies. The sustainability statement must communicate the undertaking's impacts on people and the environment, and information material to users on sustainability-related risks and opportunities.",Not Started,Not Applicable,,No,,No,"GRI: GRI 1 Foundation describes equivalent reporting objectives; no separate disclosure item — absorbed into the GRI index and basis of preparation
TCFD: Final recommendations introduction states equivalent objectives — framed around investor-useful information; omit impact materiality framing
IFRS S1: Para 1–3 states objectives — more investor/capital market focused than ESRS; omit double materiality framing; emphasise enterprise value relevance
IFRS S2: Para 1–2 climate-specific objectives — scope narrower than ESRS; restrict to climate-related matters only",,
ESRS-1-PAR-5,Four Reporting Areas,ESRS,ESRS 1,Cross-cutting,General Disclosures,Qualitative,Yes,No,"GRI, IFRS S1, IFRS S2, TCFD","TCFD is structured identically across the same four pillars (Governance, Strategy, Risk Management, Metrics & Targets). IFRS S1 para. 6 uses the same four-pillar structure. GRI topics map across all four areas. This structural alignment means a single four-pillar architecture can organise disclosures for ESRS, TCFD, and IFRS S1/S2 simultaneously.","The four reporting areas are isomorphic with TCFD's four pillars and IFRS S1's structure. A single structural template covering all four areas, organised once, satisfies the structural requirement across all three frameworks. Only the specific content items within each pillar differ by framework.",Yes,No,,Narrative,"Narrative description organised across four areas: governance, strategy, impacts/risks/opportunities management, metrics and targets",ESRS 1 para. 5,Structural and organisational. This DP establishes the disclosure architecture. Responses under each of the four areas should follow the stated structure consistently throughout the sustainability statement.,"Mandatory for all in-scope companies. Sustainability disclosures must be organised across the four reporting areas: (1) governance, (2) strategy, (3) management of material impacts/risks/opportunities, and (4) metrics and targets.",Not Started,Not Applicable,,No,,No,"GRI: GRI 3-3 covers management of material topics across same four reporting areas — less prescriptive about area structure; map to GRI topic management approach sections
TCFD: Four pillars (Governance, Strategy, Risk Management, Metrics & Targets) map closely to ESRS areas — use TCFD pillar labels when reformatting for TCFD output
IFRS S1: Four pillars identical to TCFD by design; use ISSB pillar labels
IFRS S2: Same four pillars as IFRS S1 applied to climate-specific content only; restrict scope accordingly",,
ESRS-1-PAR-8,Application: ESRS 1 with ESRS 2 and Topical Standards,ESRS,ESRS 1,Cross-cutting,General Disclosures,Qualitative,Yes,No,,"No direct cross-framework equivalent. This is an ESRS-internal architectural rule. Other frameworks have analogous meta-documents (e.g. GRI 1: Foundation, IFRS S1 as overarching standard) but they operate differently.",ESRS-only meta-requirement. Not a content disclosure point — governs the relationship between ESRS 1 and the topical standards. No data collection required; relevant for the basis of preparation note in the sustainability statement.,Yes,No,,Narrative,Narrative description of how ESRS 1 general requirements apply in conjunction with ESRS 2 and topical standards,ESRS 1 para. 8,"Procedural and architectural. This requirement describes the relationship between standards, not a disclosure in itself. If referenced in the sustainability statement, use concise, factual language to describe the reporting framework applied.","Mandatory. ESRS 1 applies together with ESRS 2 (general disclosures) and all applicable topical standards (E1–E5, S1–S4, G1). It does not generate standalone disclosure outputs but governs how all other ESRS disclosures are prepared.",Not Started,Not Applicable,,No,,No,,,
ESRS-1-PAR-11,Entity-Specific Disclosures for Material Topics Not Covered by ESRS,ESRS,ESRS 1,Cross-cutting,General Disclosures,Both,No,Yes,GRI,"GRI 3 (Material Topics) para. 14 similarly requires disclosure of material topics not covered by GRI topic Standards, using GRI 3 as the disclosure vehicle. Strong structural parallel — both frameworks require entity-specific disclosures for uncovered material topics.","Entity-specific disclosures are by definition unique to the undertaking and topic. However, where a GRI entity-specific disclosure under GRI 3 covers the same material topic, the same underlying content can be reframed for ESRS para. 11. Collect once; reframe for each framework's structural requirements.",Yes,No,,Mixed,Entity-specific narrative or quantitative disclosures covering material sustainability matters not addressed by any ESRS topical standard,ESRS 1 para. 11,"The entity-specific disclosure must follow the same quality standards as prescribed ESRS disclosures — complete, neutral, accurate, comparable. Clearly label the disclosure as entity-specific. Describe the topic, the associated IROs, and the undertaking's response.","Triggered when the undertaking identifies a material sustainability topic or impact that is not covered by any ESRS topical standard (E1–E5, S1–S4, G1). The undertaking must develop and disclose entity-specific information for that topic.",Not Started,Not Applicable,,No,,No,GRI: No direct GRI equivalent for entity-specific disclosures; GRI 101 allows entity-specific standards when no GRI Topic Standard covers a topic — present as a supplement to the GRI index with a note on the topic gap being addressed,,
ESRS-1-PAR-12,Comparability in Entity-Specific Disclosures,ESRS,ESRS 1,Cross-cutting,General Disclosures,Qualitative,Yes,No,"GRI, IFRS S1","GRI 2-4 (Restatements of information) and GRI 2-5 (External assurance) address comparability and restatements. IFRS S1 para. 55–57 addresses comparative information and restatements. All frameworks share the same comparability principle — disclose changes, restate where practicable, explain where not.","Comparability is a quality requirement that applies across all frameworks. A single methodology note and restatement disclosure, drafted once, can satisfy ESRS para. 12, GRI 2-4, and IFRS S1 para. 55 simultaneously with minor framing adjustments.",Yes,No,,Narrative,Narrative or quantitative disclosure maintaining year-on-year comparability; consistent methodologies and metrics across reporting periods,ESRS 1 para. 12,"Process-oriented and transparent. When disclosing changes in methodology or metrics, explain the reason, the effect on comparability, and any restated prior-period figures. Do not change metrics year-on-year without explanation.",Applies whenever entity-specific disclosures are made under para. 11. Entity-specific disclosures must be prepared consistently across reporting periods to allow comparability. Changes in methodology or scope must be disclosed and explained.,Not Started,Not Applicable,,No,,No,"GRI: No direct comparability requirement — inferred from GRI 3-3 (management of material topics); restate as a consistency note within the management approach section
IFRS S1: Para 78 requires comparative period information — explicitly requires prior period figures where material; add prior-year column to any quantitative disclosures",,
ESRS-1-PAR-19,"Fair Presentation: Complete, Neutral and Accurate",ESRS,ESRS 1,Cross-cutting,General Disclosures,Qualitative,Yes,No,,,,Yes,No,,Narrative,Narrative: statement of compliance with fair presentation principles,ESRS 1 par. 19,Factual and objective. No selective emphasis. Both positive and adverse information must be presented with equal rigour.,"Applies to the sustainability statement as a whole. Completeness, neutrality and accuracy are minimum quality thresholds for every disclosure.",,Limited Assurance,,No,,No,,,
ESRS-1-PAR-20,"Fair Presentation: Comparable, Verifiable and Understandable",ESRS,ESRS 1,Cross-cutting,General Disclosures,Qualitative,Yes,No,,,,Yes,No,,Narrative,"Narrative: methodology consistency, audit trail documentation, plain-language presentation",ESRS 1 par. 20,"Clear, accessible and methodologically consistent. Define technical terms. Maintain year-on-year consistency unless change is disclosed.","Applies to the sustainability statement as a whole. Comparability, verifiability and understandability are quality standards for every disclosure.",,Limited Assurance,,No,,No,,,
ESRS-1-PAR-22,Double Materiality: Impact and Financial Perspectives,ESRS,ESRS 1,Cross-cutting,General Disclosures,Qualitative,Yes,No,"GRI, IFRS S2, TCFD",GRI: Impact materiality only (single materiality). TCFD/IFRS S2/ISSB: Financial materiality only. ESRS is unique in requiring both simultaneously. Double materiality is the primary structural differentiator between ESRS and all other major frameworks.,"No equivalent dual-lens requirement exists in GRI, TCFD, ISSB or BRSR. ESRS double materiality cannot be satisfied by financial materiality assessments alone. Separate impact assessment process required.",Yes,No,,Narrative,Narrative: dual-lens assessment covering impact materiality and financial materiality,ESRS 1 par. 22,Analytical and structured. Describe both the impact and financial perspectives with equal weight. Do not subordinate one to the other.,Foundational requirement applying to the entire materiality assessment process. Both lenses must be applied to every ESRS topic.,,Limited Assurance,,No,,No,,,
ESRS-1-PAR-24,Materiality Filter: Include and Omit Based on Materiality,ESRS,ESRS 1,Cross-cutting,General Disclosures,Qualitative,Yes,No,,,,Yes,No,,Narrative,Narrative: documented materiality conclusions per topic and per DR,ESRS 1 par. 24,Analytical. Materiality conclusions must be defensible under audit. Both inclusions and exclusions must be documented.,Applies to every disclosure point in every ESRS standard. Operates at both topic level and individual DR level within material topics.,,Limited Assurance,,No,,No,,,
ESRS-1-PAR-25,Two-Step Materiality Process: Topic Level then DR Level,ESRS,ESRS 1,Cross-cutting,General Disclosures,Qualitative,Yes,No,,,,Yes,No,,Narrative,Narrative: documented two-step materiality assessment conclusions,ESRS 1 par. 25,Process-oriented and structured. Describe the two steps clearly. Must be auditable.,Mandatory process requirement. Step 1 = topic-level assessment. Step 2 = DR-level assessment within each material topic. Both steps must be documented.,,Limited Assurance,,No,,No,,,
ESRS-1-PAR-26,Disclosure Obligation: All Material DRs for Material Topics,ESRS,ESRS 1,Cross-cutting,General Disclosures,Qualitative,Yes,No,,,,Yes,No,,Narrative,Narrative: all DRs from material ESRS standards necessary for fair presentation,ESRS 1 par. 26,Comprehensive and structured. Do not cherry-pick DRs within a material topic.,Triggered when any sustainability topic is assessed as material under Para 22/25. Requires disclosure of all information in the relevant standard necessary for fair presentation.,,Limited Assurance,,No,,No,,,
ESRS-1-PAR-29,Information Scope: Always-Disclose DRs (ESRS 2 + Minimum Topical),ESRS,ESRS 1,Cross-cutting,General Disclosures,Qualitative,Yes,No,,,,Yes,No,,Narrative,Narrative: mandatory ESRS 2 disclosures + minimum topical DRs regardless of materiality,ESRS 1 par. 29,Mandatory and unconditional. These disclosures cannot be omitted regardless of materiality assessment conclusions.,ESRS 2 in full + specific topical DRs marked as always-disclose must be reported irrespective of the materiality assessment outcome for any topic.,,Limited Assurance,,No,,No,,,
ESRS-1-PAR-31,Phase-in Relief: Deferred Obligations for Specific DRs,ESRS,ESRS 1,Cross-cutting,General Disclosures,Qualitative,No,No,,,,Yes,Yes,Phase-in applies per Appendix C of ESRS 1. Year 1 companies may omit certain DRs. Years 2–3 progressively add requirements. Always-disclose DRs (Para 29) are not eligible for phase-in.,Narrative,Narrative: identification of applicable phase-in provisions and explanation of which DRs are deferred,ESRS 1 par. 31; Appendix C,Transparent about what is being deferred and under which provision. Must not create impression that the information is not material.,Available to companies in their first 1–3 years of CSRD application. Specific DRs listed in Appendix C may be deferred. Company must disclose which reliefs are being used.,,Limited Assurance,,No,,No,,,
ESRS-1-PAR-32,Materiality Evidence Standard: Reasonable and Supportable Conclusions,ESRS,ESRS 1,Cross-cutting,General Disclosures,Qualitative,Yes,No,,,,Yes,No,,Narrative,Narrative: documented evidence basis for materiality conclusions,ESRS 1 par. 32,"Evidential and defensible. Each conclusion must reference specific facts, data or stakeholder input.",Applies to every materiality conclusion — both inclusions (material) and exclusions (not material). Evidence must be available and defensible.,,Limited Assurance,,No,,No,,,
ESRS-1-PAR-35,Annual Review of Materiality Assessment,ESRS,ESRS 1,Cross-cutting,General Disclosures,Qualitative,Yes,No,,,,Yes,No,,Narrative,Narrative: description of annual review process and any changes to materiality conclusions,ESRS 1 par. 35,"Process-oriented. Describe what changed, what was reviewed, and what conclusions were maintained or revised.","Required at least annually, coinciding with each reporting cycle. Must be triggered earlier if significant changes to business activities, stakeholder context or regulatory environment occur.",,Limited Assurance,,No,,No,,,
ESRS-1-PAR-38,Materiality Outcome: List of Material IROs,ESRS,ESRS 1,Cross-cutting,General Disclosures,Qualitative,Yes,No,"GRI, IFRS S2, TCFD","GRI 3-2 (List of material topics). TCFD Strategy a (climate-related risks and opportunities). IFRS S1 para. 18 (sustainability-related risks and opportunities). All frameworks require a disclosed output list, but scope differs: GRI is topic-level; TCFD/IFRS S2 is climate only; ESRS covers all E, S and G topics through dual lens.",The ESRS IRO list is the broadest of all frameworks. GRI material topics are a subset. TCFD/IFRS climate R&O are a subset. One master ESRS IRO list can generate all required outputs with appropriate filtering and reframing.,Yes,No,,Mixed,"Structured list of material impacts, risks and opportunities by topic, with supporting rationale",ESRS 1 par. 38,Structured and specific. Name the actual IROs — do not describe process steps only. Each IRO should be identifiable to a topic and perspective (impact or financial or both).,Required output of the materiality assessment process. Must be disclosed as part of ESRS 2 IRO-1. Drives the full scope of the sustainability statement.,,Limited Assurance,,No,,No,,,
ESRS-1-PAR-39,Impact Materiality: Actual and Potential Impacts on People and Environment,ESRS,ESRS 1,Cross-cutting,General Disclosures,Qualitative,Yes,No,GRI,GRI 3-3 (Management of material topics — impact identification). OECD Guidelines for MNEs (due diligence on impacts). UN Guiding Principles on Business and Human Rights (salient issues). Impact materiality is the closest analogue in ESRS to the GRI/UNGPs impact due diligence lens.,"GRI 3-3 covers impact identification for material topics. ESRS goes further by requiring systematic coverage of all ESRS topics through the IRO lens, not just self-selected material topics. GRI impact materiality and ESRS impact materiality are conceptually aligned but ESRS scope is broader.",Yes,No,,Narrative,"Narrative: description of actual and potential impacts, positive and negative, own operations and value chain",ESRS 1 par. 39,Descriptive and evidence-based. Name specific impacts. Distinguish actual from potential. Do not limit to own operations.,Required for the impact materiality perspective of the dual materiality assessment. Covers own operations and upstream/downstream value chain.,,Limited Assurance,,No,,No,,,
ESRS-1-PAR-40,Impact Materiality Criteria: Severity and Likelihood,ESRS,ESRS 1,Cross-cutting,General Disclosures,Qualitative,Yes,No,,,,Yes,No,,Narrative,"Narrative: severity assessment (scale, scope, irremediability) + likelihood for potential impacts",ESRS 1 par. 40,Analytical and criteria-based. Must reference the three severity dimensions explicitly. Likelihood must be assessed for potential (not yet occurring) impacts.,Defines the criteria for determining whether a negative impact is material under the impact perspective. Must be applied to all negative impacts identified in Para 39.,,Limited Assurance,,No,,No,,,
ESRS-1-PAR-41,Impact Materiality: Positive Impacts and Significance Criteria,ESRS,ESRS 1,Cross-cutting,General Disclosures,Qualitative,Yes,No,,,,Yes,No,,Narrative,Narrative: description of significant positive impacts on people and environment,ESRS 1 par. 41,Balanced and credible. Positive impacts must be substantiated — do not include aspirational claims without evidence of actual or potential benefit.,Applies when positive impacts have been identified in the Para 39 assessment. Significance (not severity) is the materiality criterion for positive impacts.,,Limited Assurance,,No,,No,,,
ESRS-1-PAR-43,Financial Materiality: Risks and Opportunities from Sustainability Matters,ESRS,ESRS 1,Cross-cutting,General Disclosures,Qualitative,Yes,No,"IFRS S1, IFRS S2, TCFD",TCFD Strategy a-b (climate-related risks and opportunities). IFRS S1 para. 9-12 (sustainability-related risks and opportunities). IFRS S2 (climate-specific risks and opportunities). Financial materiality in ESRS is conceptually equivalent to enterprise value materiality in TCFD/ISSB — the key difference is ESRS also includes access to finance and cost of capital as financial dimensions.,"TCFD/ISSB financial R&O and ESRS financial materiality assessment are largely equivalent in method and scope for climate. For non-climate topics (S1–S4, G1), ESRS financial materiality has no direct TCFD/ISSB equivalent. A TCFD/IFRS S2 financial risk/opportunity assessment can serve as the ESRS financial materiality assessment for E1, with supplementation for other topics.",Yes,No,,Narrative,"Narrative: sustainability-related financial risks and opportunities affecting financial position, performance and cash flows",ESRS 1 par. 43,Financially oriented. Connect sustainability matters to their financial effects. Use financial risk language. Reference time horizons.,Required for the financial materiality perspective of the dual materiality assessment. Covers risks and opportunities arising from sustainability matters that affect financial performance.,,Limited Assurance,,No,,No,,,
ESRS-1-PAR-44,Financial Materiality: Connections to Financial Statements,ESRS,ESRS 1,Cross-cutting,General Disclosures,Qualitative,Yes,No,,,,Yes,No,,Narrative,Narrative: description of how sustainability-related risks/opportunities connect to line items in the financial statements,ESRS 1 par. 44,"Financially specific. Reference balance sheet, P&L or cash flow line items where possible. Bridge sustainability language to financial reporting language.",Applies when financially material sustainability matters have been identified under Para 43. Requires explicit connection to financial statement line items.,,Limited Assurance,,No,,No,,,
ESRS-1-PAR-45,Financial Materiality Criteria: Likelihood and Magnitude,ESRS,ESRS 1,Cross-cutting,General Disclosures,Qualitative,Yes,No,,,,Yes,No,,Narrative,Narrative: likelihood and magnitude assessment for financial risks and opportunities,ESRS 1 par. 45,Analytical. Both dimensions (likelihood and magnitude) must be addressed. Reference time horizons explicitly.,Criteria for determining whether a sustainability-related risk or opportunity is financially material. Applied as part of the financial materiality assessment under Para 43.,,Limited Assurance,,No,,No,,,
ESRS-1-PAR-46,Financial Materiality: Definition of Financial Effects,ESRS,ESRS 1,Cross-cutting,General Disclosures,Qualitative,Yes,No,,,,Yes,No,,Narrative,"Narrative: classification of financial effects across financial position, performance, cash flows, access to finance and cost of capital",ESRS 1 par. 46,Definitional and structured. Map identified risks/opportunities to the relevant financial effect dimension(s).,Definitional requirement for the financial materiality assessment. Establishes the five dimensions of financial effect that must be considered.,,Limited Assurance,,No,,No,,,
ESRS-1-PAR-48,Topics Can Be Material Under Both Perspectives Simultaneously,ESRS,ESRS 1,Cross-cutting,General Disclosures,Qualitative,Yes,No,,,,Yes,No,,Narrative,Narrative: identification of topics material under both impact and financial perspectives,ESRS 1 par. 48,"Clarifying and structured. Where a topic is material under both lenses, explicitly state so and describe the nature of each type of materiality separately.",Applies when a sustainability topic is assessed as material under both the impact and financial perspectives. The two perspectives are not mutually exclusive.,,Limited Assurance,,No,,No,,,
ESRS-1-PAR-49,Interdependencies: Impacts Generate Financial Risks and Opportunities,ESRS,ESRS 1,Cross-cutting,General Disclosures,Qualitative,Yes,No,,,,Yes,No,,Narrative,Narrative: description of how the company's impacts connect to and generate its sustainability-related financial risks and opportunities,ESRS 1 par. 49,Causal and connected. Describe the mechanism by which an impact creates a financial risk or opportunity. Avoid treating the two perspectives as unrelated silos.,Applies where impacts identified under the impact perspective generate or could generate financial risks or opportunities. Requires explicit linkage in the disclosure.,,Limited Assurance,,No,,No,,,
ESRS-2-BP-1,Basis for Preparation — General basis for sustainability statement,ESRS,ESRS 2,Cross-cutting,General Disclosures,Qualitative,Yes,No,"ESRS, Other","TNFD alignment: ESRS 2 BP-1 (basis for preparation) can reuse TNFD General Requirements-style disclosures on scope, boundary, reporting period, and approach for nature-related reporting, including LEAP scoping decisions. Use TNFD scoping/boundary statements as the nature module within the broader ESRS BP-1 basis statement.","If TNFD has an explicit reporting boundary and scope narrative (entities, value chain, geographies, time horizon), reuse it for BP-1 and harmonise boundary definitions across ESRS and TNFD.",Yes,No,,Narrative,"Narrative description of reporting scope, consolidation basis, reporting period, and methodology choices",ESRS 2 par. 9–12 (BP-1),"Technical and declarative. State scope and boundary clearly. Reference ESRS 1 general requirements where applicable. Describe any entity-specific approaches or departures from standard methods. Use neutral, audit-ready language.",Always required (ESRS 2 mandatory).,Not Started,Limited Assurance,,No,,No,"TNFD: Often describes LEAP scope and reporting boundary; ESRS requires explicit sustainability statement basis, consolidation scope, and reporting period details.",,
ESRS-2-BP-2,Basis for Preparation — Disclosures in relation to specific circumstances,ESRS,ESRS 2,Cross-cutting,General Disclosures,Qualitative,Yes,No,"ESRS, Other","TNFD alignment: ESRS 2 BP-2 (specific circumstances / omissions / phase-ins) is supported by TNFD LEAP scoping guidance: define LEAP scope up front (geographies, business lines, value chain segments) acknowledging cost/time/data constraints; document stakeholder engagement and third‑party expert use; and treat LEAP as iterative/repeatable. Reuse these scoping decisions as the rationale/evidence for any ESRS basis exceptions, estimation limits, and phased-in disclosures, ensuring transparency about constraints and iteration plans.","Use one consolidated ‘scope & constraints’ memo (LEAP scope + data limitations + iteration plan) to satisfy both TNFD transparency expectations and ESRS BP-2 explanations for exclusions, estimates, and phased-in application.",Yes,No,,Narrative,"Narrative disclosure of specific circumstances affecting reporting (e.g. transitional provisions, non-availability of data, entity-specific metrics)",ESRS 2 par. 17 (BP-2),Explanatory and exception-based. Clearly state what specific circumstance applies and how it affects disclosures. Be specific — vague statements ('data not yet available') are insufficient without timeline and remediation plan. Required where Column K override applies.,"Always required (ESRS 2 mandatory). Use whenever disclosures are affected by data availability constraints, estimation, or phased-in provisions.",Not Started,Limited Assurance,,No,,No,"TNFD: Scope statement emphasises LEAP assessment boundary and iteration; ESRS: requires explicit disclosure of circumstances, estimation uncertainty, omissions, and phased-in usage, with clear justification and forward plan.",,
ESRS-2-GOV-1,Governance — Board oversight of sustainability matters,ESRS,ESRS 2,Cross-cutting,General Disclosures,Qualitative,Yes,No,"ESRS, Other, TCFD","TNFD alignment: ESRS 2 GOV-1 (board oversight) maps conceptually to TNFD Governance recommended disclosures (Governance A–C): board oversight, management role, and integration into governance structures for nature-related dependencies/impacts/risks/opportunities. Reuse TNFD governance mapping (committees, mandates, frequency, nature competence building) and reframe into ESRS governance disclosure style (roles, responsibilities, oversight mechanisms).","If TNFD governance disclosures already drafted, reuse as the nature-specific subsection within ESRS 2 GOV-1, and ensure ESRS covers the broader sustainability perimeter (not only nature).",Yes,No,,Narrative,"Narrative description of governance body composition, roles, and oversight mechanisms",ESRS 2 par. 21–26 (GOV-1),"Formal institutional voice. Describe roles, responsibilities, and processes. Use present tense. Avoid vague language — cite specific committee names, meeting frequencies, and decision-making authority.",Always required (ESRS 2 mandatory).,Not Started,Limited Assurance,,No,,No,TNFD: Governance narrative may be nature-specific; ESRS requires consolidated sustainability governance narrative with clear board/AMSB accountability and reporting lines.,,
ESRS-2-GOV-2,Governance — Management role in sustainability reporting and oversight,ESRS,ESRS 2,Cross-cutting,General Disclosures,Qualitative,Yes,No,"ESRS, Other, TCFD","TNFD alignment: ESRS 2 GOV-2 (management role) can leverage TNFD’s governance expectations for assigning clear management responsibility for nature-related issues, resourcing LEAP teams, using third‑party expert advice where needed, and running LEAP as an iterative enterprise process. Reuse TNFD governance RACI (roles across risk, sustainability, operations, procurement, finance) as the nature component of GOV-2.","If TNFD LEAP team structure and decision cadence exist, reuse it for GOV-2: management accountability + cross-functional involvement + expert support; ensure it is embedded in overall sustainability governance.",Yes,No,,Narrative,"Narrative describing management-level roles, reporting lines, and controls for sustainability",ESRS 2 par. 27–30 (GOV-2),Institutional and procedural. Describe roles and reporting lines clearly. Use named roles or titles rather than general descriptions. Distinguish between management oversight and board oversight.,Always required (ESRS 2 mandatory).,Not Started,Limited Assurance,,No,,No,TNFD: Management governance is nature-specific and LEAP-operational; ESRS: requires consolidated management governance for sustainability reporting with controls and escalation paths.,,
ESRS-2-GOV-3,Governance — Integration of sustainability-related performance in incentive schemes,ESRS,ESRS 2,Cross-cutting,General Disclosures,Qualitative,Yes,No,"ESRS, Other","TNFD alignment: ESRS 2 GOV-3 (incentives) can incorporate TNFD-aligned performance management by tying executive/management incentives to completion quality of LEAP (coverage, iteration cadence, stakeholder engagement integrity) and to outcomes reflected in TNFD Metrics & Targets (nature-related KPIs, target progress). Use TNFD metrics catalogue as candidate incentive KPIs; ensure metric definitions, units, and assurance-readiness are clear.","Reuse the same TNFD KPI dictionary (definitions, calculation standards, disaggregation rules) as the KPI specification for any sustainability-linked incentive metrics under GOV-3.",Yes,No,,Narrative,"Narrative — description of whether and how sustainability-related performance metrics are included in executive and senior management remuneration schemes; type of metric, weighting, governance body responsible",ESRS 2 par. 31–33 (GOV-3),"Factual and governance-precise. Name the incentive schemes (short-term, long-term). State specific sustainability KPIs used, their weighting in total remuneration, and the governance body that sets and monitors them. If no linkage exists, state this explicitly.",Always required (ESRS 2 mandatory).,Not Started,Limited Assurance,,No,,No,"TNFD: KPI set is nature-specific; ESRS: requires disclosure of how sustainability performance is embedded in incentive schemes (governance/process + KPI examples), potentially across broader ESG topics.",,
ESRS-2-GOV-4,Governance — Statement on due diligence,ESRS,ESRS 2,Cross-cutting,General Disclosures,Qualitative,Yes,No,"ESRS, Other","TNFD alignment: ESRS 2 GOV-4 (due diligence statement) can leverage TNFD General Requirements and governance disclosures that reference due diligence processes for nature-related issues, including meaningful engagement with IPLCs and affected stakeholders. Reuse TNFD due diligence process descriptions (scope, integration with ERM, stakeholder engagement, escalation) and reframe as an ESRS due diligence statement covering sustainability matters (nature included).","If TNFD due diligence narrative exists (especially around stakeholder engagement and LEAP governance), reuse for GOV-4 and broaden to the full ESRS sustainability perimeter.",Yes,No,,Narrative,Narrative — mapping of how due diligence process is integrated into the undertaking's overall risk management and governance; reference to UN Guiding Principles on Business and Human Rights and OECD Guidelines,ESRS 2 par. 34–35 (GOV-4),"Procedural and standards-referencing. Map each step of the due diligence process (identify, prevent, mitigate, account for, communicate, remediate) to the undertaking's actual procedures. Reference UNGP and OECD Guidelines explicitly. Describe board and management roles in due diligence oversight.",Always required (ESRS 2 mandatory).,Not Started,Limited Assurance,,No,,No,TNFD: Due diligence content is often nature-specific and tied to LEAP; ESRS requires a consolidated due diligence statement and governance accountability.,,
ESRS-2-IRO-1,"Impact, Risk and Opportunity Assessment — Process for identifying and assessing material IROs",ESRS,ESRS 2,Cross-cutting,General Disclosures,Qualitative,Yes,No,"ESRS, Other, TCFD","TNFD alignment: ESRS 2 IRO-1 (IRO process) is the ESRS-wide analogue of TNFD LEAP. Use LEAP as the backbone methodology for identifying and assessing nature-related IROs; then integrate with ESRS double materiality process (impact + financial) across all sustainability matters. Key reuse: LEAP scoping, interface inventory, dependency/impact assessment, prioritisation logic → ESRS IRO identification narrative and process controls.","If TNFD LEAP has been conducted, reuse process documentation (scope, governance, data sources, stakeholder engagement, prioritisation) for ESRS 2 IRO-1; extend beyond nature to other ESRS topics as needed, but keep LEAP as the nature module within the enterprise process.",Yes,No,,Narrative,"Process description — methodology, scope, data sources, stakeholder engagement, frequency, and outputs of IRO identification and assessment",ESRS 2 par. 53–60 (IRO-1),"Methodological and process-oriented. Describe the steps, criteria, and tools used. Reference any external standards or consultants used. Distinguish between impact materiality and financial materiality processes. Use active voice and specific verbs (e.g. 'the company assessed', 'the process involves').",Always required (ESRS 2 mandatory). This is the core ‘how we did materiality/IRO assessment’ disclosure.,Not Started,Limited Assurance,,No,,No,"TNFD: Method is LEAP with nature-specific tools; ESRS: requires explicit double materiality framing, coverage of all sustainability topics, and linkage to ESRS topical materiality outcomes.",,
ESRS-2-IRO-2,IRO Assessment — Disclosure requirements covered by the undertaking's sustainability statement,ESRS,ESRS 2,Cross-cutting,General Disclosures,Qualitative,Yes,No,"ESRS, Other","TNFD alignment: ESRS 2 IRO-2 (disclosure requirements covered) is a coverage/index disclosure that can be supported by TNFD reporting architecture artifacts: mapping of TNFD recommended disclosures to report sections, and any internal crosswalk tables. Use the TNFD disclosure inventory and crosswalk to substantiate which disclosure requirements are addressed and where (including any ‘not applicable’).","If TNFD already maintains a disclosure inventory (recommended disclosures × report sections), reuse it as the basis for IRO-2 coverage mapping; add ESRS-specific requirement references and explicit location pointers within the sustainability statement.",Yes,No,,Mixed,"Index/table — complete list of all ESRS disclosure requirements addressed in the sustainability statement, with location references (paragraph/page) and explanation of omissions or phase-in applications",ESRS 2 par. 61–66 (IRO-2),"Index-style and cross-referencing. Provide a table listing every applicable ESRS disclosure requirement, its location in the sustainability statement, and reasons for any omissions. This is the compliance index — it must be exhaustive and precisely cross-referenced. State phase-in decisions explicitly with applicable Appendix C citations.",Always required (ESRS 2 mandatory).,Not Started,Limited Assurance,,No,,No,"TNFD: Coverage may be shown as a TNFD index; ESRS requires a structured list of ESRS DRs covered and where they appear, plus explanations for omissions.",,
ESRS-2-SBM-1,"Strategy — Business model, value chain, and sustainability context",ESRS,ESRS 2,Cross-cutting,General Disclosures,Qualitative,Yes,No,"ESRS, Other, TCFD","TNFD alignment: ESRS 2 SBM-1 (business model & value chain) overlaps with TNFD General Requirements + Strategy disclosures that require describing how the organisation’s business model interacts with nature across the value chain and geographies. Reuse TNFD interface inventory and priority locations summary to describe where in the value chain the organisation depends on/impacts nature, and how this links to strategy and operating context.","If TNFD has produced an interface inventory and priority location map, reuse them as the nature evidence pack for SBM-1; add ESRS-specific framing (material sustainability matters, value chain description) and ensure consistent entity boundary definitions.",Yes,Yes,Column L identifies specific SBM-1 sub-elements subject to phased-in per Appendix C of ESRS 1,Narrative,"Narrative with optional diagrams; describes business model elements, sectors, geographies, value chain structure",ESRS 2 par. 40–48 (SBM-1),"Strategic and descriptive. Present the business model objectively. Include upstream/downstream value chain mapping. Must cover sectors, geographies, and key relationships. Avoid marketing language.",Always required (ESRS 2 mandatory).,Not Started,Limited Assurance,,No,,No,TNFD: Often structured around LEAP outputs; ESRS: requires SBM-1 structured narrative and linkage to IROs and strategy disclosures.,,
ESRS-2-SBM-2,Strategy — Interests and views of stakeholders,ESRS,ESRS 2,Cross-cutting,General Disclosures,Qualitative,Yes,No,"ESRS, Other","TNFD alignment: ESRS 2 SBM-2 (interests and views of stakeholders) is directly supported by TNFD LEAP guidance on meaningful engagement, especially with Indigenous Peoples and Local Communities (IPLCs) and affected stakeholders during nature-related assessment. Reuse TNFD engagement logs, FPIC processes where applicable, and stakeholder input integration steps as evidence for SBM-2. Key delta: ESRS requires stakeholder views across all sustainability matters; TNFD provides the nature module with explicit IPLC emphasis.","If TNFD engagement work was done for LEAP (consultations, workshops, grievance inputs, third-party expert interviews), reuse the same stakeholder evidence pack for SBM-2; broaden to non-nature topics only as needed.",Yes,Yes,Column L: certain SBM-2 sub-elements subject to phased-in per Appendix C of ESRS 1,Narrative,"Narrative — description of stakeholder engagement process, key stakeholder groups identified, their interests and views, and how these have been considered in strategy and materiality assessment",ESRS 2 par. 49–52 (SBM-2),"Stakeholder-centric and process-oriented. Name key stakeholder groups. Describe engagement methods (surveys, dialogues, panels, grievance mechanisms). Explain how stakeholder input has influenced materiality assessment and strategic decisions. Reference double materiality connection. Avoid generic language — cite specific engagement activities.",Always required (ESRS 2 mandatory).,Not Started,Limited Assurance,,No,,No,"TNFD: Engagement is embedded in LEAP and due diligence guidance; ESRS: requires structured disclosure of which stakeholders were engaged, how views were gathered, and how they influenced strategy and materiality outcomes.",,
ESRS-2-SBM-3,"Strategy — Material impacts, risks and opportunities and their interaction with strategy",ESRS,ESRS 2,Cross-cutting,General Disclosures,Both,Yes,No,"ESRS, IFRS S1, Other, TCFD","TNFD alignment: ESRS 2 SBM-3 (material IROs and strategy interaction) can leverage TNFD’s requirement to connect nature-related dependencies/impacts/risks/opportunities to business model, strategy, and financial planning (TNFD Strategy A–D). Reuse TNFD IRO register (from LEAP Assess) and map each nature-related IRO to strategy choices, affected parts of the business model/value chain, and decision implications (capex, product design, sourcing, risk appetite).","If TNFD already has a structured IRO register plus resilience/scenario narrative, reuse it for SBM-3’s IRO inventory and strategy linkage; add ESRS-required structure (how IROs influence strategy and are influenced by strategy) and ensure the IRO set reconciles to the ESRS materiality outcome list.",Yes,Yes,Column L: certain SBM-3 sub-elements phased-in per Appendix C of ESRS 1,Mixed,"Narrative + structured list of material IROs with time horizons, likelihood, and financial magnitude where applicable",ESRS 2 par. 49–60 (SBM-3),"Strategic and risk-informed. Describe how material topics connect to and affect business strategy, financial position, and stakeholder outcomes. Use structured tables or lists for IRO catalogues. Include time horizons (short/medium/long-term). Forward-looking language is appropriate.",Always required (ESRS 2 mandatory).,Not Started,Limited Assurance,,No,By topic (climate / environment / social / governance) / by materiality type (impact / financial) / by IRO category (impact / risk / opportunity),Yes,TNFD: Often structured as IRO register + strategy narrative; ESRS: requires explicit ‘interaction with strategy’ framing and linkage to sustainability statement structure and financial statement connections where relevant.,,3
ESRS-E1-1,Climate — Transition plan for climate change mitigation,ESRS,E1,Environmental,Climate Change,Qualitative,No,Yes,"ESRS, IFRS S2, Other, TCFD","TNFD alignment: TNFD does not introduce a separate climate transition plan requirement; however, TNFD encourages integrated climate–nature strategy. Use the existing ESRS/TCFD/IFRS S2 transition plan narrative and add nature-related integration where material (e.g., nature-based solutions, land-use change impacts, biodiversity safeguards).","Treat ESRS E1-1 as the canonical transition plan. TNFD content is an integration overlay (nexus safeguards and nature-related dependencies for transition actions), not a separate plan.",Yes,Yes,Column L: Transition plan sub-elements subject to phased-in per Appendix C of ESRS 1,Narrative,"Narrative description of the transition plan: decarbonization pathway, milestones, capital allocation, and alignment with 1.5°C or Paris Agreement goals",ESRS E1 par. 14–24 (E1-1),"Strategic and forward-looking. Describe the transition plan concretely — milestones, investment commitments, and technology pathways. Reference Paris Agreement alignment explicitly. Avoid vague net-zero commitments without underpinning data. Include locked-in assets and stranded asset risk if applicable.",Triggered when Climate topic is material; ESRS transition plan expectations apply.,Not Started,Limited Assurance,,No,,No,TNFD: Add nature safeguard notes for transition actions (avoid maladaptation harming ecosystems). ESRS remains the base structure.,,
ESRS-E1-2,Climate — Policies related to climate change mitigation and adaptation,ESRS,E1,Environmental,Climate Change,Qualitative,No,Yes,"ESRS, IFRS S2, Other, TCFD","TNFD alignment: Climate policies are primarily handled by ESRS/TCFD/ISSB. TNFD integration point is ensuring climate policies (mitigation/adaptation) consider nature impacts (e.g., biomass sourcing, offsets, NBS integrity, land/water constraints) and align with TNFD LEAP findings for priority locations.",Reuse existing climate policy register for E1-2; add a ‘nature interaction’ review step (from TNFD LEAP) only where climate actions have material nature impacts.,Yes,No,,Policy Statement,"Policy descriptions: scope, coverage, governance owner, date adopted, and how policies address climate mitigation and/or adaptation",ESRS E1 MDR-P (E1-2),"Policy language. Factual and declarative. Name specific policies. State their scope (which operations, geographies, value chain elements they cover). Indicate governance ownership and adoption date. If no policy exists, state this explicitly — omission is not sufficient.",Triggered when Climate topic is material and policies exist; disclose absence where required.,Not Started,Limited Assurance,,No,,No,TNFD: Adds nature-interaction checks; ESRS/TCFD remain primary disclosure formats.,,
ESRS-E1-3,Climate — Actions and resources in relation to climate change policies,ESRS,E1,Environmental,Climate Change,Qualitative,No,Yes,"ESRS, IFRS S2, Other, TCFD","TNFD alignment: Climate actions (abatement, adaptation, transition investments) can be integrated with TNFD Prepare outputs where actions interact with nature (e.g., land-based mitigation, renewable siting impacts, water use for cooling/hydrogen). Use TNFD LEAP outputs to prioritise locations and to apply nature safeguards to climate action plans.",Maintain one unified transition action register. Tag actions with ‘nature interaction’ where TNFD indicates material dependencies/impacts; avoid duplicating action registers for TNFD.,Yes,No,,Narrative,"Narrative — description of climate-related actions taken and planned; resources allocated (CapEx, OpEx, €); timelines; governance owner; distinction between mitigation and adaptation actions",ESRS E1 MDR-A (E1-3),"Action-oriented and financially quantified. Describe specific actions taken under climate policies — not just intent. Quantify CapEx and OpEx allocated. Distinguish mitigation actions (reducing emissions) from adaptation actions (managing physical risk). Reference any recognised frameworks (SBTi, RE100, EV100). State milestones and progress to date.",Triggered when Climate topic is material and actions exist (MDR-A gating).,Not Started,Limited Assurance,,No,,No,TNFD: Adds location prioritisation and nature safeguard fields; ESRS remains MDR-A structure for disclosure.,,
ESRS-E1-4,Climate — Targets related to climate change mitigation and adaptation,ESRS,E1,Environmental,Climate Change,Both,No,Yes,"ESRS, IFRS S2, Other, TCFD","TNFD alignment: Climate targets are ESRS/ISSB-native. TNFD integration point is ensuring climate targets and pathways account for nature constraints and co-benefits (e.g., land-use targets, NBS integrity, avoided biodiversity harm). Where NBS or offsets are used, link to TNFD metrics/targets discipline and disclose nature-related assumptions.",Do not create TNFD climate target rows. Use ESRS E1-4 as canonical and add TNFD nexus notes only where targets depend on land/water/ecosystem outcomes.,Yes,Yes,Column L: certain target sub-elements phased-in per Appendix C of ESRS 1,Metric + Methodology,"Targets: base year, target year, metric (tCO2e, %, absolute vs. intensity), scope covered, pathway reference (SBTi, Paris-aligned, etc.), and progress to date",ESRS E1 MDR-T (E1-4),"Precise and metrics-driven. State targets in quantitative terms wherever possible. Identify scope covered (Scope 1, 2, 3), whether target is absolute or intensity-based, and reference any external validation (e.g. SBTi approval). Pair with current-year progress metric.",Triggered when Climate topic is material and targets exist; disclose absence where required.,Not Started,Limited Assurance,,Yes,By target type (GHG reduction / energy / adaptation) / by scope (Scope 1 / Scope 2 / Scope 3) / by time horizon (short / medium / long-term),Yes,TNFD: Adds nature dependency/impact assumptions for targets relying on NBS/offsets. ESRS/ISSB remains base.,"ESRS: tCO2e for GHG targets; % reduction relative to base year
TCFD: % reduction from base year; absolute or intensity; state whether SBTi-aligned
IFRS S2: tCO2e absolute or intensity ratio; clearly state base year and target year
GRI: tCO2e or %; GRI 305-5 (reduction of GHG emissions) used for quantitative target tracking
CDP: C4.1 format — specific % or absolute target; sector classification; base year; target year; % achieved to date",4
ESRS-E1-5,Climate — Energy consumption and mix,ESRS,E1,Environmental,Climate Change,Quantitative,No,Yes,"ESRS, IFRS S2, Other","TNFD alignment: ESRS E1-5 (energy consumption and mix) is climate/energy reporting; TNFD only integrates where energy sourcing has material nature impacts (e.g., biomass, hydropower, land footprint). Use TNFD LEAP to flag and contextualise nature dependencies/impacts for energy sourcing decisions, but keep ESRS as the metric format source.",Collect energy data once for ESRS/ISSB; add TNFD location/land/water impact context only for material energy sources with nature implications.,Yes,No,,Metric + Methodology,"MWh or GJ — total energy consumption, split by: fossil fuels, nuclear, renewable (self-generated vs. purchased). Energy intensity ratio (GJ per unit of revenue or production).",ESRS E1 par. 37–40 (E1-5),"Quantitative and methodological. Report in MWh or GJ consistently across years. State methodology for energy accounting (operational control, equity share, etc.). Disclose renewable energy certificates (RECs) separately from actual renewable procurement. Include energy intensity metric with denominator defined.",Triggered when Climate topic is material.,Not Started,Limited Assurance,ESRS E1 par. 37–43; IEA energy statistics; Eurostat energy balances for conversion factors,Yes,By energy type (fossil / renewable) / by source (fuel combustion / purchased electricity / purchased heat & steam & cooling) / by geography if material,Yes,TNFD: Adds nature-context narrative where relevant; no distinct TNFD metric format.,"ESRS: MWh or GJ — total + fuel/electricity/heat split
GRI: MWh — GRI 302-1 (consumption within organisation) requires MWh with fuel type breakdown
CDP: GJ — CDP C8.2 uses GJ with renewable/non-renewable split and percent renewable
TCFD/IFRS S2: MWh or GJ as consistent with GHG reporting; typically absorbed into GHG intensity metric",6
ESRS-E1-6,"Climate — Gross Scopes 1, 2, 3 and total GHG emissions",ESRS,E1,Environmental,Climate Change,Quantitative,No,Yes,"CDP, ESRS, GRI, IFRS S2, Other","TNFD alignment: GHG emissions disclosures are climate-specific and generally not a TNFD-specific requirement. TNFD integration is limited to ensuring nature-related assumptions are transparent when emissions management relies on land-based mitigation, removals, or supply chain land-use change (biodiversity/deforestation). ESRS/GRI/ISSB/CDP remain the primary mapping for GHG accounting.","No TNFD-specific GHG dataset needed. Reuse GHG Protocol dataset; only add TNFD nexus notes where land-use/nature intersects (e.g., FLAG emissions, deforestation).",Yes,Yes,"Undertakings ≤750 employees may omit Scope 3 and total GHG figures in Year 1 of sustainability reporting [Appendix C of ESRS 1, Column K]",Tabular Data,"tCO2e — Scope 1 (direct), Scope 2 (location-based and market-based), Scope 3 (all 15 categories), total GHG. GHG intensity per revenue or FTE.",ESRS E1 par. 44–53 (E1-6),"Highly quantitative and methodological. Report each scope separately in tCO2e. For Scope 2, report both location-based and market-based figures. For Scope 3, list all 15 categories — identify which are included and methodology for each. State GHG accounting standard used (GHG Protocol, ISO 14064). Disclose biogenic emissions separately.",Triggered when Climate topic is material.,Not Started,Limited Assurance,GHG Protocol Corporate Standard (2004); GHG Protocol Scope 2 Guidance (2015); GHG Protocol Corporate Value Chain (Scope 3) Standard (2011),Yes,"By GHG scope (Scope 1 / Scope 2 location-based / Scope 2 market-based / Scope 3 total + by category) / by GHG gas type (CO2, CH4, N2O, HFCs, PFCs, SF6, NF3) for Scope 1",Yes,TNFD: Adds nature nexus notes for land-based emissions/removals; core format unchanged.,"ESRS: tCO2e — Scope 1 + Scope 2 (LB and MB) + Scope 3 total + by category; intensity ratios
GRI: tCO2e — GRI 305-1/2/3 each a separate disclosure; GRI 305-4 for intensity required separately
CDP: tCO2e — CDP C6 structured with Scope 1, Scope 2 (both methods), Scope 3 by category; biogenic CO2 separately
TCFD/IFRS S2: tCO2e — Scope 1 + 2 + 3 with narrative on Scope 3 categories included
BRSR: tCO2e — Scope 1 + Scope 2 total; intensity per INR crore of turnover",8
ESRS-E1-7,Climate — GHG removals and carbon credits,ESRS,E1,Environmental,Climate Change,Quantitative,No,Yes,"ESRS, IFRS S2, Other","TNFD alignment: ESRS E1-7 (carbon credits/removals) is the main point where TNFD nature integrity becomes relevant: nature-based removals and offsets must avoid biodiversity harm, respect IPLC rights, and be transparent on location/ecosystem impacts. Use TNFD LEAP and engagement guidance to set integrity safeguards and disclosure notes for nature-based credits/removals.","Use one carbon credit/removal inventory. Add TNFD safeguard checks (location/ecosystem impact, additionality, permanence, IPLC engagement) for nature-based credits; disclose deltas transparently.",Yes,No,,Metric + Methodology,"tCO2e — volume of GHG removals (in-house and third-party), carbon credits purchased and retired, credit standard/registry, vintage year",ESRS E1 par. 54–57 (E1-7),"Quantitative with registry-level specificity. Separate removals from avoided emissions. State the standard for carbon credits (Gold Standard, VCS, etc.) and registry. Disclose vintage year. Do not conflate credits with direct emission reductions — these must be reported separately from gross emissions.",Triggered when credits/removals are used/disclosed.,Not Started,Limited Assurance,GHG Protocol Land Sector and Removals Guidance; ISO 14064-2 for project-level removals,Yes,By removal type (biotic / geological / technological) / by carbon credit type (avoidance / removal) / by registry,Yes,TNFD: Adds biodiversity/IPLC integrity disclosures for nature-based credits; ESRS remains the reporting structure.,"ESRS: tCO2e for removals; number of credits
GRI: No specific GRI standard for removals; disclosed as supplementary information under GRI 305-1 notes
CDP: tCO2e — CDP C11.4 (carbon credits); separate offset and removal distinction
TCFD: tCO2e; disclosed as part of net zero pathway narrative",4
ESRS-E1-8,Climate — Internal carbon pricing,ESRS,E1,Environmental,Climate Change,Both,No,Yes,"ESRS, IFRS S2, Other, TCFD","TNFD alignment: Internal carbon pricing is climate governance; TNFD integration is optional and primarily about ensuring internal pricing/decision tools also consider nature-related externalities where relevant (e.g., shadow prices for water/biodiversity in parallel). If the organisation runs a combined internal pricing framework, document alignment with TNFD metrics/targets for nature pricing inputs.",Keep E1-8 canonical. Only reference TNFD if an integrated internal pricing framework exists (carbon + nature).,Yes,No,,Metric + Methodology,"€/tCO2e — internal carbon price applied; type (shadow price, internal fee/levy, implicit); scope of application (investment decisions, product pricing, operational budgets); revenue from internal carbon levy if applicable",ESRS E1 par. 62–65 (E1-8),"Quantitative and methodologically precise. State the carbon price level (€/tCO2e). Define the type of internal carbon pricing mechanism. Describe the scope of application — which decisions or business units it applies to. Reference alignment with external carbon price signals (EU ETS, SCC). If no ICP exists, state this and whether it is under consideration.",Triggered when internal carbon pricing exists.,Not Started,Limited Assurance,,No,By carbon pricing system (internal shadow price / external ETS / voluntary carbon market) / by scope of application (% Scope 1/2/3 covered),Yes,TNFD: May inspire parallel shadow pricing for nature; no distinct disclosure requirement.,"ESRS: EUR/tCO2e (or reporting currency)
TCFD: USD/tCO2e typical; specify currency and whether shadow price or actual
CDP: CDP C11.3 — per tonne CO2e in reporting currency; structured fields for price type, coverage scope, and business strategy use
IFRS S2: Currency per tCO2e; note whether regulatory or voluntary",3
ESRS-E1-9,Climate — Anticipated financial effects from material climate-related risks and opportunities,ESRS,E1,Environmental,Climate Change,Both,No,Yes,"ESRS, IFRS S2, Other, TCFD","TNFD alignment: Climate financial effects (E1-9) are largely covered by TCFD/ISSB. TNFD integration point is the climate–nature interaction: some financial effects arise from compounded climate+nature risks (e.g., water scarcity, ecosystem collapse affecting supply chains). Use TNFD LEAP outputs to enrich physical risk and dependency analysis where nature degradation is a key driver of operational and financial exposure.",Reuse TCFD/ISSB climate financial analysis for E1-9; add TNFD-derived dependency/impact drivers only where they materially change physical risk assessment or resilience narrative.,Yes,Yes,Subject to phased-in provisions per Appendix C of ESRS 1 — quantitative financial effects may be deferred in early reporting years where methodology is not yet established,Mixed,Quantitative (€ or % of revenue/assets at risk) + qualitative narrative; financial exposure to physical and transition risks over short/medium/long-term time horizons,ESRS E1 par. 64–68 (E1-9),"Financial and scenario-informed. Quantify financial exposure wherever possible. Distinguish physical from transition risk financial impacts. Reference scenario assumptions used (e.g. NGFS scenarios, IEA 1.5°C). Use ranges where uncertainty exists. Connect to balance sheet or income statement line items where feasible. Acknowledge limitations in quantification methodology.",Triggered when Climate topic is material and financial effects are expected to be material.,Not Started,Limited Assurance,,No,By risk type (physical acute / physical chronic / transition policy / transition market / transition technology) / by time horizon (short / medium / long) / by financial effect type (revenue / cost / asset value / CapEx),Yes,TNFD: Adds compounded-risk narrative; ESRS/TCFD remain core structure.,"ESRS: EUR range or narrative where quantification not possible
TCFD: USD or reporting currency; scenario-referenced
IFRS S2: Reporting currency; linked to sensitivity analysis
CDP: CDP C2 format — estimated financial impact as a range in reporting currency",4
ESRS-E1-IRO-1,Climate IRO Identification — Climate-related physical and transition risks and opportunities,ESRS,E1,Environmental,Climate Change,Qualitative,Yes,No,"ESRS, IFRS S2, Other, TCFD","TNFD alignment: For climate, TNFD largely inherits the TCFD architecture rather than adding materially new climate disclosures. Where TNFD is used, climate risk/opportunity assessment should be integrated with nature-related IROs (e.g., land-use transition, nature-based solutions, supply chain physical risks). Reuse the organisation’s existing TCFD/ISSB climate risk process for ESRS E1 IRO-1, and ensure the ‘climate–nature nexus’ is captured where climate drivers affect ecosystems and where nature degradation amplifies climate physical risks.",Do not create separate TNFD climate workstream: reuse TCFD/IFRS S2 climate IRO process as the canonical source; only add TNFD-specific integration notes (how climate scenario outputs interact with nature LEAP outputs).,Yes,No,,Mixed,"Structured narrative: list of physical risks (acute/chronic), transition risks, and climate opportunities identified, with associated time horizons and assessment methodology",ESRS E1 par. IRO-1 (E1.IRO-1_01-16),"Risk-analytical and forward-looking. Distinguish clearly between physical risks (acute vs. chronic) and transition risks (policy, technology, market, reputational). For each identified risk/opportunity, state: type, time horizon (short/medium/long), assessment methodology, and how it connects to financial impact. Use tables where multiple IROs are listed.",Always required for E1 IRO-1 sections (IRO-1 mandatory component in topic standards).,Not Started,Limited Assurance,,No,,No,TNFD: Climate disclosures are not primary; include a short nexus note where climate and nature risks interdepend. ESRS/TCFD/IFRS S2 remain the primary structure for climate IRO assessment.,,
ESRS-E2-1,Pollution — Policies related to pollution prevention and control,ESRS,E2,Environmental,Pollution,Qualitative,No,Yes,"CDP, ESRS, GRI, Other","TNFD alignment: ESRS E2-1 (policies) can reuse TNFD governance/general requirement artifacts (policy inventory, boundary controls) plus pollution prevention policies arising from LEAP Evaluate/Assess (emissions controls, chemical management, spill prevention, supplier substance controls). Map into ESRS MDR-P structure for pollution.","Reuse a single EHS/chemical management policy register for TNFD + ESRS E2-1; reformat into MDR-P fields (scope, commitments, implementation, monitoring) and include explicit gap disclosure when no policy exists for material pollution topics.",Yes,No,,Policy Statement,"Policy descriptions covering scope, pollutants addressed, governance owner, regulatory alignment (IED, REACH, WFD)",ESRS E2 MDR-P (E2-1),Policy language. Declarative and regulatory-aware. Name specific policies and the pollutants/media they address. Reference applicable EU regulatory requirements. State governance ownership and adoption date.,Triggered when Pollution topic is material and policy exists (MDR-P gating); disclose absence where required.,Not Started,Limited Assurance,,No,,No,TNFD: Pollution controls may be part of broader nature management; ESRS requires MDR-P formatted policy disclosure. CDP may require questionnaire-specific policy statements.,,
ESRS-E2-2,Pollution — Actions and resources in relation to pollution prevention and control,ESRS,E2,Environmental,Pollution,Qualitative,No,Yes,"CDP, ESRS, GRI, Other","TNFD alignment: ESRS E2-2 (actions/resources) can be supported by TNFD Prepare-stage artifacts: pollution control action register (abatement, treatment, substitution, remediation), incident prevention controls, and effectiveness KPIs. Reuse TNFD action registers and monitoring to populate ESRS MDR-A action structure for pollution.","Collect once: use one pollution abatement/remediation action register with CapEx/OpEx, timelines, and KPI tracking; tag for ESRS E2-2 and relevant CDP/GRI items; TNFD LEAP provides prioritised-location and impact materiality rationale.",Yes,No,,Narrative,"Narrative — pollution abatement actions by medium (air, water, soil); CapEx/OpEx allocated (€); timelines; governance owner; distinction between preventive and remedial actions",ESRS E2 MDR-A (E2-2),"Action-oriented and financially quantified. Describe specific pollution abatement investments and process changes. Quantify CapEx and OpEx allocated. Reference applicable abatement technologies. Distinguish preventive (process design changes) from remedial (clean-up, compensation) actions. State milestones and progress.",Triggered when Pollution topic is material and actions exist (MDR-A gating).,Not Started,Limited Assurance,,No,,No,TNFD: Actions may be captured per priority location; ESRS requires MDR-A formatting with explicit resources allocated and progress tracking.,,
ESRS-E2-3,Pollution — Targets related to pollution prevention and control,ESRS,E2,Environmental,Pollution,Both,No,Yes,"CDP, ESRS, GRI, Other","TNFD alignment: ESRS E2-3 (targets) aligns with TNFD Metrics & Targets: reuse target register artifacts (baseline, target year, progress) for pollution reduction (air emissions, water pollutants, soil contamination, hazardous substances). Ensure targets link to priority locations and material pollution pressures identified via LEAP.",Reuse one pollution target register for ESRS E2-3; add ESRS-required disaggregation (by pollutant/medium/location) and comparative period expectations.,Yes,No,,Metric + Methodology,"Pollution reduction targets — by medium (air/water/soil) and substance category; metric (% reduction, tonne reduction, concentration limit); base year; target year; regulatory compliance trajectory",ESRS E2 MDR-T (E2-3),"Precise and substance-specific. State targets by pollution medium and substance category. Reference regulatory compliance trajectories (EU Industrial Emissions Directive, Water Framework Directive) where applicable. Indicate whether targets are science-based, regulatory-minimum, or voluntary.",Triggered when Pollution topic is material and targets exist; disclose absence/gap where required.,Not Started,Limited Assurance,,Yes,By pollutant type (air / water / soil) / by target metric (absolute / intensity) / by time horizon,Yes,"TNFD: Targets may be location/pressure specific; ESRS requires MDR-T disclosure with baseline, milestones, and progress narrative; CDP may need additional formats.","ESRS: Absolute or intensity; pollutant-specific units
GRI: No specific GRI target standard for pollution; reported as part of GRI 305-7 or 306-* management approach",3
ESRS-E2-4,"Pollution — Pollution of air, water and soil",ESRS,E2,Environmental,Pollution,Quantitative,No,Yes,"CDP, ESRS, GRI, Other","TNFD alignment: ESRS E2-4 (pollution of air, water, soil) can be grounded in TNFD dependency/impact assessment and metrics architecture: use LEAP Evaluate to identify relevant pollution pressures (emissions/discharges/releases) at priority locations, then report the ESRS-required quantitative disclosures. TNFD contributes the location/materiality logic; ESRS/GRI/CDP define the reporting formats.","Collect once: a consolidated emissions/discharge/release dataset (by medium and pollutant class, with location tags) can satisfy ESRS E2-4 alongside corresponding GRI and CDP disclosures; TNFD LEAP provides prioritisation and boundary rationale.",Yes,Yes,Column L: certain sub-elements phased-in per Appendix C of ESRS 1,Tabular Data,"Tonnes or kg — pollutant emissions to air (NOx, SOx, PM, VOCs, HAPs), discharges to water (N, P, heavy metals), and releases to soil; by substance and source",ESRS E2 par. 28–33 (E2-4),"Highly quantitative. Report by substance, emission medium, and source. Reference applicable regulatory emission limit values where relevant. State measurement methodology (direct measurement vs. calculation). Flag substances of concern separately. Include both operational and value chain sources where material.",Triggered when Pollution topic is material; focus on significant pollution sources and regulated pollutants.,Not Started,Limited Assurance,EU Industrial Emissions Directive (IED); E-PRTR Regulation; facility-level measurement per substance-specific EU limit values,Yes,"By medium (air / water / soil) / by substance type (NOx, SOx, VOCs, PM, heavy metals, nitrogen/phosphorus) / by source",Yes,TNFD: Metrics should be linked to priority locations and nature impacts; ESRS requires structured pollution disclosures by medium; GRI/CDP may require additional breakdowns and questionnaire formats.,"ESRS: Metric tonnes or kg by substance
GRI: GRI 305-7 (NOx, SOx, and other significant air emissions) — report in metric tonnes; add breakdown by source type (combustion / process / fugitive)
CDP: CDP C12 — substances reported in metric tonnes with % change year-on-year",8
ESRS-E2-5,Pollution — Substances of concern and substances of very high concern (SVHCs),ESRS,E2,Environmental,Pollution,Quantitative,No,Yes,"CDP, ESRS, GRI, Other","TNFD alignment: ESRS E2-5 (substances of concern/SVHCs) can leverage TNFD LEAP Evaluate outputs to identify chemical/substance interfaces with nature (toxicity, persistence, bioaccumulation), priority locations/ecosystems exposed, and value chain substance flows. Use TNFD as the impact/materiality lens; then disclose ESRS-required substance inventories, phase-out plans, and controls.","If a chemicals inventory and restricted substances list exists (REACH/SVHC), reuse it for E2-5; supplement with TNFD LEAP-derived prioritisation of substances/uses with highest nature impact (by location and exposure pathway).",Yes,Yes,Column L: phased-in per Appendix C of ESRS 1,Tabular Data,"Tonnes — total mass of substances of concern and SVHCs generated, used, distributed, and released; by substance name and CAS number; lifecycle stage",ESRS E2 par. 33–36 (E2-5),"Chemically precise. Identify substances by name and CAS number. Distinguish substances of concern from SVHCs (REACH SVHC Candidate List). Report generation, use, distribution, and releases separately. Reference EU REACH regulation, POPs Convention, Minamata Convention lists.",Triggered when Pollution topic is material and substances of concern are used/produced; requires inventory and management narrative.,Not Started,Limited Assurance,REACH Regulation (EC) 1907/2006 for SVHC identification; EU Candidate List for SVHCs,Yes,By substance category (substance of concern / SVHC) / by medium (air / water / soil / product) / by site if material,Yes,TNFD: Focus on nature impact pathways and locations; ESRS requires SVHC inventory/management disclosures; CDP may require product-level chemical disclosures where applicable.,"ESRS: Metric tonnes / kg
GRI: GRI 301-1 (materials used) — by weight; GRI does not have a specific SVHC disclosure but materials use by type is reported",4
ESRS-E2-6,Pollution — Anticipated financial effects from pollution-related impacts and dependencies,ESRS,E2,Environmental,Pollution,Both,No,Yes,"CDP, ESRS, IFRS S1, Other, TCFD","TNFD alignment: ESRS E2-6 (anticipated financial effects) can leverage TNFD Strategy D and LEAP Assess/Prepare outputs linking pollution-related risks/opportunities to financial planning (capex for abatement/treatment, remediation liabilities, compliance costs, litigation risk, supply chain disruption, opportunity from cleaner products). Use TNFD risk/opportunity register and scenario analysis (where used), then reframe into ESRS financial effects structure with time horizons and line-item linkages where feasible.","If TNFD already produced quantified pollution liabilities/cost ranges and mitigation investment plans, reuse for E2-6; add ESRS-required time-horizon disaggregation and explicit link to E2 IROs and materiality outcomes.",Yes,Yes,Subject to phased-in provisions per Appendix C of ESRS 1 — quantitative financial effects may be deferred in early reporting years,Mixed,"€ or % — quantitative financial exposure to pollution remediation costs, regulatory penalties, and transition costs; plus qualitative narrative where quantification not yet feasible",ESRS E2 par. 40–43 (E2-6),"Financial and risk-informed. Distinguish between current liabilities (ongoing remediation, fines) and anticipated future costs (regulatory tightening, transition investments). Reference specific regulatory drivers (IED review, REACH restrictions). Acknowledge methodology limitations where financial quantification is not yet established.",Triggered when Pollution topic is material (and financial effects are expected to be material).,Not Started,Limited Assurance,,No,By impact/risk/opportunity type / by financial effect category (revenue / cost / asset impairment / liability),Yes,TNFD: Pollution financial effects may be embedded in broader nature financial analysis; ESRS requires pollution-specific financial effects disclosure. IFRS S1/TCFD require enterprise-value framing; CDP may require questionnaire-specific financial impact tables.,,3
ESRS-E2-IRO-1,"Pollution IRO Identification — Climate-related pollution impacts, risks and opportunities",ESRS,E2,Environmental,Pollution,Qualitative,Yes,No,"ESRS, Other","TNFD alignment: ESRS E2 IRO-1 (pollution IRO identification) can leverage TNFD LEAP outputs to identify pollution-related dependencies/impacts/risks/opportunities (e.g., emissions to air/water/soil, hazardous substances, incidents, regulatory exposure) across priority locations and value chain. Use LEAP scoping + dependency/impact evaluation + prioritisation to structure the E2 IRO narrative. Key delta: frame explicitly as ESRS pollution IROs and connect to ESRS materiality outcome and MDR templates.","If LEAP has produced a pressure/impact inventory and regulatory exposure assessment by location, reuse for E2 IRO-1; add ESRS-specific terminology and link to E2 DPs and MDR-P/A/T where relevant.",Yes,No,,Mixed,"Structured narrative: pollutants identified, affected media (air/water/soil), associated risks and opportunities, assessment methodology",ESRS E2 par. IRO-1 (E2.IRO-1_01-03),"Technical and risk-analytical. Identify specific pollutants and substances of concern. Reference relevant EU regulations (IED, REACH, CLP, Water Framework Directive). Distinguish between operational pollution and value chain pollution. State assessment methodology and data sources.",Always required for E2 IRO-1 sections (IRO-1 is mandatory component in topic standards).,Not Started,Limited Assurance,,No,,No,"TNFD: Source artifacts include interface inventory, impact driver assessment, incident registers, regulatory mapping; render into ESRS pollution IRO narrative with value chain scope.",,
ESRS-E3-1,Water & Marine — Policies related to water and marine resources,ESRS,E3,Environmental,Water & Marine,Qualitative,No,Yes,"CDP, ESRS, GRI, Other","TNFD alignment: ESRS E3-1 (policies) can reuse TNFD governance/general requirement artifacts (policy inventory, boundary/scoping controls) plus any water stewardship policies developed under LEAP (e.g. water use, discharge, marine impact prevention, supplier water expectations). Map the policy register into ESRS MDR-P structure for water and marine resources.","If TNFD policy register includes water stewardship policy elements, reuse it and reformat into ESRS MDR-P fields (scope, commitments, implementation, monitoring); supplement with CDP Water policy disclosures where available.",Yes,No,,Policy Statement,"Policy descriptions covering water use, discharge quality, marine ecosystem protection, and catchment-level stewardship commitments",ESRS E3 MDR-P (E3-1),"Policy language with catchment-level specificity. Reference geographic scope of operations in water-stressed areas. Include commitments on water quality (discharge standards) and quantity (withdrawal limits). Reference external standards adopted (e.g. Alliance for Water Stewardship, CEO Water Mandate).",Triggered when Water & Marine topic is material and policy exists (MDR-P gating); disclose absence where required.,Not Started,Limited Assurance,,No,,No,TNFD: Water policy may be in governance/policy register; ESRS requires MDR-P structure and explicit water/marine scope and gap disclosure if no policy exists.,,
ESRS-E3-2,Water & Marine — Actions and resources related to water and marine resources,ESRS,E3,Environmental,Water & Marine,Qualitative,No,Yes,"CDP, ESRS, GRI, Other","TNFD alignment: ESRS E3-2 (actions/resources) can be supported by TNFD Prepare-stage artifacts: water action register (efficiency, reuse, discharge improvement), basin engagement plans, marine impact mitigation actions, supplier water programmes, and effectiveness KPIs. Reuse TNFD action registers and monitoring to populate ESRS MDR-A action structure for water and marine resources.","Collect once: TNFD water action register + KPIs can be reused for ESRS E3-2; add ESRS-required disclosure of resources (CapEx/OpEx), timelines, and linkages to E3 targets and IROs.",Yes,No,,Narrative,"Narrative — water efficiency, reuse, watershed protection, and marine conservation actions; CapEx/OpEx allocated (€); timelines; governance owner; focus on water-stressed areas",ESRS E3 MDR-A (E3-2),"Action-oriented. Describe specific water efficiency investments, reuse and recycling projects, and watershed/catchment engagement. Quantify CapEx/OpEx allocated. Reference AWS Alliance or CEO Water Mandate memberships where applicable. Distinguish site-level from catchment/landscape-level actions. Identify actions specific to water-stressed areas.",Triggered when Water & Marine topic is material and actions exist (MDR-A gating).,Not Started,Limited Assurance,,No,,No,TNFD: Action registers may be LEAP Prepare outputs; ESRS requires MDR-A formatting with explicit resources allocated and progress tracking.,,
ESRS-E3-3,Water & Marine — Targets related to water and marine resources,ESRS,E3,Environmental,Water & Marine,Both,No,Yes,"CDP, ESRS, GRI, Other","TNFD alignment: ESRS E3-3 (targets) aligns with TNFD Metrics & Targets: reuse target register artifacts (baseline, target year, progress, restatements) for water withdrawal reduction, water efficiency, discharge quality, and basin-level targets. Map into ESRS MDR-T structure and ensure basin/materiality linkage is explicit.","If TNFD target register exists for water, reuse it for E3-3; add ESRS-required disaggregation (by water-stressed areas/basins) and comparative period expectations.",Yes,No,,Metric + Methodology,"Water targets — metric (ML reduction, % intensity improvement, water-stressed area withdrawal reduction), base year, target year, SBTN freshwater target alignment",ESRS E3 MDR-T (E3-3),Precise and metrics-driven. State targets quantitatively. Reference water-stressed area targets separately. Link to SBTN freshwater targets where used. Indicate site-specific vs. portfolio-wide scope. Report progress annually.,Triggered when Water & Marine topic is material and targets exist; disclose absence/gap where required.,Not Started,Limited Assurance,,Yes,By target type (withdrawal / consumption / recycled / water-stressed areas) / by time horizon,Yes,"TNFD: Targets may be tracked per location/basin; ESRS requires MDR-T disclosure with baseline, milestones, and progress narrative; CDP Water may require additional questionnaire-specific breakdowns.","ESRS: Megalitres or m³
GRI: m³ — target tied to GRI 303-* disclosures
CDP: Megalitres or m³; CDP W9 format",3
ESRS-E3-4,Water & Marine — Water consumption,ESRS,E3,Environmental,Water & Marine,Quantitative,No,Yes,"CDP, ESRS, GRI, Other","TNFD alignment: ESRS E3-4 (water consumption) is a core quantitative metric that can be grounded in TNFD dependency/impact assessment and metrics architecture. Reuse TNFD metrics catalogue for water (withdrawals, consumption, discharge) and ensure basin-level context (water stress) is captured. This DP is commonly cross-mapped to GRI 303 and CDP Water metrics; treat TNFD as the methodology layer that ensures the metric is decision-useful (location/basin, dependencies, impacts).","Collect once: a single water accounting dataset (withdrawal/consumption/discharge) with basin and water-stress flags can satisfy ESRS E3-4, GRI 303 series, and CDP Water questions; TNFD LEAP provides the rationale for boundary and prioritised locations.",Yes,Yes,Column L: certain E3-4 sub-elements subject to phased-in per Appendix C of ESRS 1,Metric + Methodology,"Megalitres (ML) — total water withdrawal by source (surface, groundwater, third-party), total water consumption, water in water-stressed areas (flagged separately), water intensity ratio",ESRS E3 par. 26–29 (E3-4),"Quantitative and location-specific. Report total withdrawal and consumption separately (consumption = withdrawal minus discharge). Break down by source type. Flag volumes withdrawn in water-stressed areas using a recognised stress tool (WRI Aqueduct, WWAP). State water accounting methodology (operational control or equity share).",Triggered when Water & Marine topic is material; typically requires explicit focus on water-stressed areas and significant withdrawals/consumption.,Not Started,Limited Assurance,GRI 303 Technical Protocol; WRI Aqueduct or WWF Water Risk Filter for water-stress classification,Yes,By source (surface / ground / seawater / third-party) / by water-stressed vs non-stressed areas / total consumption and recycled/reused,Yes,TNFD: Metrics should be linked to priority locations and dependency materiality; ESRS: requires specific water consumption disclosures (often with water-stressed area focus); GRI/CDP may require additional breakdowns and questionnaire formats.,"ESRS: Megalitres
GRI: m³ — GRI 303-3 (withdrawal), 303-4 (discharge), 303-5 (consumption); each separate disclosure
CDP: Megalitres — CDP W8.1 total withdrawal; add percentage change from prior year
BRSR: KL (kilolitres) — BRSR Principle 6; intensity = KL per INR crore turnover",6
ESRS-E3-5,Water & Marine — Anticipated financial effects from water and marine resource dependencies,ESRS,E3,Environmental,Water & Marine,Both,No,Yes,"CDP, ESRS, IFRS S1, Other, TCFD","TNFD alignment: ESRS E3-5 (anticipated financial effects) can leverage TNFD Strategy D and LEAP Assess/Prepare outputs linking water dependencies and water-related risks/opportunities to financial planning (capex for water efficiency/treatment, opex for water procurement, revenue at risk from water scarcity, compliance costs, supply chain disruption). Use TNFD risk/opportunity register and scenario analysis (where used) as the core dataset, then reframe into ESRS financial effects structure with time horizons and line-item linkages where feasible.","If TNFD already produced water risk quantification (ranges) and mitigation investment plans, reuse for E3-5; add ESRS-required disaggregation by time horizon and explicit link to material IROs from E3 IRO-1.",Yes,Yes,Subject to phased-in per Appendix C of ESRS 1 — financial quantification may be deferred in early years,Mixed,"€ or % — financial exposure to water scarcity risks, regulatory costs, stranded asset risk in water-stressed locations; plus qualitative where quantification not feasible",ESRS E3 par. 33–36 (E3-5),"Financial and geographically grounded. Quantify financial exposure for operations in high or extremely high water-stress areas. Link to asset value at risk or operational cost exposure. Reference scenario tools (IPCC, NGFS physical risk scenarios). Acknowledge limitations.",Triggered when Water & Marine topic is material (and financial effects are expected to be material).,Not Started,Limited Assurance,,No,By risk type (physical / regulatory / market) / by time horizon / by financial effect type,Yes,TNFD: Water financial effects may be embedded in broader nature financial effects; ESRS requires water/marine-specific financial effects disclosure. IFRS S1/TCFD require enterprise-value framing; CDP Water may require questionnaire-specific financial impact tables.,,3
ESRS-E3-IRO-1,"Water & Marine IRO Identification — Water and marine resource impacts, risks and opportunities",ESRS,E3,Environmental,Water & Marine,Qualitative,Yes,No,"ESRS, Other","TNFD alignment: ESRS E3 IRO-1 (water & marine IRO identification) can be materially supported by TNFD LEAP outputs. Reuse LEAP scoping (sites, basins, value chain water dependencies), dependency/impact evaluation (withdrawal, discharge, water stress exposure, marine impacts), stakeholder engagement (communities/water users), and prioritisation logic to produce the ESRS E3 IRO narrative. Key delta: express results explicitly in ESRS IRO framing (impacts/risks/opportunities) and connect to ESRS materiality outcomes for water and marine resources.","If LEAP already produced basin-level dependency/impact screening and a water risk register, reuse as E3 IRO evidence pack; only add ESRS-specific structure and terminology and link to ESRS MDR templates.",Yes,No,,Mixed,"Structured narrative: water stress exposure, water-related risks, marine ecosystem dependencies, and opportunities, with assessment methodology",ESRS E3 par. IRO-1 (E3.IRO-1_01-02),"Risk-analytical and watershed-aware. Identify water stress by geographic location (using AQUEDUCT or WRI tools). Distinguish between water withdrawal risks, water quality risks, and marine ecosystem dependencies. Reference relevant EU regulatory frameworks (Water Framework Directive, Marine Strategy Framework Directive).",Always required for E3 IRO-1 sections (IRO-1 is mandatory component in topic standards).,Not Started,Limited Assurance,,No,,No,"TNFD: Source artifacts include basin/location screening, dependency/impact assessment, water risk/opportunity register; render into ESRS IRO narrative with basin-level specificity and value chain coverage.",,
ESRS-E4-1,Biodiversity — Transition plan and consideration of biodiversity in strategy and business model,ESRS,E4,Environmental,Biodiversity,Qualitative,No,Yes,"ESRS, Other",TNFD alignment: ESRS E4-1 is strongly supported by TNFD Strategy recommended disclosures (Strategy A–D) plus the TNFD requirement to link strategy to priority locations and nature-related dependencies/impacts/risks/opportunities. Reuse TNFD Strategy narrative (business model + financial planning + resilience + transition/response plan) and adapt into ESRS E4-1 structure (including MDR-P/MDR-A/MDR-T linkages where applicable).,"Collect once: TNFD Strategy disclosures and supporting registers (priority locations, interface linkage, scenario outputs, transition/response plan register) can be reused to draft E4-1; add ESRS-specific MDR structure and ESRS phrasing.",Yes,Yes,Years 1–2 for undertakings ≤750 employees,Narrative,Narrative — biodiversity transition plan; no-net-loss/net-positive commitment; integration of biodiversity into business model and capital allocation; Kunming-Montreal GBF alignment; milestones and 2030 targets,ESRS E4 par. 14–19 (E4-1),Strategic and science-informed. Reference Kunming-Montreal GBF (especially Target 15 on business disclosure). Reference SBTN nature targets where adopted. Describe integration of biodiversity into capital allocation and product/service design. This is the nature equivalent of ESRS E1-1 (climate transition plan).,"Triggered when Biodiversity topic is material (ESRS topical disclosure), but relies on IRO-1 results; phased-in exemptions may apply for ≤750 employees.",Not Started,Limited Assurance,,No,,No,TNFD: Use TNFD STR-A/B/C/D narrative as source; ensure ESRS E4-1 explicitly references ESRS-required policy/action/target hooks and ESRS materiality outcomes.,,
ESRS-E4-2,Biodiversity — Policies related to biodiversity and ecosystems,ESRS,E4,Environmental,Biodiversity,Qualitative,No,Yes,"ESRS, GRI, Other","TNFD alignment: ESRS E4-2 (policies) can draw from TNFD Governance and General Requirements artifacts (policy inventory, human rights/IPLC engagement policies, sensitive location handling, evidence/approval controls) plus any TNFD-aligned biodiversity/nature policies. Map TNFD policy inventory + implementation governance into ESRS MDR-P structure for biodiversity.","If TNFD policy register exists, reuse it as the policy source-of-truth and only reformat into ESRS MDR-P fields (scope, commitments, implementation, monitoring).",Yes,Yes,"Undertakings ≤750 employees may omit all E4 DPs except IRO-1 for first 2 years. If E4 is material, must still disclose ESRS 2 par. 17-BP2 [Column K]",Policy Statement,"Policy descriptions covering biodiversity protection, no net loss/net positive commitments, land use, and ecosystem service stewardship",ESRS E4 MDR-P (E4-2),"Policy language with site-level and landscape-level awareness. Reference the mitigation hierarchy (avoid, minimize, restore, offset). Note any no-net-loss or nature-positive commitments. Reference relevant international frameworks (Kunming-Montreal GBF, EU Biodiversity Strategy). Include supply chain biodiversity policies where applicable.",Disclose if Biodiversity topic is material and relevant policies exist (ESRS MDR-P gating); still document ‘no policy’ explicitly where applicable.,Not Started,Limited Assurance,,No,,No,"TNFD: Policies may be organised as governance/policy registers; render into ESRS MDR-P template sections (policy scope, commitments, implementation, monitoring).",,
ESRS-E4-3,Biodiversity — Actions and resources related to biodiversity and ecosystems,ESRS,E4,Environmental,Biodiversity,Qualitative,No,Yes,"ESRS, GRI, Other","TNFD alignment: ESRS E4-3 (actions/resources) is supported by TNFD Prepare-stage artifacts: nature action register, transition/response plan register, mitigation hierarchy approach, control effectiveness KPIs, and remediation logs. Reuse TNFD action register and effectiveness monitoring to populate ESRS MDR-A action structure and E4-3 narrative/metrics.","Collect once: use TNFD action register + effectiveness KPIs; reframe actions into ESRS action categories and explicitly state resources, timelines, and tracking per ESRS MDR-A fields.",Yes,Yes,Years 1–2 for undertakings ≤750 employees,Narrative,"Narrative — habitat protection, restoration, and species conservation actions; CapEx/OpEx allocated (€); timelines; no-net-loss/net-gain implementation approach; governance owner",ESRS E4 MDR-A (E4-3),"Action-oriented and ecologically specific. Describe habitat protection, restoration, and species conservation actions. Quantify CapEx/OpEx allocated. Reference TNFD LEAP action outcomes. Distinguish on-site (in/adjacent to sensitive areas) from landscape-level or offsetting actions.",Disclose when Biodiversity topic is material and actions exist (ESRS MDR-A gating); otherwise disclose absence where required.,Not Started,Limited Assurance,,No,,No,TNFD: Action registers (avoid/reduce/restore/offset/engage) map directly; add ESRS-required ‘resources allocated’ and MDR-A formatting.,,
ESRS-E4-4,Biodiversity — Targets related to biodiversity and ecosystems,ESRS,E4,Environmental,Biodiversity,Both,No,Yes,"ESRS, GRI, Other","TNFD alignment: ESRS E4-4 (targets) aligns with TNFD Metrics & Targets disclosures and target register artifacts (baselines, horizons, progress, restatements). Use TNFD targets register + performance tables and adapt to ESRS MDR-T structure and ESRS E4 target requirements.","If TNFD targets register exists, reuse it and add ESRS-specific fields (material IRO linkage, required disaggregation, comparative period) per MDR-T.",Yes,Yes,Undertakings ≤750 employees may omit for first 2 years (except ESRS 2 par. 17-BP2 if material) [Appendix C of ESRS 1],Metric + Methodology,"Targets: type (no net loss, net positive, species recovery, habitat restoration), baseline year, target year, metric (ha, species count, biodiversity index), alignment with SBTN/Kunming-Montreal GBF",ESRS E4 MDR-T (E4-4),Precise and science-based. Reference SBTN (Science Based Targets for Nature) or equivalent methodology where available. Targets should be location-specific where feasible. Distinguish between targets for operations and value chain. State baseline and reference any external validation.,Disclose if Biodiversity topic is material and targets exist; otherwise disclose absence/plan per ESRS rules.,Not Started,Limited Assurance,,Yes,By target type (land / freshwater / marine) / by target category (no net loss / net positive / area protection) / by time horizon,Yes,TNFD: Target tracking may be in target register + performance tables; render into ESRS MDR-T sections and ensure ESRS-required link to IROs and biodiversity impacts/dependencies.,"ESRS: Hectares; or qualitative target statement
GRI: Hectares — GRI 304-4 (IUCN Red List species and national conservation list species)",3
ESRS-E4-5,Biodiversity — Impact metrics related to biodiversity and ecosystems,ESRS,E4,Environmental,Biodiversity,Quantitative,No,Yes,"ESRS, GRI, Other","TNFD alignment: ESRS E4-5 (impact metrics) is strongly supported by TNFD Metrics & Targets architecture: impact driver metrics, state of nature/ecosystem services metrics (where used), KPI dictionary, disaggregation rules, baseline/time series, and assurance-ready evidence bindings. Reuse TNFD metrics catalog + KPI dictionary + disaggregation specs and map into ESRS E4-5 required metric set; capture any ESRS-only additions (habitat change, species metrics, ecosystem service change) as deltas in the Sub-Metric Inventory.",Use TNFD canonical metric register + unit conversion rules as the single source of truth; generate ESRS E4-5 tables as one rendering of those canonical metrics with ESRS-specific disaggregation and required comparatives.,Yes,Yes,Undertakings ≤750 employees may omit for first 2 years [Appendix C of ESRS 1],Tabular Data,"Hectares — land use (total footprint, converted, degraded, restored), species affected (threatened species on site), ecosystem condition indicators, mean species abundance (MSA) where applicable",ESRS E4 par. 36–41 (E4-5),"Ecological and spatially explicit. Report land use metrics by type (agricultural, built-up, natural, semi-natural). Identify threatened species on-site by IUCN Red List category. Report changes from baseline year. Reference any biodiversity measurement methodology used (PREDICTS, GLOBIO, TNFD metrics). Be explicit about scope (direct operations vs. value chain).",Triggered when Biodiversity topic is material; comparative periods often expected for metrics and should be aligned with TNFD baseline/trend artifacts.,Not Started,Limited Assurance,Mitigation hierarchy (avoid / reduce / restore / offset); IPBES biodiversity metrics; GRI 304 Technical Protocol,Yes,By impact type (land use / freshwater use / climate change / pollution / invasive species / exploitation) / by site / by ecosystem type,Yes,TNFD: Prefer using TNFD core/global indicators + driver metrics as backbone; add ESRS-specific metric elements and formatting (MDR links; ESRS-specific disaggregation).,"ESRS: Hectares; number of species
GRI: Hectares; species count by IUCN Red List category — GRI 304-1, 304-2, 304-4",5
ESRS-E4-6,Biodiversity — Anticipated financial effects from material biodiversity and ecosystem-related risks and opportunities,ESRS,E4,Environmental,Biodiversity,Both,No,Yes,"ESRS, IFRS S1, IFRS S2, Other, TCFD","TNFD alignment: ESRS E4-6 (anticipated financial effects) can leverage TNFD Strategy D and Metrics & Targets pillars where organisations link nature-related risks/opportunities to financial planning and disclose anticipated financial impacts. Reuse TNFD risk/opportunity register, scenario analysis outputs (where used), and financial planning linkages (CapEx/OpEx, revenue at risk/opportunity, impairments/provisions) and render them in ESRS-required financial effects framing (short/medium/long term, value chain where relevant).","If TNFD already produced a nature-related risk/opportunity register with quantified financial impacts (or ranges) plus scenario narratives, reuse as the core dataset for E4-6; add ESRS-specific disaggregation by time horizon and explicit reconciliation to material IROs from E4-IRO-1.",Yes,Yes,Subject to phased-in provisions per Appendix C of ESRS 1; Years 1–2 for ≤750 employees,Mixed,"€ or % revenue/assets at risk — financial exposure to ecosystem service loss, land-use regulation changes, nature-related physical risks, transition risks from nature policy and markets",ESRS E4 par. 41–44 (E4-6),"Financial and scenario-informed. Distinguish physical (ecosystem service loss) from transition (regulation, carbon/nature markets) financial effects. Reference TNFD or IPBES ecosystem services valuation methodology. Use ranges where uncertainty exists. Acknowledge that nature-related financial quantification methodology is still maturing.",Triggered when Biodiversity topic is material (and when financial effects are expected to be material); relies on IRO-1 outputs and the organisation’s financial planning processes.,Not Started,Limited Assurance,,No,By risk/opportunity type / by time horizon / by financial effect category,Yes,"TNFD: Financial effects may be described as nature-related financial risk/opportunity and resilience narrative; render into ESRS structure with explicit time horizons, financial statement line-item linkages where possible, and materiality justification.",,3
ESRS-E4-IRO-1,"Biodiversity IRO Identification — Biodiversity and ecosystem impacts, risks and opportunities",ESRS,E4,Environmental,Biodiversity,Qualitative,Yes,No,"ESRS, Other","TNFD alignment: This ESRS E4 IRO identification DP is substantially supported by TNFD LEAP (Locate–Evaluate–Assess–Prepare) outputs, especially interface inventory, priority locations, dependency/impact evaluation, and materiality/prioritisation logic. Use TNFD LEAP artifacts as primary evidence inputs, then express them in ESRS IRO framing (impacts/risks/opportunities) with ESRS-required granularity and terminology. Key reuse: interface inventory + priority locations + dependency/impact assessment results → ESRS IRO list and narrative basis. Key delta: ESRS expects explicit ESRS materiality framing and linkage to ESRS MDR templates where topic is material.","If company already executed TNFD LEAP, do not re-run separate ESRS E4 discovery: map LEAP outputs into ESRS E4 IRO structure; only add ESRS-specific fields (materiality lens wording, ESRS-required stakeholder view articulation).",Yes,No,,Mixed,"Structured narrative: sites in/near sensitive areas, biodiversity impacts (land use, species, invasive species), dependencies on ecosystem services, risks and opportunities, assessment methodology",ESRS E4 par. IRO-1 (E4.IRO-1_01-16),"Ecological and site-specific. Reference location of operations relative to Natura 2000, Key Biodiversity Areas (KBAs), and IUCN Red List habitats. Identify both direct impacts (land use change, pollution, overexploitation) and indirect impacts (supply chain). Reference TNFD or SBTN methodology if used. Include ecosystem service dependencies.","Always required for ESRS E4 (IRO-1 section), regardless of topic materiality outcomes; forms basis for E4 materiality and downstream E4 disclosures.",Not Started,Limited Assurance,,No,,No,"TNFD: Source artifacts are LEAP outputs (interface inventory, priority locations, dependency/impact assessments, issue register). Render as ESRS IRO narrative + required ESRS tables/structure (if any).",,
ESRS-E5-1,Resource Use — Policies related to resource use and circular economy,ESRS,E5,Environmental,Resource Use & Circular Economy,Qualitative,No,Yes,"CDP, ESRS, GRI, Other","TNFD alignment: ESRS E5-1 (policies) can reuse TNFD governance/general requirement artifacts (policy inventory, boundary controls) plus any circular economy/resource stewardship policies arising from LEAP (sustainable sourcing, recycled content, waste prevention, product design for circularity). Map into ESRS MDR-P structure for resource use and circular economy.","If a TNFD-aligned resource stewardship policy register exists, reuse it for E5-1 and reformat into MDR-P fields (scope, commitments, implementation, monitoring), including gap disclosure when no policy exists for a material E5 topic.",Yes,No,,Policy Statement,"Policy descriptions for circular economy, waste prevention, material efficiency; governance owner, scope, EU Circular Economy Action Plan alignment",ESRS E5 MDR-P (E5-1),"Policy language. Cover material efficiency, waste prevention hierarchy (reduce, reuse, recycle), and circular design principles. Reference EU Circular Economy Action Plan or equivalent. Distinguish operational policies from product/service design policies.",Triggered when Resource Use & Circular Economy topic is material and policy exists (MDR-P gating); disclose absence where required.,Not Started,Limited Assurance,,No,,No,"TNFD: Policy may be framed as resource/nature stewardship; ESRS requires MDR-P structure and explicit circularity scope (materials, packaging, waste).",,
ESRS-E5-2,Resource Use — Actions and resources related to resource use and circular economy,ESRS,E5,Environmental,Resource Use & Circular Economy,Qualitative,No,Yes,"CDP, ESRS, GRI, Other","TNFD alignment: ESRS E5-2 (actions/resources) can be supported by TNFD Prepare-stage artifacts: circularity action register (design changes, material substitution, recycling/reuse systems), supplier programmes, and effectiveness KPIs. Use LEAP priority locations and value chain hotspots to prioritise actions; report in ESRS MDR-A format including CapEx/OpEx and timelines.","Maintain one circularity action register; TNFD LEAP provides hotspot rationale and location/value chain focus, ESRS requires MDR-A formatting and resource allocation disclosure.",Yes,No,,Narrative,"Narrative — circular economy and waste reduction actions; CapEx/OpEx allocated (€); product redesign initiatives, take-back schemes, waste diversion programmes, critical raw material substitution actions; timelines",ESRS E5 MDR-A (E5-2),"Action-oriented. Describe specific circular economy investments. Quantify CapEx/OpEx. Reference EU Circular Economy Action Plan alignment. Distinguish actions reducing resource inflows (material efficiency, virgin material substitution) from those managing resource outflows (waste diversion, recycling).",Triggered when Resource Use & Circular Economy topic is material and actions exist (MDR-A gating).,Not Started,Limited Assurance,,No,,No,TNFD: Actions may be prioritised by nature impact hotspots; ESRS requires MDR-A structure with explicit resources and progress tracking.,,
ESRS-E5-3,Resource Use — Targets related to resource use and circular economy,ESRS,E5,Environmental,Resource Use & Circular Economy,Both,No,Yes,"CDP, ESRS, GRI, Other","TNFD alignment: ESRS E5-3 (targets) aligns with TNFD Metrics & Targets discipline: reuse target register artifacts (baseline, target year, progress) for circularity and resource efficiency targets (recycled content, waste reduction, packaging reduction, material intensity). Link targets to LEAP-identified resource dependencies and impacts at priority locations/value chain segments.","If TNFD target register covers resource use/circularity, reuse it for E5-3 and add ESRS-required disaggregation and comparative expectations.",Yes,No,,Metric + Methodology,"Resource use and waste targets — metric (% recycled content, % waste diverted, tonne waste reduction, material intensity), base year, target year, circular economy target framework alignment",ESRS E5 MDR-T (E5-3),"Precise and metrics-driven. State targets by resource inflow (recycled content %) and outflow (waste reduction, diversion rate). Reference EU Circular Economy Action Plan packaging recycling targets where applicable. Link to EPR (Extended Producer Responsibility) compliance targets.",Triggered when Resource Use & Circular Economy topic is material and targets exist; disclose absence/gap where required.,Not Started,Limited Assurance,,Yes,By target type (material input reduction / recycled content / waste reduction / water use) / by time horizon,Yes,"TNFD: Targets may be framed as nature-pressure reductions; ESRS requires MDR-T disclosure with baseline, milestones, and progress narrative.","ESRS: Absolute tonnes or % targets
GRI: % of recycled material or tonnes",3
ESRS-E5-4,"Resource Use — Resource inflows (materials, water, and energy use)",ESRS,E5,Environmental,Resource Use & Circular Economy,Quantitative,No,Yes,"CDP, ESRS, GRI, Other","TNFD alignment: ESRS E5-4 (resource inflows) can be grounded in TNFD LEAP Evaluate by linking material inputs to nature-related dependencies/impacts (land, water, biodiversity pressures) and to priority locations in the value chain. Use TNFD to justify boundary, hotspot focus, and choice of material categories; report ESRS-required quantitative inflow metrics and circularity parameters.","Collect once: a material input dataset (by material type, virgin vs recycled content, supplier geography) can satisfy ESRS E5-4 and relevant GRI materials disclosures; TNFD LEAP provides hotspot and nature-impact rationale.",Yes,Yes,Column L: certain E5-4 sub-elements subject to phased-in per Appendix C of ESRS 1,Metric + Methodology,"Tonnes or m³ — total material inflows by type (renewable/non-renewable, recycled/virgin), weight of products and packaging, critical raw materials used",ESRS E5 par. 25–28 (E5-4),"Quantitative and material-flow oriented. Report total material input by weight. Distinguish virgin vs. secondary (recycled/reused) material. Flag critical raw materials separately (EU CRM list). Include packaging materials. State methodology (mass balance, spend-based, or hybrid). Reference any product-level material passports where available.",Triggered when Resource Use & Circular Economy topic is material.,Not Started,Limited Assurance,EU Critical Raw Materials Act definitions; EN 15804 for product-level material flows where applicable,Yes,By material type (renewable / non-renewable) / by input category (raw materials / semi-manufactured goods / manufacturing ancillaries / products) / by criticality,Yes,TNFD: Emphasises nature impact hotspots and priority locations; ESRS requires structured quantitative inflow reporting. CDP may require product/packaging-specific splits.,"ESRS: Metric tonnes
GRI: Metric tonnes or kg — GRI 301-1 (materials used by weight)",5
ESRS-E5-5,Resource Use — Resource outflows (waste and end-of-life),ESRS,E5,Environmental,Resource Use & Circular Economy,Quantitative,No,Yes,"CDP, ESRS, GRI, Other","TNFD alignment: ESRS E5-5 (resource outflows) can use TNFD LEAP Evaluate/Assess outputs to prioritise waste streams and end-of-life pathways that create material nature impacts (leakage to ecosystems, hazardous waste, marine litter). TNFD adds impact pathway and priority-location logic; ESRS requires quantitative reporting of waste generation, diversion, disposal, and circularity outcomes.","Collect once: a waste/outflow dataset (by waste type, hazardous/non-hazardous, treatment route, geography) can satisfy ESRS E5-5 and GRI 306 series; TNFD LEAP helps prioritise material streams and contextualise impacts.",Yes,Yes,Column L: certain E5-5 sub-elements subject to phased-in per Appendix C of ESRS 1,Tabular Data,"Tonnes — total waste generated by type (hazardous/non-hazardous), by disposal route (reuse, recycling, recovery, landfill, incineration), products/components designed for end-of-life recovery",ESRS E5 par. 29–34 (E5-5),Quantitative and waste-classification accurate. Follow EU waste classification codes (EWC codes). Report hazardous and non-hazardous separately. Distinguish recycling from other recovery routes — do not aggregate. Include both operational waste and product end-of-life where applicable. State diversion rate and methodology.,Triggered when Resource Use & Circular Economy topic is material.,Not Started,Limited Assurance,EU Waste Framework Directive categories; Eurostat waste statistics methodology,Yes,By waste category (hazardous / non-hazardous) / by disposal method (recycling / composting / incineration with/without energy recovery / landfill / other) / by site if material,Yes,TNFD: Focus on leakage risk and ecosystem impacts; ESRS/GRI require structured waste reporting; CDP may require additional packaging and end-of-life details.,"ESRS: Metric tonnes
GRI: Metric tonnes — GRI 306-3 (waste generated), 306-4 (waste diverted), 306-5 (waste to disposal)
CDP: Metric tonnes — CDP C12 waste disclosure",6
ESRS-E5-6,Resource Use — Anticipated financial effects from material resource use and circular economy risks and opportunities,ESRS,E5,Environmental,Resource Use & Circular Economy,Both,No,Yes,"ESRS, IFRS S1, Other, TCFD","TNFD alignment: ESRS E5-6 (financial effects) can leverage TNFD Strategy D and LEAP Assess/Prepare outputs connecting resource dependencies and circularity risks/opportunities to financial planning (commodity price volatility, supply disruption, regulatory EPR costs, CapEx for circular redesign, circular revenue opportunities). Use TNFD risk/opportunity register and scenario analysis (where used), then reframe into ESRS financial effects structure with time horizons and line-item linkage where feasible.","If TNFD already produced quantified resource dependency risk ranges and circular investment plans, reuse for E5-6; add ESRS-required time-horizon disaggregation and explicit link to E5 IROs/materiality outcomes.",Yes,Yes,Subject to phased-in provisions per Appendix C of ESRS 1,Mixed,"€ or % revenue/assets — financial exposure to raw material price volatility, resource scarcity, waste regulation tightening, critical raw material supply disruption; circular economy transition opportunities",ESRS E5 par. 36–39 (E5-6),"Financial and scenario-informed. Distinguish physical (resource scarcity, supply disruption) from regulatory (EPR levies, waste tax, packaging tax) financial effects. Quantify critical raw material cost exposure where applicable. Include circular economy transition opportunities as positive financial effects.",Triggered when Resource Use & Circular Economy topic is material (and financial effects are expected to be material).,Not Started,Limited Assurance,,No,By risk/opportunity type / by time horizon / by financial effect type,Yes,TNFD: Resource financial effects may be embedded in broader nature financial analysis; ESRS requires resource/circularity-specific financial effects disclosure; IFRS S1/TCFD require enterprise-value framing.,,3
ESRS-E5-IRO-1,"Resource Use IRO Identification — Resource use and circular economy impacts, risks and opportunities",ESRS,E5,Environmental,Resource Use & Circular Economy,Qualitative,Yes,No,"CDP, ESRS, GRI, Other","TNFD alignment: ESRS E5 IRO-1 (resource use & circular economy IRO identification) can leverage TNFD LEAP outputs to identify material resource dependencies/impacts/risks/opportunities across priority locations and value chain (e.g., raw material sourcing pressures, land-use impacts, waste leakage, circularity opportunities). Use LEAP scoping + dependency/impact evaluation + prioritisation logic to structure the E5 IRO narrative; express explicitly in ESRS IRO framing and connect to ESRS materiality outcomes and MDR templates.","If LEAP produced a material flow / input-output mapping and a dependency/impact register for resource use, reuse it as the evidence pack for E5 IRO-1; add ESRS-specific structure and terminology.",Yes,No,,Mixed,"Structured narrative: material dependencies, resource scarcity risks, waste-related risks, circular economy opportunities, assessment methodology",ESRS E5 par. IRO-1 (E5.IRO-1_01-02),"Resource-analytical and circularity-focused. Identify key material inputs and their scarcity risk (critical raw materials, virgin materials). Distinguish between resource-related risks (supply disruption, price volatility) and opportunities (circular business models, resource efficiency gains). Reference EU Critical Raw Materials Act and Circular Economy Action Plan where relevant.",Always required for E5 IRO-1 sections (IRO-1 mandatory component in topic standards).,Not Started,Limited Assurance,,No,,No,"TNFD: Source artifacts include interface inventory, material flow analysis (MFA) where available, sourcing footprint assessments, waste leakage risk registers; render into ESRS IRO narrative with value chain scope.",,
ESRS-ENTITY-CYBER-1,Entity-specific — Cybersecurity / data breach incidents (if material),ESRS,General,Cross-cutting,General Disclosures,Both,No,Yes,"BRSR, IFRS S1",Cyber/privacy is typically reported as an entity-specific sustainability matter if material. Can feed IFRS S1 risk and resilience disclosures and BRSR customer/privacy narratives (as applicable).,,Yes,No,,Mixed,count — incidents/breaches; days — time to resolve; narrative — controls and response,Entity-specific datapoint (not in baseline ESRS topical standards),,Use when cyber/privacy is identified as a material IRO and disclosed as entity-specific metric(s).,,,,No,,No,"IFRS S1: Link incidents to financial effects, risk management, and resilience narrative; may require quantitative sensitivity if material
BRSR: Often expects narrative plus counts of incidents/complaints in prescribed sections","ESRS: count, days; severity categories
IFRS S1: may require financial effect estimates where material",
ESRS-G1-1,Business Conduct — Policies and corporate culture related to business conduct,ESRS,G1,Governance,Business Conduct,Qualitative,No,Yes,"ESRS, Other","TNFD alignment: ESRS G1-1 (business conduct policies and culture) can incorporate TNFD governance expectations by explicitly embedding nature-related conduct risks into the code of conduct and corporate culture (e.g., zero tolerance for illegal deforestation, wildlife trafficking, bribery in permitting of land/water use). TNFD does not replace G1-1; it supplies the nature-related risk content to be included in conduct policies and training.","If TNFD LEAP identified high-risk nature interfaces (land use, protected areas, permitting), reuse those findings to define ‘nature-sensitive’ conduct commitments in the code of conduct; avoid creating a separate TNFD conduct policy.",Yes,No,,Policy Statement,"Policy descriptions covering anti-corruption, anti-bribery, anti-competitive behaviour, corporate culture, and whistleblowing mechanism",ESRS G1 MDR-P (G1-1),"Policy language aligned with international anti-corruption standards (UNCAC, OECD Anti-Bribery Convention). Reference specific policies (code of conduct, anti-bribery policy, gifts and hospitality policy, whistleblowing policy). State scope, training coverage, and governance owner. Reference any third-party certification (ISO 37001 Anti-Bribery Management System) where applicable.",Triggered when Business Conduct topic is material; typically applicable for most undertakings.,Not Started,Limited Assurance,,No,,No,TNFD: Adds nature-risk conduct clauses; ESRS requires standard business conduct policy disclosure and governance ownership.,,
ESRS-G1-2,Business Conduct — Management of relationships with suppliers and business partners,ESRS,G1,Governance,Business Conduct,Qualitative,No,Yes,"ESRS, Other","TNFD alignment: ESRS G1-2 (supplier and business partner relationships) can incorporate TNFD LEAP outputs to identify nature-related supply chain hotspots and integrate them into supplier due diligence (e.g., deforestation, water stress, biodiversity-sensitive sourcing). Use TNFD priority locations and interface inventory to strengthen supplier risk screening criteria and monitoring, and disclose the approach in ESRS business conduct terms.",Use TNFD hotspot/priority location outputs as a procurement segmentation layer (which suppliers/sites need enhanced diligence). Keep one supplier diligence system; do not create TNFD-only questionnaires.,Yes,No,,Narrative,Narrative — supplier code of conduct requirements; ESG screening criteria in procurement; due diligence processes for business partners; exclusion/blacklisting procedures; CS3D alignment,ESRS G1 par. 12–17 (G1-2),Process-oriented and governance-precise. Describe supplier code of conduct minimum standards and audit rights. Explain ESG screening criteria in procurement decisions. Reference EU Corporate Sustainability Due Diligence Directive (CS3D) alignment. Describe blacklisting and contract termination procedures for non-compliant suppliers or business partners.,Triggered when Business Conduct topic is material; supplier governance typically always relevant.,Not Started,Limited Assurance,,No,,No,"TNFD: Supplier screening is framed as nature dependency/impact management; ESRS requires business conduct framing (due diligence, monitoring, relationship management).",,
ESRS-G1-3,Business Conduct — Prevention and detection of corruption and bribery,ESRS,G1,Governance,Business Conduct,Qualitative,No,Yes,"ESRS, Other","TNFD alignment: ESRS G1-3 (prevention/detection of corruption and bribery) intersects with TNFD where nature-related permitting, land acquisition, water abstraction rights, and protected-area operations create elevated corruption risk. Use TNFD priority locations/interface inventory to prioritise corruption risk assessments and controls in nature-sensitive jurisdictions and disclose how controls are applied.",TNFD does not add new data requirements. Use TNFD LEAP priority locations and permitting/land-use interface mapping to define which jurisdictions/activities are ‘nature-sensitive’ and therefore require enhanced anti-corruption controls and monitoring.,Yes,No,,Narrative,"Narrative of anti-corruption/anti-bribery risk assessment process, due diligence procedures, internal controls, training coverage (%), and detection mechanisms",ESRS G1 par. 15–18 (G1-3),"Procedural and controls-oriented. Describe the risk assessment process for corruption and bribery. Reference specific internal control procedures. Report training coverage as a percentage of relevant employees. Describe detection mechanisms (hotline, audit, review processes). Reference any third-party due diligence on business partners.",Triggered when Business Conduct topic is material; typically applicable where corruption risks exist.,Not Started,Limited Assurance,,No,,No,TNFD: Provides nature-sensitive hotspot focus; ESRS requires anti-corruption policy/control disclosure and monitoring.,,
ESRS-G1-4,Business Conduct — Confirmed incidents of corruption or bribery,ESRS,G1,Governance,Business Conduct,Quantitative,No,Yes,"ESRS, GRI, Other","TNFD alignment: ESRS G1-4 (confirmed incidents of corruption/bribery) is not TNFD-native, but TNFD can inform risk segmentation: incidents associated with nature-related permitting, land-use approvals, resource access, or protected-area operations should be tagged and analysed as ‘nature-sensitive’ conduct risks for governance learning and prevention. Disclose incident counts per ESRS; use TNFD only to strengthen root-cause analysis and control improvements.",No TNFD-specific dataset required. Extend the incident register taxonomy to include a ‘nature-sensitive interface’ tag derived from TNFD interface inventory (optional) to improve governance learning.,Yes,No,,Metric + Methodology,Number — confirmed corruption/bribery incidents in the reporting year; type of incident; actions taken; cases referred to law enforcement; contracts terminated due to corruption violations,ESRS G1 MDR-A (G1-4),"Factual and incident-specific. Report the number of confirmed incidents. State the nature of incidents at a category level (bribery, facilitation payments, fraud, conflict of interest). Describe corrective actions taken. Report referrals to law enforcement. Use neutral, legally careful language — avoid language that prejudges legal proceedings. If zero incidents, state explicitly (do not omit).",Triggered when incidents exist and Business Conduct topic is material.,Not Started,Limited Assurance,,Yes,By incident type (corruption / bribery) / by region / by outcome (dismissed / warned / legal action / settled),Yes,TNFD: Adds optional tagging for nature-sensitive corruption vectors; ESRS/GRI remain the disclosure format.,"ESRS: Number of incidents
GRI: Number — GRI 205-3 requires incident count by nature (confirmed bribery / legal proceedings) and outcome",4
ESRS-G1-5,Business Conduct — Political influence and lobbying activities,ESRS,G1,Governance,Business Conduct,Both,No,Yes,"ESRS, GRI, Other","TNFD alignment: ESRS G1-5 (political influence/lobbying) can incorporate TNFD where the undertaking engages on nature-related policy (biodiversity, land use, water regulation, nature markets). Use TNFD priority issues (from LEAP Assess/Prepare) to structure transparent disclosure of nature-related lobbying positions, trade association memberships, and alignment/misalignment risks.","If TNFD has a policy engagement register (issues, positions, memberships), reuse it as the nature module for G1-5 disclosures; avoid parallel registers.",Yes,No,,Mixed,"Narrative + € amount — description of lobbying activities, political donations (amount and recipient type), trade association memberships with material policy positions, and governance of political engagement",ESRS G1 par. 23–26 (G1-5),Transparent and disclosure-forward. Describe the nature and scope of lobbying activities. Report political donation amounts (even if zero — state explicitly). List trade associations where membership dues are used for lobbying. Reference the EU Transparency Register entry if applicable. Avoid vague statements — be specific about policy areas engaged on.,Triggered when the undertaking has political influence activities.,Not Started,Limited Assurance,,Yes,By type (political contributions / lobbying expenditure / trade association memberships / position by topic) / by country,Yes,TNFD: Adds nature-policy issue taxonomy; ESRS/GRI require lobbying disclosure format and governance controls.,"ESRS: EUR for financial amounts
GRI: Reporting currency — GRI 415-1 (political contributions)",3
ESRS-G1-6,Business Conduct — Payment practices,ESRS,G1,Governance,Business Conduct,Quantitative,No,Yes,"ESRS, Other","TNFD alignment: ESRS G1-6 (payment practices) has no direct TNFD equivalent. TNFD integration is indirect: where nature-related supply chains involve smallholders/IPLC-linked sourcing, fair payment practices and prompt payment can be described as enabling responsible nature stewardship and reducing social pressure that can drive unsustainable practices. Keep ESRS as the primary disclosure structure.","Do not create TNFD-specific payment practice data. Where relevant, reference nature-linked supplier segments in the narrative as context only.",Yes,No,,Metric + Methodology,Days — average payment period for trade payables; % of invoices paid within agreed terms; % paid beyond 30/60/90 days; description of any late payment disputes,ESRS G1 par. 27–30 (G1-6),"Quantitative and supplier-relationship aware. Report average payment period in days (separately for SME suppliers where feasible). State % of invoices paid within contractual terms. Reference compliance with EU Late Payment Directive. Flag any structural late payment practices and remediation. Be precise — this is a metric disclosure, not a narrative one.",Triggered when payment practices are relevant for disclosure.,Not Started,Limited Assurance,EU Late Payment Directive (2011/7/EU); Days Sales Outstanding (DSO) calculation,Yes,By payment category (overdue 30–60 days / 60–90 days / >90 days) / by size of counterparty (SME vs non-SME),Yes,TNFD: Context-only; ESRS remains primary format.,"ESRS: Days; %
GRI: % and amounts — no specific GRI payment practices disclosure",4
ESRS-MDR-A,MDR-A — Actions and resources adopted to manage material sustainability matters,ESRS,ESRS MDR,Cross-cutting,General Disclosures,Qualitative,No,Yes,"GRI, IFRS S1, TCFD","GRI 3-3 (Management of material topics — actions element). TCFD Risk Management pillar (actions to manage climate risks). IFRS S1 para. 21 (actions taken and planned). MDR-A satisfies the 'actions' component of GRI 3-3 for each material topic. A unified action log per topic, tagged to the relevant ESRS standard and GRI 3-3 section, serves all frameworks.","MDR-A is the universal actions template — reused across E1 through G1. GRI 3-3 actions element is functionally equivalent. One actions register per topic, tagged to GRI 3-3 and the relevant ESRS topical standard's action disclosure number (e.g. E1-3, S1-4), eliminates duplication.",Yes,No,,Narrative,"Action description template — action name, objective, scope, timeline, resources allocated (€ capex/opex), progress to date, governance owner. Applied per material topic where actions have been taken.",ESRS 2 par. 69–72 (MDR-A),"Action-oriented and evidence-based. For each material topic: describe specific actions taken (not just planned). Quantify resources allocated where possible (CapEx, OpEx). State timelines and milestones. Distinguish preventive from remedial actions. Avoid vague language — cite specific programmes, initiatives, or investments.","Triggered for each sustainability matter assessed as material where actions have been taken. MDR-A is a cross-cutting template applied within: E1-3, E2-2, E3-2, E4-3, E5-2, S1-4, S2-4, S3-4, S4-4. Per ESRS 1 par. 33, if no actions exist for a material topic, state this explicitly.",Not Started,Limited Assurance,,No,,No,"GRI: GRI 3-3d (actions taken, including resources allocated) for each material topic — brief action description per topic; integrate into each topic's management approach section
TCFD: Risk Management pillar actions — describe risk mitigation and adaptation actions for climate topics; frame around risk category and time horizon
IFRS S1: Para 25 (actions taken) — describe specific actions and their intended outcomes; no MDR template structure",,
ESRS-MDR-P,MDR-P — Policies adopted to manage material sustainability matters,ESRS,ESRS MDR,Cross-cutting,General Disclosures,Qualitative,No,Yes,"GRI, IFRS S1, TCFD",GRI 3-3 (Management of material topics — policy element). GRI 2-23 (Policy commitments). TCFD Strategy pillar (risk management policies). IFRS S1 para. 21 (sustainability-related policies). MDR-P satisfies the 'policy' element of GRI 3-3 management approach for each material topic. A single policy register with framework tags can serve all four simultaneously.,"MDR-P is the universal policy template in ESRS — reused identically across E1 through G1. GRI 3-3 policy element is functionally equivalent. One policy register per topic, tagged to GRI 3-3 and the relevant ESRS topical standard, eliminates duplication.",Yes,No,,Policy Statement,"Policy description template — name, scope, governance owner, alignment to standards/frameworks, coverage of value chain, date adopted/updated. Applied to each material topic with a policy.",ESRS 2 par. 65–68 (MDR-P),"Policy language. Factual and declarative. For each material topic: name the policy, state its scope (operations, value chain tiers), identify the governance owner, and reference relevant international standards (ILO, UNGP, ISO). If no policy exists for a material topic, state this explicitly and indicate intent or timeline.","Triggered for each sustainability matter assessed as material where a policy exists. MDR-P is a cross-cutting template applied within: E1-2, E2-1, E3-1, E4-2, E5-1, S1-1, S2-1, S3-1, S4-1, G1-1. Per ESRS 1 par. 33, if no policy exists, the undertaking must state this.",Not Started,Limited Assurance,,No,,No,"GRI: GRI 2-23 (policy commitments) + GRI 3-3c (management approach — policy element) — GRI requires board-level approval statement; add board approval statement for each policy
TCFD: Governance pillar — describe policies governing climate risk assessment and management
IFRS S1: Para 24 — describe policies adopted; investor focus; include scope and governance accountability",,
ESRS-MDR-T,MDR-T — Targets set to manage material sustainability matters and measure progress,ESRS,ESRS MDR,Cross-cutting,General Disclosures,Both,No,Yes,"GRI, IFRS S1, TCFD","GRI 3-3 (Management of material topics — targets element). TCFD Metrics & Targets pillar (targets used to manage climate risks). IFRS S1 para. 21 (targets to manage sustainability risks and opportunities). MDR-T satisfies the 'targets' component of GRI 3-3 for each material topic. A unified targets register, tagged per framework and topical standard, eliminates duplication.","MDR-T is the universal targets template — reused across E1 through G1. GRI 3-3 targets element is functionally equivalent. One targets register per topic, tagged to GRI 3-3 and the relevant ESRS topical standard (e.g. E1-4, S1-5), satisfies all frameworks.",Yes,No,,Metric + Methodology,"Target description template — target name, metric, base year, target year, current performance, % progress, governance owner, whether science-based, link to executive remuneration. Applied per material topic where targets have been set.",ESRS 2 par. 73–77 (MDR-T),"Precise and metrics-driven. For each material topic: state the target in quantitative terms (metric, base year, target year, current year value). Indicate whether the target is science-based or externally validated. State whether it is linked to executive remuneration. If no target exists, state this and indicate intent. Report progress against the target annually.","Triggered for each sustainability matter assessed as material where targets have been set. MDR-T is a cross-cutting template applied within: E1-4, E2-3, E3-3, E4-4, E5-3, S1-5, S2-5, S3-5, S4-5. Per ESRS 1 par. 33, if no targets exist, state this explicitly.",Not Started,Limited Assurance,,Yes,By topic / by target type (absolute / intensity / qualitative) / by time horizon,Yes,"GRI: GRI 3-3e (targets and performance against targets) — tabular format with target, baseline, current performance, and assessment of progress
TCFD: Metrics & Targets pillar — present climate-specific targets in tabular form with metric type, base year, target year, current value, % progress
IFRS S1: Para 26 — state each target, its metric, base year, target year, and whether validated/science-based",,4
ESRS-S1-1,Own Workforce — Policies related to own workforce,ESRS,S1,Social,Own Workforce,Qualitative,No,Yes,"ESRS, Other","TNFD alignment: ESRS S1-1 (own workforce policies) is not TNFD-native. TNFD contributes only indirectly where nature strategy and LEAP implementation affects workforce policies (skills, H&S for field operations, engagement for land/water management activities). Use TNFD governance/change-management artifacts to show how nature-related roles and responsibilities are embedded, but rely on ESRS/HR policy frameworks as the primary source.","No TNFD-specific workforce policy dataset required. Maintain a standard HR policy register for S1-1; reference TNFD only when nature-related operational roles introduce additional policy needs (field safety, stakeholder engagement training).",Yes,Yes,"Undertakings ≤750 employees may omit all S1 DPs for Year 1 [Appendix C of ESRS 1, Column K]",Policy Statement,"Policy descriptions covering labour rights, working conditions, health and safety, equal treatment, freedom of association, and whistleblowing",ESRS S1 MDR-P (S1-1),"Policy language grounded in international labour standards. Reference ILO Core Conventions, UN Guiding Principles, and applicable EU Directives (Working Time, Equal Treatment, H&S). Name specific policies (code of conduct, H&S policy, DEI policy). State scope, governance ownership, and adoption date. Include whistleblowing/speak-up mechanism reference.",Triggered when Own Workforce topic is material and policies exist; disclose absence where required.,Not Started,Limited Assurance,,No,,No,TNFD: Internal governance for nature programs; ESRS requires MDR-P policy disclosure for workforce topics.,,
ESRS-S1-2,Own Workforce — Processes for engaging with own workforce and workers' representatives,ESRS,S1,Social,Own Workforce,Qualitative,No,Yes,"ESRS, Other","TNFD alignment: ESRS S1-2 (engagement with own workforce) is not TNFD-native, but TNFD LEAP’s emphasis on cross-functional analyst teams and iterative assessment implies strong internal engagement, training, and consultation processes. Where nature-related strategy affects workforce (site operations, land/water management, transition plans), reuse TNFD internal governance and change-management artifacts (training plans, roles, internal workshops) as partial evidence for S1-2.",No TNFD-specific workforce engagement dataset required. Reuse standard HR engagement mechanisms; reference TNFD only where internal LEAP governance created specific workforce training/engagement programs.,Yes,Yes,Year 1 exemption for undertakings ≤750 employees,Narrative,Narrative — formal and informal workforce engagement channels; collective bargaining structures; frequency and methods; how workforce feedback is incorporated into management and board-level decision-making,ESRS S1 par. 25–29 (S1-2),"Process-oriented and stakeholder-inclusive. Describe formal engagement channels (trade unions, works councils, employee surveys, town halls) and informal channels. State % of workforce covered by formal engagement mechanisms. Explain how workforce views are escalated to management and board. Reference ILO standards on freedom of association where applicable.",Triggered when Own Workforce topic is material.,Not Started,,,No,,No,TNFD: internal team/iteration emphasis; ESRS requires formal workforce engagement disclosure.,,
ESRS-S1-3,Own Workforce — Processes to remediate negative impacts and channels for raising concerns,ESRS,S1,Social,Own Workforce,Qualitative,No,Yes,"ESRS, Other","TNFD alignment: ESRS S1-3 (remediation/channels) is not TNFD-native. TNFD’s UNGP-aligned engagement guidance can be reused at the process level: embed consistent grievance mechanism design principles (accessibility, non-retaliation, escalation, remedy) across all stakeholder groups, including employees. Use TNFD due diligence discipline to strengthen documentation quality; ESRS requires workforce-specific channels and outcomes.","Reuse one UNGP-aligned grievance mechanism framework across workforce + IPLCs/communities; TNFD provides structure, ESRS S1-3 requires workforce-specific channel disclosure.",Yes,Yes,Year 1 exemption for ≤750 employees,Narrative,"Narrative — grievance mechanism design per UNGP effectiveness criteria; remediation processes for work-related harms; speak-up/ethics hotline usage statistics where disclosed; number of grievances received, investigated, resolved",ESRS S1 par. 30–33 (S1-3),"Process-oriented and rights-aligned. Describe grievance mechanism design per UNGP effectiveness criteria (legitimate, accessible, predictable, equitable, transparent, rights-compatible). Reference non-retaliation protections explicitly. State number of grievances received, investigated, and resolved where disclosed.",Triggered when Own Workforce topic is material and impacts exist.,Not Started,,,No,,No,TNFD: due diligence discipline; ESRS requires explicit worker grievance/remedy disclosure.,,
ESRS-S1-4,Own Workforce — Taking action on material negative impacts and managing workforce-related risks,ESRS,S1,Social,Own Workforce,Qualitative,No,Yes,"ESRS, Other","TNFD alignment: ESRS S1-4 (actions) can intersect with TNFD where workforce actions are required to deliver nature-related risk management (e.g., training for site biodiversity/water management, resourcing LEAP teams, field protocols). TNFD provides internal capability-building rationale; ESRS requires workforce impact remediation and risk management actions.","Do not create TNFD-specific workforce action registers. Where relevant, tag nature-programme capacity-building actions in the existing workforce action register and reuse across ESRS and TNFD governance narratives.",Yes,Yes,Year 1 exemption for ≤750 employees,Narrative,"Narrative — workforce programmes and investments (H&S, training, equal pay, wellbeing, inclusion); CapEx/OpEx allocated; timelines; governance owner; distinction between preventive and remedial actions",ESRS S1 MDR-A (S1-4),"Action-oriented and evidence-based. Describe specific workforce programmes and investments. Quantify resources allocated. Distinguish preventive actions (training, policy enforcement) from remedial actions (incident response, compensation). Reference any external workforce standards adopted (ILO conventions, living wage certification, ISO 45001).",Triggered when Own Workforce topic is material and actions exist.,Not Started,,,No,,No,TNFD: capability-building actions for LEAP; ESRS requires S1-4 workforce impact management action disclosure.,,
ESRS-S1-5,Own Workforce — Targets related to managing material negative impacts on own workers,ESRS,S1,Social,Own Workforce,Both,No,Yes,"ESRS, Other","TNFD alignment: ESRS S1-5 (targets) is not TNFD-native. TNFD only contributes where internal capability targets are set to deliver nature-related governance (e.g., % relevant staff trained on LEAP, % sites with biodiversity/water competent teams). Use TNFD governance discipline for defining these internal targets, but ESRS remains the disclosure frame.",No TNFD-specific dataset required. Use the standard HR target register; include nature-programme training/capability targets only if they are material to workforce impacts or governance commitments.,Yes,Yes,Undertakings ≤750 employees may omit S1 DPs including S1-5 in Year 1 [Appendix C of ESRS 1],Metric + Methodology,"Targets: type (H&S, pay gap reduction, diversity, turnover), base year, target year, metric (TRIR rate, % pay gap, % representation), progress to date",ESRS S1 MDR-T (S1-5),"Precise and commitment-oriented. State targets in quantitative terms. Reference any science-based or externally validated targets (e.g. WEPs targets, IWBI WELL certification targets). Pair with current-year performance metric. Distinguish targets for operations vs. value chain. Note if targets are linked to executive remuneration.",Triggered when Own Workforce topic is material and targets exist; disclose absence where required.,Not Started,,,No,,No,TNFD: internal capability targets may be tracked; ESRS requires workforce impact target disclosure with baseline and progress.,,
ESRS-S1-6,Own Workforce — Characteristics of the undertaking's employees,ESRS,S1,Social,Own Workforce,Quantitative,No,Yes,"BRSR, GRI","GRI 2-7 (Employees — headcount by gender, employment type, contract type, region). GRI 401-1 (New employee hires and employee turnover). BRSR Principle 3 (employee details). GRI 2-7 is the direct crossmap — structurally near-identical to S1-6. Companies with GRI 2-7 reporting satisfy S1-6 core metrics. BRSR also requires similar workforce demographics.",GRI 2-7 is the canonical source. S1-6 and GRI 2-7 collect the same data with minor structural differences. Ensure gender disaggregation covers all three categories (male/female/other) to satisfy ESRS — GRI 2-7 often only requires male/female.,Yes,Yes,"Undertakings ≤750 employees may omit S1-6 in Year 1 [Column L, Appendix C of ESRS 1]",Tabular Data,"Headcount — total employees, by gender (male/female/other), by contract type (permanent/temporary), by employment type (full-time/part-time), by region/country, employee turnover rate",ESRS S1 par. 50–55 (S1-6),"Quantitative and HR-data accurate. Report as of reporting date (headcount, not FTE). Break down by gender, contract type, and employment type at minimum. Geographic breakdown by region is required. State headcount methodology and any consolidation boundary differences from financial reporting.",Triggered when own workforce is assessed as material. Disclose employee headcount characteristics. Phased-in for ≤750 employees in Year 1.,Not Started,,,No,,No,,,
ESRS-S1-7,Own Workforce — Characteristics of non-employee workers in the undertaking's own workforce,ESRS,S1,Social,Own Workforce,Quantitative,No,Yes,GRI,"GRI 2-8 (Workers who are not employees — total number, breakdown by type, working location). GRI 2-8 is near-identical to S1-7 in definition and structure. Collect once to GRI 2-8 standard; reformat for ESRS.",GRI 2-8 and ESRS S1-7 are functionally equivalent for non-employee worker headcount. Single data collection satisfies both.,Yes,Yes,Year 1 exemption for ≤750 employees,Tabular Data,"Headcount or FTE — total non-employee workers (contractors, agency workers, freelancers) by type; primary working location; methodology and data limitations acknowledged",ESRS S1 par. 54–57 (S1-7),"Quantitative with data limitation transparency. Report number of non-employee workers. Distinguish contract types (self-employed, agency workers, other). State primary work location. Acknowledge data limitations — non-employee headcount is often held by agencies and may require estimation. State methodology used.",Triggered when own workforce is material. Phased-in for ≤750 employees Year 1.,Not Started,,,No,,No,,,
ESRS-S1-8,Own Workforce — Collective bargaining coverage and social dialogue,ESRS,S1,Social,Own Workforce,Quantitative,No,Yes,GRI,"GRI 2-30 (Collective bargaining agreements — % of employees covered, by region). GRI 403-4 (Worker participation and consultation — H&S committee coverage). GRI 2-30 collective bargaining coverage % directly satisfies the core metric in S1-8.",GRI 2-30 and ESRS S1-8 are functionally equivalent for collective bargaining coverage. GRI 2-30 data directly satisfies S1-8 core metric. GRI 403-4 adds the H&S committee coverage dimension.,Yes,Yes,Year 1 exemption for ≤750 employees,Metric + Methodology,"% of total employees covered by collective bargaining agreements; by country/region; type of representation (trade union, works council, joint committee); % covered by H&S committees",ESRS S1 par. 58–62 (S1-8),"Quantitative and jurisdictionally specific. Report collective bargaining coverage as % by country. Distinguish types of worker representation (certified trade unions, works councils, European Works Council). Disclose whether non-employees are covered. Reference applicable national labour law frameworks.",Triggered when own workforce is material. Phased-in for ≤750 employees Year 1.,Not Started,,,No,,No,,,
ESRS-S1-9,Own Workforce — Diversity metrics (gender diversity in governance and workforce),ESRS,S1,Social,Own Workforce,Quantitative,No,Yes,"BRSR, GRI","GRI 405-1 (Diversity of governance bodies and employees — gender, age, minority groups). BRSR Principle 3 (gender diversity by category). GRI 405-1 is the direct crossmap — covers gender and age diversity by governance level. GRI 405-1 reporters satisfy S1-9 core metrics with the addition of the three-tier governance breakdown required by ESRS.",GRI 405-1 is structurally equivalent. Key ESRS addition: explicit board/senior management/total workforce three-tier breakdown. EU Gender Balance on Boards Directive (applicable to large listed companies) introduces a formal target that can be referenced in this disclosure.,Yes,Yes,"Undertakings ≤750 employees may omit S1-9 in Year 1 [Column L, Appendix C of ESRS 1]",Tabular Data,"% — gender diversity by governance level (board, senior management, total workforce), age group distribution (under 30, 30–50, over 50), disability disclosure rate where available",ESRS S1 par. 64–66 (S1-9),Quantitative and structured by category. Report percentages by governance level and age band. Reference any diversity targets set under EU Gender Balance on Boards Directive where applicable. State data collection methodology for disability metrics (voluntary self-identification rate). Avoid binary-only gender reporting where systems allow three-category capture.,Triggered when own workforce is assessed as material. Disclose diversity metrics for gender and age across governance levels. Phased-in for ≤750 employees in Year 1.,Not Started,,,No,,No,,,
ESRS-S1-10,Own Workforce — Adequate wages,ESRS,S1,Social,Own Workforce,Quantitative,No,Yes,"ESRS, Other",TNFD alignment: ESRS S1-10 (adequate wages) is not TNFD-native. TNFD can only be used as contextual risk lens where nature-related supply chains and remote operations influence wage adequacy risk. Keep ESRS/ILO framing primary; TNFD adds no new wage metric requirements.,No TNFD-specific wage dataset required. Collect once via HR compensation systems; optionally segment by nature-linked operations if material for risk management.,Yes,Yes,Column L: significant phased-in provisions; deferral available per Appendix C of ESRS 1,Metric + Methodology,% of employees earning below adequate wage benchmark; comparison of lowest wage to applicable living wage benchmarks by country; whether a living wage commitment has been adopted and timeline,ESRS S1 par. 67–70 (S1-10),Quantitative and jurisdictionally specific. Compare lowest wages to national living wage benchmarks (Anker methodology or equivalent) and statutory minimum wage by country. State % of employees below adequate wage threshold. Disclose whether a living wage commitment has been made and the timeline for achieving it.,Triggered when Own Workforce topic is material.,Not Started,Limited Assurance,EU Adequate Minimum Wage Directive (2022/2041); national minimum wage benchmarks per operating country,Yes,By country / by employee category / by gender,Yes,TNFD: context-only; ESRS remains primary disclosure format.,"ESRS: % of employees; EUR or local currency ratio
GRI: % — GRI 202-1 (ratios of standard entry level wage by gender compared to local minimum wage)",3
ESRS-S1-11,Own Workforce — Social protection,ESRS,S1,Social,Own Workforce,Quantitative,No,Yes,"ESRS, Other",TNFD alignment: ESRS S1-11 (social protection) is not TNFD-native. TNFD only intersects indirectly where nature-related field operations rely on contractors/seasonal labour and require robust protections. Treat as standard HR disclosure; reference TNFD only if nature programme changes workforce composition materially.,No TNFD-specific dataset required; collect via HR/payroll systems. Use TNFD only as contextual note where nature-related operating model changes workforce risk profile.,Yes,Yes,Column L: phased-in per Appendix C of ESRS 1,Tabular Data,"% of employees covered by social protection by category (sickness, unemployment, work injury, parental leave, old-age/pension); statutory vs. company-provided; by country",ESRS S1 par. 71–74 (S1-11),"Quantitative and jurisdictionally precise. Report coverage by social protection category. Distinguish statutory coverage from voluntary company-provided coverage (private health, occupational pension, income protection). Report by country for multinationals. State gaps in coverage by category or geography.",Triggered when Own Workforce topic is material.,Not Started,Limited Assurance,ILO Social Protection Floor Recommendation No. 202,Yes,By social protection type (health / unemployment / disability / pension / parental leave) / by country / by employment category,Yes,TNFD: context-only; ESRS remains primary disclosure format.,"ESRS: % of employees
GRI: % — GRI 401-2 (benefits provided to full-time employees not provided to temporary or part-time employees)",4
ESRS-S1-12,Own Workforce — Persons with disabilities,ESRS,S1,Social,Own Workforce,Quantitative,No,Yes,,"No direct equivalent in GRI, CDP, TCFD, or IFRS S1/S2. GRI 405-1 mentions 'other indicators of diversity' as optional but does not specifically require disability disclosure. ESRS S1-12 is ESRS-specific. The UN Convention on the Rights of Persons with Disabilities (CRPD) and applicable national disability legislation provide the reference framework.",ESRS-specific — no direct crossmap with any major ESG framework. This is a gap disclosure for companies reporting GRI 405-1. S1-12 requires dedicated data collection infrastructure not covered by any existing voluntary framework standard.,Yes,Yes,Column L: phased-in per Appendix C of ESRS 1,Metric + Methodology,% and headcount of employees with disclosed disabilities; by country where legally permissible; accommodation measures in place; methodology and data collection constraints documented,ESRS S1 par. 75–78 (S1-12),"Quantitative with sensitivity to data collection constraints. Acknowledge jurisdiction-specific limitations (GDPR, local data protection). Describe reasonable accommodation measures. Note voluntary self-identification approach where used. State whether data is based on self-declaration or HR system records.",Triggered when own workforce is material. Phased-in per Appendix C.,Not Started,Limited Assurance,UN Convention on the Rights of Persons with Disabilities definitions,Yes,By region / by employee category,Yes,,,2
ESRS-S1-13,Own Workforce — Training and skills development metrics,ESRS,S1,Social,Own Workforce,Quantitative,No,Yes,GRI,GRI 404-1 (Average hours of training per year per employee by gender and employee category). GRI 404-3 (Percentage of employees receiving regular performance and career development reviews). GRI 404-1 and 404-3 directly satisfy the core metrics in S1-13. Collect once to GRI 404 standard; reformat for ESRS.,GRI 404-1 and 404-3 are functionally equivalent to S1-13 core metrics. Single data collection satisfies both. Key ESRS addition: reskilling/skills transition metric not required by GRI 404 standard.,Yes,Yes,Year 1 exemption for ≤750 employees; Column L additional phased-in sub-elements,Tabular Data,Average training hours per employee per year by gender and employee category; % employees in regular performance and career development reviews; % accessing reskilling/upskilling programmes,ESRS S1 par. 79–83 (S1-13),Quantitative and category-specific. Report training hours by gender and employee category. Distinguish formal training from on-the-job learning. Report performance review participation %. Include skills transition data (reskilling/upskilling programme coverage). Reference any digital or green skills transition programmes.,Triggered when own workforce is material. Phased-in for ≤750 employees Year 1.,Not Started,Limited Assurance,Training hours per FTE as per ILO definitions,Yes,By employee category / by gender / by training type (technical / leadership / compliance / sustainability),Yes,GRI: GRI 404-1 + GRI 404-3 — ESRS combines these into one DP; GRI treats as separate disclosures; GRI 404-1 = average hours; GRI 404-3 = % receiving regular performance and career development reviews,"ESRS: Hours per employee; %
GRI: Hours — GRI 404-1 (average hours of training per year per employee) by gender and employee category",4
ESRS-S1-14,Own Workforce — Health and safety metrics,ESRS,S1,Social,Own Workforce,Quantitative,No,Yes,GRI,"GRI 403-9 (Work-related injuries — rates, fatalities, lost day rate). GRI 403-10 (Work-related ill health — cases of recordable ill health). GRI 403-9 and 403-10 are near-identical to ESRS S1-14 — same ILO-based metrics, same structure. One of the strongest 1:1 crossmaps in S1.",GRI 403-9/10 and ESRS S1-14 are functionally equivalent. Single data collection covers both entirely. Ensure non-employee worker disaggregation is captured — required by both GRI 403 and ESRS S1-14.,Yes,Yes,Year 1 exemption for ≤750 employees; Column L additional phased-in sub-elements,Tabular Data,"Lost Time Injury Rate (LTIR), Recordable Injury Rate, Lost Days Rate, work-related fatalities, occupational disease rate; disaggregated by employees and non-employee workers",ESRS S1 par. 84–92 (S1-14),Quantitative and statistically rigorous. Report using standard ILO/OSHA definitions. Disaggregate by employee and non-employee workers. State rate base (per 1 million hours worked — specify). Include fatalities separately. Report occupational disease incidence where tracked. State boundary (management control vs. equity share).,Triggered when own workforce is material. Phased-in for ≤750 employees Year 1.,Not Started,,,No,,No,,,
ESRS-S1-15,Own Workforce — Work-life balance metrics,ESRS,S1,Social,Own Workforce,Quantitative,No,Yes,GRI,"GRI 401-3 (Parental leave — % entitled, return-to-work rate, retention rate, by gender). GRI 401-3 parental leave data directly satisfies the parental leave component of S1-15. ESRS S1-15 adds flexible/remote working arrangement data not covered by GRI 401-3.",GRI 401-3 is the primary crossmap for the parental leave element. Flexible working metrics are ESRS-specific — no direct GRI equivalent. Collect GRI 401-3 data plus additional flexible/remote working data for full S1-15 coverage.,Yes,Yes,Year 1 exemption for ≤750 employees; Column L additional phased-in sub-elements,Tabular Data,% employees entitled to parental leave; % taking parental leave; return-to-work rate after parental leave — by gender; flexible/remote working availability and uptake rates,ESRS S1 par. 93–96 (S1-15),"Quantitative and gender-disaggregated. Report parental leave entitlement, take-up rate, and return-to-work rate by gender. Include flexible and remote working availability and uptake rates. Reference national parental leave legislation baseline. Note any enhanced company provisions above statutory minimum.",Triggered when own workforce is material. Phased-in for ≤750 employees Year 1.,Not Started,,,No,,No,,,
ESRS-S1-16,Own Workforce — Remuneration metrics (pay gap and total remuneration),ESRS,S1,Social,Own Workforce,Quantitative,No,Yes,GRI,GRI 2-21 (Annual total compensation ratio — CEO pay ratio). GRI 405-2 (Ratio of basic salary and remuneration of women to men — pay gap). GRI 2-21 and 405-2 directly map to S1-16. Pay gap (GRI 405-2) and CEO pay ratio (GRI 2-21) together satisfy the core S1-16 requirements. EU Pay Transparency Directive (effective 2026) will standardize pay gap methodology across EU.,GRI 2-21 (CEO pay ratio) and GRI 405-2 (gender pay gap) together constitute S1-16. Most companies not yet disclosing these will need to build HR analytics capability. EU Pay Transparency Directive will mandate pay gap reporting independently — align S1-16 methodology with Directive requirements.,Yes,Yes,Column L: pay gap and pay ratio sub-elements subject to phased-in per Appendix C of ESRS 1,Metric + Methodology,"% — gender pay gap (mean and median), CEO pay ratio (CEO total remuneration vs. median employee), total remuneration components by category where applicable",ESRS S1 par. 97–101 (S1-16),"Quantitative and methodology-explicit. Report gender pay gap as both mean and median. State calculation methodology (equal pay for equal work vs. overall gender pay gap). Reference EU Pay Transparency Directive alignment. CEO pay ratio must state the denominator (median total compensation of all employees, excluding CEO). Flag any restatements from prior year.",Triggered when own workforce is assessed as material. Phased-in — gender pay gap may be omitted in early years where HR data systems do not support it. CEO pay ratio increasingly required. ≤750 employees undertakings may omit in Year 1.,Not Started,,,No,,No,,,
ESRS-S1-17,"Own Workforce — Incidents, complaints and severe human rights impacts concerning own workforce",ESRS,S1,Social,Own Workforce,Both,No,Yes,"ESRS, Other","TNFD alignment: ESRS S1-17 (incidents/complaints/severe human rights impacts for own workforce) is not TNFD-native. TNFD can be used only to contextualise incident risk where nature-related field operations increase H&S or rights risks (remote sites, contractor-heavy work). Keep ESRS as the primary incident disclosure; TNFD adds optional segmentation by nature-related operations for management learning.",No TNFD-specific incident dataset required. Optionally tag incidents linked to nature-related field operations to support integrated risk learning across TNFD and ESRS governance.,Yes,Yes,Year 1 exemption for ≤750 employees; Column L additional phased-in sub-elements,Metric + Methodology,"Number of work-related incidents and complaints by type (discrimination, harassment, H&S, wage theft, forced labour); number received/investigated/resolved; legal actions filed; severe human rights violations identified",ESRS S1 par. 102–106 (S1-17),"Factual and legally precise. Report confirmed incidents only. State number received, investigated, resolved, and outstanding. Distinguish H&S incidents (also in S1-14) from human rights violations specifically. Reference legal proceedings with neutral language. Avoid admissions of liability.",Triggered when incidents exist and Own Workforce topic is material.,Not Started,,,No,,No,TNFD: optional context tagging; ESRS requires incident metrics and remediation narrative.,,
ESRS-S2-1,Value Chain Workers — Policies related to value chain workers,ESRS,S2,Social,Value Chain Workers,Qualitative,No,Yes,"ESRS, Other","TNFD alignment: ESRS S2-1 (policies for value chain workers) can incorporate TNFD due diligence discipline where nature-related supply chain hotspots create labour risk (e.g., high-risk commodities from biodiversity-sensitive areas, water-stressed regions). Use TNFD hotspot mapping to prioritise supplier labour policies, responsible sourcing policies, and audit scope; disclose in ESRS worker-rights policy framing.","Reuse one responsible sourcing policy and supplier code of conduct that covers both nature and labour risks; TNFD provides prioritisation (where to focus), ESRS S2-1 provides the worker-rights disclosure framing.",Yes,Yes,"Undertakings ≤750 employees may omit all S2 DPs for first 2 years [Appendix C of ESRS 1, Column K]",Policy Statement,"Policy descriptions covering due diligence on labour rights in supply chain, supplier codes of conduct, and remediation commitments",ESRS S2 MDR-P (S2-1),Policy language aligned with UN Guiding Principles (UNGP) and OECD Guidelines. Reference the company's supply chain due diligence policy and supplier code of conduct. State coverage (tier 1 vs. multi-tier) and enforcement mechanisms. Reference EU Corporate Sustainability Due Diligence Directive (CSDDD) alignment where applicable.,Triggered when Value Chain Workers topic is material and policies exist; disclose absence where required.,Not Started,,,No,,No,TNFD: Nature hotspot framing; ESRS: labour-rights policy disclosure for value chain workers.,,
ESRS-S2-2,Value Chain Workers — Processes for engaging with value chain workers about impacts,ESRS,S2,Social,Value Chain Workers,Qualitative,No,Yes,"ESRS, Other","TNFD alignment: ESRS S2-2 (engagement with value chain workers) can reuse TNFD LEAP engagement guidance where nature-related value chain risks (e.g., deforestation-linked commodities, water-stressed sourcing regions) create worker impacts and require consultation. Use TNFD stakeholder engagement methods as a template; ESRS requires worker-rights framing and value chain labour context.","If TNFD engagement covered suppliers/communities, adapt the engagement evidence pack to include worker representatives and labour-rights channels; avoid duplicating engagement programmes.",Yes,Yes,Years 1–2 for ≤750 employees,Narrative,Narrative — engagement approaches (direct vs. proxies); methodologies for capturing worker perspectives; consultation with unions/NGOs/ombudspersons; how input influences supply chain management decisions,ESRS S2 par. 18–22 (S2-2),"Process-oriented and rights-aligned. Describe how value chain workers' views are sought — directly (where accessible) or via legitimate proxies (NGOs, trade union federations, ombudspersons). Acknowledge barriers to direct engagement. Reference UNGP stakeholder engagement criteria. State whether engagement is verified by independent third parties.",Triggered when Value Chain Workers topic is material.,Not Started,,,No,,No,"TNFD: Engagement focuses on IPLCs/affected stakeholders; ESRS S2-2 requires value chain worker engagement specifics (channels, frequency, topics, integration into decisions).",,
ESRS-S2-3,Value Chain Workers — Processes to remediate negative impacts and channels to raise concerns,ESRS,S2,Social,Value Chain Workers,Qualitative,No,Yes,"ESRS, Other","TNFD alignment: ESRS S2-3 (remediation/channels for value chain workers) can reuse TNFD/UNGP-aligned due diligence approach by documenting worker grievance mechanisms accessible to supplier workers, escalation paths, and remediation outcomes—especially in nature-linked supply chains where community and labour impacts co-occur. TNFD provides process discipline; ESRS requires worker-specific channel disclosure.","Reuse the same grievance mechanism architecture used for TNFD stakeholder engagement, but add worker-specific accessibility (language, anonymity, retaliation protection) for value chain workers.",Yes,Yes,Years 1–2 for ≤750 employees,Narrative,Narrative — grievance mechanism accessibility for value chain workers; supplier corrective action plan process; remediation processes; number of supply chain grievances received and resolved where disclosed,ESRS S2 par. 23–27 (S2-3),Process-oriented and accessibility-focused. Describe grievance mechanisms accessible to workers employed by suppliers — not just company's own mechanism. Reference UNGP effectiveness criteria. State whether workers can raise concerns without risk of reprisal. Include third-party grievance hotline where used.,Triggered when Value Chain Workers topic is material and impacts exist; phased-in may apply.,Not Started,,,No,,No,TNFD: engagement/due diligence; ESRS requires explicit worker grievance channels and remediation disclosure.,,
ESRS-S2-4,Value Chain Workers — Actions related to material impacts on value chain workers,ESRS,S2,Social,Value Chain Workers,Qualitative,No,Yes,"ESRS, Other","TNFD alignment: ESRS S2-4 (actions) can use TNFD LEAP outputs to prioritise supply chain locations where both nature impacts and labour risks are high (e.g., deforestation-linked sourcing regions). Use a unified supplier improvement plan (audits, corrective action plans, capacity building, living wage programmes) and disclose actions/resources in ESRS format.","Maintain one supplier action register; TNFD provides hotspot prioritisation, ESRS provides labour impact action disclosure structure.",Yes,Yes,Undertakings ≤750 employees may omit S2 DPs for first 2 years [Appendix C of ESRS 1],Narrative,"Narrative describing remediation actions, supplier capacity-building programmes, and audit outcomes for material labour rights impacts in the value chain",ESRS S2 MDR-A (S2-4),"Action-oriented and impact-specific. Describe concrete remediation steps taken for identified material impacts. Reference supplier audit results, corrective action plan completion rates, and capacity-building initiatives. Distinguish between actions taken by the undertaking vs. by suppliers. Reference UNGP remedy framework if applicable.",Triggered when Value Chain Workers topic is material and actions exist.,Not Started,,,No,,No,TNFD: actions framed as nature-risk response in value chain; ESRS requires value chain worker impact remediation actions.,,
ESRS-S2-5,Value Chain Workers — Targets related to managing material negative impacts on value chain workers,ESRS,S2,Social,Value Chain Workers,Both,No,Yes,"ESRS, Other","TNFD alignment: ESRS S2-5 (targets) can reuse TNFD metrics/targets discipline for supplier programme KPIs where nature-linked value chains are in scope (e.g., % high-risk suppliers covered by audits, % corrective actions closed, grievance resolution time). TNFD supplies prioritisation and governance for target-setting; ESRS requires baseline, timeline, and progress disclosure.","Reuse the same target register format as TNFD (baseline, target year, progress) and ensure ESRS-required disclosures are explicit for worker outcomes and supplier coverage.",Yes,Yes,Years 1–2 for ≤750 employees,Metric + Methodology,"Supply chain labour targets — metric (% suppliers audited, % corrective action closure rate, living wage coverage in tier 1), base year, target year, external standard commitment (SA8000, amfori BSCI, Sedex)",ESRS S2 MDR-T (S2-5),"Precise and time-bound. State targets with specific metrics, base year, and target year. Include accountability. Reference supply chain standards committed to. Pair each target with current-year progress metric. State whether targets are linked to procurement decisions.",Triggered when Value Chain Workers topic is material and targets exist; disclose absence where required.,Not Started,,,No,,No,TNFD: targets may be framed as programme KPIs; ESRS requires worker-impact target framing and disclosure.,,
ESRS-S3-1,Affected Communities — Policies related to affected communities,ESRS,S3,Social,Affected Communities,Qualitative,No,Yes,"ESRS, Other","TNFD alignment: ESRS S3-1 (policies for affected communities) can reuse TNFD LEAP guidance on meaningful engagement and due diligence (UNGP-aligned), especially where nature-related impacts (land use change, water access/quality impacts, biodiversity offsets) affect communities and IPLCs. Use TNFD governance and engagement artifacts (policy register, FPIC commitments, benefit-sharing policies) and render into ESRS MDR-P structure for affected communities.","If TNFD already has policies on IPLC engagement/FPIC, land access, resettlement avoidance, and benefit sharing for nature-related projects, reuse them as the policy source-of-truth for S3-1; add ESRS-required structure and gap disclosure where no policy exists for a material impact.",Yes,Yes,"Undertakings ≤750 employees may omit all S3 DPs for first 2 years [Appendix C of ESRS 1, Column K]",Policy Statement,"Policy descriptions covering community engagement, free prior and informed consent (FPIC), land rights, and human rights due diligence for affected communities",ESRS S3 MDR-P (S3-1),Policy language grounded in UNGP and IFC Performance Standards. Reference FPIC commitments for indigenous peoples where applicable. Name community engagement and grievance mechanism policies. State scope (which operations/geographies) and governance ownership. Reference any social impact assessment (SIA) commitments.,Triggered when Affected Communities topic is material and policies exist; disclose absence where required.,Not Started,,,No,,No,"TNFD: Policies may be embedded in engagement/due diligence guidance; ESRS requires explicit policy disclosure for affected communities with MDR-P-style elements (scope, commitments, implementation, monitoring).",,
ESRS-S3-2,Affected Communities — Processes for engaging with affected communities about impacts,ESRS,S3,Social,Affected Communities,Qualitative,No,Yes,"ESRS, Other","TNFD alignment: ESRS S3-2 (engagement with affected communities) is strongly supported by TNFD guidance on engagement with Indigenous Peoples, Local Communities (IPLCs) and affected stakeholders during LEAP. Reuse TNFD engagement plans, FPIC processes where applicable, grievance inputs, and documentation of how community views informed impact/risk assessment and response planning. Key delta: ESRS requires social-topic framing and material impact focus; TNFD provides a nature-linked engagement methodology and evidence pack.","If LEAP engagement work exists, reuse it as the core evidence for S3-2 for nature-linked affected communities; broaden only where additional social impacts exist beyond nature interfaces.",Yes,Yes,Years 1–2 for ≤750 employees,Narrative,"Narrative — community engagement methods (consultations, ESIAs, liaison offices, participatory mapping); FPIC processes for indigenous communities; frequency and accessibility of engagement",ESRS S3 par. 18–22 (S3-2),"Place-specific and rights-aligned. Describe community engagement methods at site or regional level. For indigenous and local communities, describe FPIC processes explicitly referencing UNDRIP. Identify community engagement officers/mechanisms. State how engagement findings are incorporated into site-level decisions.",Triggered when Affected Communities topic is material; engagement processes are expected where impacts exist.,Not Started,,,No,,No,"TNFD: Engagement is embedded in LEAP and due diligence; ESRS S3-2 requires structured disclosure of engagement methods, stakeholder groups, and how views influenced decisions.",,
ESRS-S3-3,Affected Communities — Processes to remediate negative impacts and channels to raise concerns,ESRS,S3,Social,Affected Communities,Qualitative,No,Yes,"ESRS, Other","TNFD alignment: ESRS S3-3 (remediation and channels for raising concerns) can reuse TNFD engagement and due diligence guidance (linked to UNGP) by documenting grievance mechanisms, remediation pathways, escalation, and outcomes for communities affected by nature-related issues (land use change, water impacts, biodiversity impacts). TNFD supports the evidence approach; ESRS requires structured social remediation disclosure.",Reuse the same grievance mechanism and remediation workflow documentation used for TNFD/UNGP-aligned due diligence as the basis for S3-3; ensure community-specific accessibility is documented.,Yes,Yes,Years 1–2 for ≤750 employees,Narrative,"Narrative — community grievance mechanism accessibility (local language, in-person, digital); remediation processes for community-level harms; number and type of community grievances received and resolved",ESRS S3 par. 23–27 (S3-3),"Process-oriented and accessibility-focused. Describe community grievance mechanism accessibility in local language, physical format, and for non-literate community members. Reference UNGP effectiveness criteria. State number of community grievances received and resolved. Include third-party mechanism (ombudsman, independent mediator) where used.",Triggered when Affected Communities topic is material and impacts exist; disclose channels regardless where relevant.,Not Started,,,No,,No,"TNFD: Focus on meaningful engagement and due diligence; ESRS requires explicit remediation channels, process, and accessibility details.",,
ESRS-S3-4,Affected Communities — Actions related to material impacts on affected communities,ESRS,S3,Social,Affected Communities,Qualitative,No,Yes,"ESRS, Other","TNFD alignment: ESRS S3-4 (actions) can be supported by TNFD Prepare-stage action registers where actions address community impacts linked to nature (e.g., water stewardship with local users, land restoration with community co-management, biodiversity offsets with benefit sharing). Use TNFD LEAP outputs to prioritise locations and affected groups; report actions, resources, and effectiveness tracking in ESRS structure.","If TNFD action register includes community engagement and benefit-sharing actions, reuse it for S3-4 and add ESRS-specific detail on remediation of social impacts and resource allocation.",Yes,Yes,Undertakings ≤750 employees may omit all S3 DPs for first 2 years [Appendix C of ESRS 1],Narrative,"Narrative of community investment, remediation actions, grievance resolution outcomes, and shared value initiatives for materially impacted communities",ESRS S3 MDR-A (S3-4),"Impact-specific and place-based. Describe actions per community or region where material impacts exist. Reference grievance mechanism outcomes (complaints received, resolved, pending). Include both short-term remediation and longer-term shared value/community development actions. Reference social impact assessment outcomes where conducted.",Triggered when Affected Communities topic is material and actions exist.,Not Started,,,No,,No,TNFD: Actions may be framed as nature response plans; ESRS requires explicit affected-community action disclosure (social impact management).,,
ESRS-S3-5,Affected Communities — Targets related to managing material negative impacts on affected communities,ESRS,S3,Social,Affected Communities,Both,No,Yes,"ESRS, Other","TNFD alignment: ESRS S3-5 (targets) can reuse TNFD Metrics & Targets discipline where targets relate to community outcomes tied to nature-related actions (e.g., % sites with FPIC process, grievance resolution time, community benefit-sharing commitments linked to biodiversity projects). TNFD provides the governance/methodology for target setting; ESRS requires social-topic target disclosure with baseline, timeline, and progress.",Reuse TNFD target register structure for community-related targets where nature-linked; ensure ESRS-required baseline and progress reporting is present.,Yes,Yes,Years 1–2 for ≤750 employees,Metric + Methodology,"Community impact targets — metric (# FPIC processes completed, community investment as % revenue, grievance resolution rate %), base year, target year, site-level applicability",ESRS S3 MDR-T (S3-5),Precise and site-specific. State targets with specific metrics. Include FPIC process completion targets for indigenous community operations. Reference community investment methodology. Pair with current-year progress.,Triggered when Affected Communities topic is material and targets exist; disclose absence where required.,Not Started,,,No,,No,"TNFD: Targets may be captured under governance/engagement; ESRS requires MDR-T-like structure for social targets (baseline, milestones, progress, gap disclosure).",,
ESRS-S3-CSR-1,Affected Communities — Community investment / CSR spend and outcomes (entity-specific),ESRS,S3,Social,Affected Communities,Both,No,Yes,"ESRS, Other","TNFD alignment: ESRS S3 CSR-1 (community investment spend/outcomes) is entity-specific, but can be aligned with TNFD Prepare actions where community investment is part of nature-related mitigation/benefit-sharing (e.g., watershed projects, restoration co-benefits, IPLC benefit-sharing). Use TNFD LEAP priority locations to justify where community investment is focused and how outcomes are measured.","Do not create separate TNFD ‘CSR spend’ reporting. If community investment is a TNFD response action (benefit sharing, restoration partnership), reference the same programme register for CSR-1 outcomes tracking.",Yes,No,,Mixed,₹ — spend totals and allocation; count — beneficiaries; mixed — outcome KPIs,Entity-specific S3 support datapoint (use when affected communities topic is material),,Entity-specific: disclose if the undertaking uses community investment/CSR as a response to material impacts on affected communities.,,,,No,,No,TNFD: investment framed as response/benefit-sharing in priority landscapes; ESRS CSR-1 requires spend + outcomes reporting (entity-specific definition).,"ESRS: ₹, counts; program-specific outcome metrics (varies)
GRI: currency + program breakdown; sometimes % of profit; narrative definitions
BRSR: ₹ and prescribed table formats",
ESRS-S4-1,Consumers & End-users — Policies related to consumers and end-users,ESRS,S4,Social,Consumers & End-users,Qualitative,No,Yes,"ESRS, Other","TNFD alignment: ESRS S4-1 (policies for consumers/end-users) is not TNFD-native, but TNFD can contribute where nature-related product impacts or nature-related claims create consumer harm risk (e.g., toxicity, water impacts, misleading ‘nature-positive’ marketing). Use TNFD risk/opportunity register to identify these product impact pathways and ensure consumer protection policies include nature-related claim integrity and environmental safety commitments.",No TNFD-specific consumer policy dataset needed. Reference TNFD only where nature-related impact pathways or claims are material; otherwise treat S4-1 as standard consumer policy disclosure.,Yes,Yes,"Undertakings ≤750 employees may omit all S4 DPs for first 2 years [Appendix C of ESRS 1, Column K]",Policy Statement,"Policy descriptions covering product safety, responsible marketing, data privacy, consumer grievance mechanisms, and vulnerable consumer protection",ESRS S4 MDR-P (S4-1),"Policy language aligned with EU consumer protection regulation (GDPR, Consumer Rights Directive, Product Safety Regulation). Name specific policies (product safety policy, responsible marketing policy, data privacy policy). State scope, governance ownership, and any relevant certifications (ISO 27001, CE marking processes).",Triggered when Consumers & End-users topic is material and policies exist; disclose absence where required.,Not Started,,,No,,No,TNFD: adds nature-claims integrity lens; ESRS requires consumer/end-user policy disclosure.,,
ESRS-S4-2,Consumers & End-users — Processes for engaging with consumers and end-users about impacts,ESRS,S4,Social,Consumers & End-users,Qualitative,No,Yes,"ESRS, Other","TNFD alignment: ESRS S4-2 (engagement with consumers/end-users) can reuse TNFD stakeholder engagement discipline only indirectly: where nature-related product impacts or claims are material, consumer research and feedback loops (complaints analysis, surveys, product safety feedback) should be used as ‘stakeholder input’ into LEAP Prepare decisions. TNFD provides the engagement logic; ESRS requires consumer-specific engagement disclosure.",No TNFD-specific dataset required. Reuse product safety/customer support engagement metrics; reference TNFD only when consumer feedback directly influenced nature-related risk/opportunity management.,Yes,Yes,Years 1–2 for ≤750 employees,Narrative,"Narrative — consumer engagement and feedback methods (surveys, product testing panels, complaint channels, social listening, user research with persons with disabilities); how feedback informs product/service decisions",ESRS S4 par. 18–22 (S4-2),"Consumer-centric and process-oriented. Describe formal and informal consumer engagement channels. Reference post-purchase feedback, product safety consultation, and accessibility testing. State how consumer feedback is escalated to product development and governance decisions.",Triggered when Consumers & End-users topic is material.,Not Started,,,No,,No,TNFD: engagement discipline; ESRS requires consumer engagement process disclosure.,,
ESRS-S4-3,Consumers & End-users — Processes to remediate negative impacts and channels to raise concerns,ESRS,S4,Social,Consumers & End-users,Qualitative,No,Yes,"ESRS, Other","TNFD alignment: ESRS S4-3 (remediation and channels) can reuse TNFD due diligence approach for stakeholder grievance and remediation where consumer/end-user impacts arise from nature-related product externalities (e.g., water quality impacts, product toxicity, nature-related claims). TNFD provides process discipline; ESRS requires consumer/end-user specific accessibility and response measures.",Use one grievance/remediation architecture across stakeholder types. TNFD contributes UNGP-aligned design principles; ESRS S4-3 requires consumer-specific channels and metrics.,Yes,Yes,Years 1–2 for ≤750 employees,Narrative,"Narrative — consumer complaint and grievance mechanism design; product recall processes; data breach notification; redress mechanisms; complaints received, investigated, and resolved",ESRS S4 par. 23–27 (S4-3),"Process-oriented and regulatory-aligned. Describe consumer complaint mechanism (accessibility, response time, resolution process). Reference EU Consumer Rights Directive and ADR requirements. State average resolution time. Include product recall escalation and data breach notification mechanism.",Triggered when Consumers & End-users topic is material.,Not Started,,,No,,No,TNFD: Due diligence engagement; ESRS requires explicit consumer/end-user channels and remediation outcomes disclosure.,,
ESRS-S4-4,Consumers & End-users — Actions related to material impacts on consumers and end-users,ESRS,S4,Social,Consumers & End-users,Qualitative,No,Yes,"ESRS, Other","TNFD alignment: ESRS S4-4 (actions) can intersect with TNFD where actions address consumer/end-user impacts linked to nature (e.g., product reformulation to reduce toxicity, packaging redesign to reduce marine litter, improved product stewardship in sensitive markets). Use TNFD LEAP outputs to prioritise where product externalities create nature and consumer impacts; disclose action plans and resources in ESRS format.",Maintain one product stewardship action register. TNFD provides prioritised nature-impact hotspots; ESRS provides consumer impact action disclosure structure.,Yes,Yes,Undertakings ≤750 employees may omit all S4 DPs for first 2 years [Appendix C of ESRS 1],Narrative,"Narrative of product safety actions, recall events, misleading marketing remediation, data breach responses, and grievance resolution outcomes for consumers",ESRS S4 MDR-A (S4-4),"Action-specific and consumer-rights grounded. Describe concrete actions taken for each identified material impact category (safety, privacy, marketing). Reference product recall events and corrective actions. Include consumer complaint volume and resolution rate. Reference any regulatory enforcement actions and company response. Use neutral, factual language — avoid minimizing tone.",Triggered when Consumers & End-users topic is material and actions exist.,Not Started,,,No,,No,TNFD: actions framed as nature-risk response; ESRS requires consumer impact remediation actions.,,
ESRS-S4-5,Consumers & End-users — Targets related to managing material negative impacts on consumers and end-users,ESRS,S4,Social,Consumers & End-users,Both,No,Yes,"ESRS, Other","TNFD alignment: ESRS S4-5 (targets) can reuse TNFD metrics/targets discipline where targets relate to consumer outcomes linked to nature-related product impacts (e.g., reduction in hazardous substances, complaint resolution SLAs for environmental harm claims, packaging recovery targets impacting marine litter). TNFD provides prioritisation and governance; ESRS requires baseline, timeline, and progress disclosure.",Reuse TNFD target register structure where nature-linked; ensure ESRS-required progress reporting is explicit for consumer outcomes.,Yes,Yes,Years 1–2 for ≤750 employees,Metric + Methodology,"Consumer impact targets — metric (complaint resolution rate %, product safety improvement rate %, data breach reduction, accessibility score improvement), base year, target year, governance accountability",ESRS S4 MDR-T (S4-5),"Precise and consumer-rights-aligned. State targets with specific metrics. Include product safety, complaint resolution, and data privacy improvement targets. Reference EU product liability and consumer rights framework alignment where applicable.",Triggered when Consumers & End-users topic is material and targets exist; disclose absence where required.,Not Started,,,No,,No,TNFD: targets may be framed as product impact KPIs; ESRS requires consumer-impact target framing and disclosure.,,
GRI-2-7,GRI 2-7 — Employees,GRI,General,Social,Own Workforce,Quantitative,No,No,ESRS,ESRS S1-6 (Characteristics of the undertaking's employees) — near-identical in metric definition and breakdown structure. GRI 2-7 data collection directly satisfies ESRS S1-6. Collect once; reformat heading labels per framework output.,Reverse crossmap to ESRS-S1-6. GRI 2-7 and ESRS S1-6 are functionally equivalent. Headcount data collected for GRI 2-7 satisfies S1-6 with minimal reformatting.,No,No,,Tabular Data,"Headcount — total employees by gender, employment type (permanent/temporary), full-time/part-time, region; year-end and average figures",GRI 2-7 (2021),Quantitative and demographically precise. Report headcount (not FTE unless additionally requested). Gender split mandatory. Include regional disaggregation for multinationals. State whether data covers all subsidiaries. Report both year-end and average headcount.,Required for all GRI reporters under GRI 2 (Universal Standards). Not contingent on materiality — foundational organisational data.,Not Started,,,No,,No,,,
GRI-205-3,GRI 205-3 — Confirmed incidents of corruption and actions taken,GRI,General,Governance,Business Conduct,Both,No,Yes,ESRS,"ESRS G1-4 (Confirmed incidents of corruption or bribery) — near-identical in metric definition, reporting structure, and outcome categorisation. GRI 205-3 data directly satisfies ESRS G1-4. Collect once; report to both with identical narrative framing.",Strongest 1:1 reverse crossmap in G1. GRI 205-3 and ESRS G1-4 are functionally equivalent. Anti-corruption incident register collected for GRI 205-3 satisfies G1-4 with no additional data collection.,No,No,,Metric + Methodology,"Number of confirmed corruption incidents; by type; actions taken (dismissal, prosecution, contract termination); legal cases filed",GRI 205-3 (2016),Factual and legally neutral. Report confirmed incidents only (not allegations). State actions taken per incident. Distinguish employee vs. third-party incidents. Use neutral legal language — avoid admissions of liability.,Triggered when anti-corruption is material under GRI 3-3. Required for all companies disclosing GRI 205.,Not Started,,,No,,No,,,
GRI-303-3,GRI 303-3 — Water withdrawal,GRI,General,Environmental,Water & Marine,Quantitative,No,Yes,"CDP, ESRS",ESRS E3-4 (Water consumption — withdrawal component). CDP Water C8 (water withdrawal). GRI 303-3 withdrawal data is the primary input for ESRS E3-4 and CDP C8. Collect once; ESRS adds the consumption (withdrawal minus discharge) calculation on top.,Reverse crossmap to ESRS-E3-4. GRI 303-3 water withdrawal data is the upstream input that feeds ESRS E3-4 withdrawal and CDP Water C8. Water-stressed area disaggregation satisfies ESRS and improves CDP scoring simultaneously.,No,No,,Tabular Data,"Megalitres — total water withdrawal by source (surface water, groundwater, seawater, produced water, third-party water); water-stressed area disaggregation",GRI 303-3 (2018),"Quantitative and source-specific. Report by water source. Disaggregate for water-stressed areas using a recognised stress tool (WRI Aqueduct, etc.). State methodology. Include third-party/municipal water separately.",Triggered when water is material under GRI 3-3. Core quantitative water metric for any GRI-aligned reporter in water-intensive sectors.,Not Started,,,No,,No,,,
GRI-305-1,GRI 305-1 — Direct (Scope 1) GHG emissions,GRI,General,Environmental,Climate Change,Quantitative,No,Yes,"CDP, ESRS, IFRS S2, TCFD",ESRS E1-6 (Scope 1 GHG emissions) — near-identical metric. TCFD Metrics & Targets (Scope 1). IFRS S2 para. 29 (Scope 1). CDP C6.1. GRI 305-1 data satisfies all four frameworks' Scope 1 requirement. Collect once to GHG Protocol standard; reformat boundary and unit presentation per framework.,"GRI 305-1 is the reverse-crossmap anchor for ESRS-E1-6. Single Scope 1 data collection satisfies GRI 305-1, ESRS E1-6, TCFD, IFRS S2, and CDP C6. No duplication needed.",No,No,,Metric + Methodology,"tCO2e — gross direct Scope 1 GHG emissions; by gas (CO2, CH4, N2O, HFCs, PFCs, SF6, NF3); consolidation approach; base year",GRI 305-1 (2016),"Quantitative and methodologically explicit. State consolidation approach (operational control, financial control, equity share). Report by gas where feasible. Reference GHG Protocol Corporate Standard. Include biogenic CO2 separately if applicable.",Triggered when climate/GHG emissions is identified as a material topic under GRI 3-3. Standard GHG data collection requirement for any GRI-aligned reporter.,Not Started,,,No,,No,,,
GRI-305-2,GRI 305-2 — Energy indirect (Scope 2) GHG emissions,GRI,General,Environmental,Climate Change,Quantitative,No,Yes,"CDP, ESRS, IFRS S2, TCFD",ESRS E1-6 (Scope 2 GHG emissions). TCFD Metrics & Targets. IFRS S2 para. 29. CDP C6.3. GRI 305-2 dual-reporting (location + market) satisfies all frameworks. ESRS E1-6 requires both methods; GRI 305-2 is directly equivalent.,"Reverse crossmap to ESRS-E1-6. Scope 2 collected once (both methods) covers GRI 305-2, ESRS E1-6, TCFD, IFRS S2, and CDP C6. Key: ensure market-based figure uses correct contractual instrument data.",No,No,,Metric + Methodology,tCO2e — location-based AND market-based Scope 2 emissions; consolidation approach; emission factors used,GRI 305-2 (2016),"Quantitative. Report both location-based and market-based figures (dual reporting). State emission factors used per grid/supplier. Reference GHG Protocol Scope 2 Guidance. Include contractual instruments (RECs, PPAs) in market-based calculation.",Triggered when climate/GHG emissions is material. GRI 305-2 requires both location-based and market-based Scope 2 figures.,Not Started,,,No,,No,,,
GRI-305-3,GRI 305-3 — Other indirect (Scope 3) GHG emissions,GRI,General,Environmental,Climate Change,Quantitative,No,Yes,"CDP, ESRS, IFRS S2, TCFD",ESRS E1-6 (Scope 3 GHG emissions — all categories). TCFD Metrics & Targets (Scope 3 where relevant). IFRS S2 para. 29 (Scope 3). CDP C6.5/C6.10. GRI 305-3 by-category structure directly maps to ESRS E1-6 Scope 3 requirements. Collect once; both frameworks use GHG Protocol category structure.,"Reverse crossmap to ESRS-E1-6 Scope 3 component. GRI 305-3 and ESRS E1-6 Scope 3 are functionally identical — same GHG Protocol categories, same estimation logic. One Scope 3 inventory covers all.",No,No,,Metric + Methodology,tCO2e — Scope 3 emissions by category (GHG Protocol categories 1–15); data quality and estimation methodology per category,GRI 305-3 (2016),"Quantitative with transparency on estimation. Report by GHG Protocol Scope 3 category. State data quality (measured, calculated, estimated) per category. Identify significant categories. Reference SBTI sectoral pathways where applicable.",Triggered when Scope 3/value chain emissions is material. GRI 305-3 requires disclosure of all significant Scope 3 categories with methodology.,Not Started,,,No,,No,,,
GRI-306-3,GRI 306-3 — Waste generated,GRI,General,Environmental,Resource Use & Circular Economy,Quantitative,No,Yes,ESRS,ESRS E5-5 (Resource outflows including waste — total waste generated component). GRI 306-3 is the upstream data input for the waste generation element of ESRS E5-5. GRI 306-4 (diverted from disposal) and 306-5 (directed to disposal) cover the disposal route breakdown also required by E5-5.,Reverse crossmap to ESRS-E5-5. GRI 306-3/4/5 series and ESRS E5-5 are functionally equivalent. Waste data collected for GRI 306 series directly satisfies E5-5 with the same hazardous/non-hazardous and disposal method structure.,No,No,,Tabular Data,Tonnes — total waste generated by hazardous/non-hazardous split and composition (by type where feasible); per unit output intensity optional,GRI 306-3 (2020),"Quantitative. Report total waste by hazardous/non-hazardous classification. Include composition breakdown where available (e.g. plastic, organic, electronic). Reference Basel Convention for hazardous waste definition. State whether data covers all operations or excludes any.",Triggered when waste is material under GRI 3-3. Core waste generation metric for any GRI-aligned reporter.,Not Started,,,No,,No,,,
GRI-405-1,GRI 405-1 — Diversity of governance bodies and employees,GRI,General,Social,Own Workforce,Quantitative,No,Yes,ESRS,"ESRS S1-9 (Diversity metrics — gender, age group). GRI 405-1 data collection is near-identical to ESRS S1-9. Collect once to GRI 405-1 standard; the board-level diversity data also feeds ESRS 2 GOV-1 governance composition element.",Reverse crossmap to ESRS-S1-9. GRI 405-1 and ESRS S1-9 are functionally equivalent for gender and age diversity. One data collection covers both. ESRS S1-9 may request broader dimensions in future iterations.,No,No,,Tabular Data,"% and headcount — gender and age group breakdown by governance body and employee category; other diversity dimensions (minority group, etc.) where tracked",GRI 405-1 (2016),"Quantitative and demographically precise. Report by governance body level and employee category. Gender as % and headcount. Age groups: <30, 30-50, >50. Include other diversity dimensions tracked. State whether board includes independent/non-executive disaggregation.",Triggered when diversity/equal opportunity is material under GRI 3-3. Core diversity metric for GRI-aligned reporters.,Not Started,,,No,,No,,,